num_acc;lum;agg;inter;atm;col;dep;date
2015001163;2;1;1;1;6;290;24/12/2015
2015001164;3;1;1;1;7;290;05/04/2015
2015001165;1;2;6;1;6;290;22/01/2015
2015001166;1;1;1;4;7;290;31/01/2015
2015001167;3;1;1;4;7;290;03/02/2015
2015001168;1;1;1;1;1;290;06/05/2015
2015001169;1;1;1;1;1;290;12/05/2015
2015001170;3;1;1;5;6;290;23/05/2015
2015001171;1;1;1;1;7;290;05/07/2015
2015001172;1;1;1;2;4;290;27/07/2015
2015001173;1;1;1;1;7;290;24/09/2015
2015001174;1;1;1;2;3;290;22/02/2015
2015001175;1;1;2;1;3;290;29/10/2015
2015001176;1;1;2;2;3;290;21/01/2015
2015001177;1;2;1;1;3;290;17/03/2015
2015001178;1;1;1;1;1;290;10/05/2015
2015001179;1;1;2;1;3;290;11/05/2015
2015001180;1;1;1;1;7;290;14/06/2015
2015001181;1;2;1;7;6;290;16/06/2015
2015001182;1;2;6;1;2;290;29/06/2015
2015001183;1;2;1;1;1;290;30/07/2015
2015001184;3;2;1;2;6;290;07/08/2015
2015001185;1;2;1;1;1;290;28/08/2015
2015001186;3;1;1;5;6;290;03/10/2015
2015001187;1;1;1;1;6;290;17/10/2015
2015001188;1;1;1;1;4;290;22/10/2015
2015001189;1;2;1;1;1;290;31/10/2015
2015001190;3;1;1;2;6;290;27/11/2015
2015001191;2;1;1;1;1;290;17/12/2015
2015001192;1;2;1;1;1;560;05/03/2015
2015001193;1;2;1;1;2;560;07/05/2015
2015001194;4;1;1;1;6;560;20/06/2015
2015001195;1;1;1;1;4;560;26/06/2015
2015001196;1;1;1;1;1;560;13/07/2015
2015001197;2;1;1;3;7;560;13/09/2015
2015001198;1;2;1;1;5;560;13/10/2015
2015001199;3;1;1;2;6;560;21/02/2015
2015001200;1;2;1;1;1;560;09/04/2015
2015001201;1;1;1;1;3;560;21/04/2015
2015001202;1;2;1;1;3;560;05/06/2015
2015001203;1;2;3;2;3;560;26/08/2015
2015001204;3;1;1;1;1;560;26/09/2015
2015001205;1;1;1;2;1;560;24/11/2015
2015001206;1;2;1;9;6;560;12/12/2015
2015001207;3;1;1;8;1;560;18/12/2015
2015001208;1;1;1;1;3;560;27/09/2015
2015001209;1;1;3;1;3;560;11/12/2015
2015001210;3;1;1;1;6;560;14/03/2015
2015001211;3;1;1;1;7;560;04/04/2015
2015001212;1;1;6;1;3;560;11/04/2015
2015001213;1;1;1;9;6;560;01/05/2015
2015001214;1;1;1;1;1;560;03/06/2015
2015001215;2;1;1;1;3;560;10/06/2015
2015001216;1;1;1;1;7;560;08/09/2015
2015001217;1;2;1;1;1;560;18/10/2015
2015001218;1;1;1;8;1;560;03/11/2015
2015001219;3;1;1;5;6;560;08/11/2015
2015001220;3;1;1;2;1;560;13/11/2015
2015001221;1;2;7;1;6;560;13/11/2015
2015001222;3;1;1;8;6;560;20/11/2015
2015001223;1;1;1;1;7;560;04/01/2015
2015001224;2;2;1;2;6;560;20/01/2015
2015001225;1;1;6;1;3;560;09/02/2015
2015001226;1;1;1;1;2;560;19/04/2015
2015001227;1;1;1;1;1;560;20/05/2015
2015001228;1;1;1;1;1;560;03/06/2015
2015001229;1;2;1;1;6;560;16/06/2015
2015001230;1;1;6;1;3;560;06/08/2015
2015001231;1;1;1;3;7;560;25/08/2015
2015001232;3;2;1;1;6;560;02/10/2015
2015001233;1;1;1;1;3;560;07/10/2015
2015001234;3;2;1;1;1;560;20/10/2015
2015001235;1;1;1;1;2;560;10/11/2015
2015001236;3;1;1;8;2;560;18/12/2015
2015001237;1;2;1;7;3;560;29/12/2015
2015001238;1;2;1;1;6;560;17/05/2015
2015001239;3;1;1;1;7;560;06/06/2015
2015001240;3;1;1;3;6;560;21/12/2015
2015001241;3;2;1;1;3;560;15/08/2015
2015001242;1;2;1;1;3;560;14/05/2015
2015001243;1;1;1;1;6;560;25/05/2015
2015001244;1;2;1;1;1;560;17/06/2015
2015001245;5;2;6;1;6;560;07/09/2015
2015001246;2;1;6;2;2;560;29/01/2015
2015001247;3;2;1;1;6;560;29/03/2015
2015001248;1;2;6;1;1;560;27/04/2015
2015001249;1;1;1;1;6;560;07/05/2015
2015001250;3;1;1;9;6;560;20/05/2015
2015001251;1;1;1;1;7;560;23/06/2015
2015001252;1;1;6;2;3;560;07/07/2015
2015001253;1;1;1;1;2;560;07/08/2015
2015001254;1;2;1;8;6;560;14/08/2015
2015001255;1;1;1;1;1;560;29/08/2015
2015001256;1;1;9;1;2;560;06/09/2015
2015001257;3;1;1;1;1;560;17/10/2015
2015001258;1;1;1;1;7;560;30/10/2015
2015001259;3;1;1;2;6;560;29/12/2015
2015001260;3;1;1;7;6;560;07/05/2015
2015001261;1;1;2;1;1;560;22/06/2015
2015001262;1;1;1;7;6;560;27/06/2015
2015001263;3;1;1;1;2;560;10/12/2015
2015001264;1;2;1;1;3;560;15/02/2015
2015001265;1;2;1;1;6;560;25/06/2015
2015001266;1;1;2;1;1;560;18/09/2015
2015001267;1;1;1;1;1;560;26/09/2015
2015001268;3;1;1;3;1;560;03/11/2015
2015001269;3;1;1;2;6;560;22/11/2015
2015001270;1;1;1;1;6;560;19/12/2015
2015001271;3;1;1;8;3;560;11/01/2015
2015001272;1;2;1;7;7;560;19/03/2015
2015001273;1;1;3;1;3;560;09/05/2015
2015001274;1;1;1;1;7;560;23/05/2015
2015001275;1;1;1;1;7;560;04/06/2015
2015001276;1;2;1;1;6;560;05/06/2015
2015001277;1;1;1;1;7;560;17/06/2015
2015001278;1;1;1;1;1;560;25/06/2015
2015001279;3;1;9;1;7;560;12/07/2015
2015001280;1;1;1;1;1;560;15/07/2015
2015001281;2;1;1;7;7;560;21/08/2015
2015001282;2;1;1;1;7;560;21/08/2015
2015001283;3;1;1;5;1;560;30/08/2015
2015001284;1;2;1;7;6;560;26/09/2015
2015001285;3;1;1;1;3;560;08/12/2015
2015001286;3;1;1;1;6;560;16/12/2015
2015001287;2;2;1;2;6;560;28/01/2015
2015001288;1;1;1;1;1;560;17/02/2015
2015001289;3;1;1;2;1;560;01/03/2015
2015001290;3;1;1;1;7;560;03/04/2015
2015001291;1;1;1;2;7;560;19/05/2015
2015001292;1;1;2;2;3;560;31/05/2015
2015001293;1;2;3;1;3;560;10/06/2015
2015001294;1;1;1;1;7;560;11/06/2015
2015001295;1;1;1;1;3;560;29/06/2015
2015001296;1;1;1;2;6;560;21/07/2015
2015001297;1;1;1;1;6;560;03/08/2015
2015001298;1;2;1;1;6;560;21/08/2015
2015001299;1;1;1;2;1;560;27/08/2015
2015001300;3;1;1;1;1;560;24/10/2015
2015001301;1;1;1;1;2;560;24/01/2015
2015001302;1;1;1;4;3;560;21/02/2015
2015001303;3;1;1;2;7;560;26/07/2015
2015001304;1;1;1;3;7;560;05/10/2015
2015001305;3;1;2;2;1;560;05/12/2015
2015001306;3;1;1;1;6;140;06/12/2015
2015001307;3;1;1;2;6;140;28/02/2015
2015001308;1;1;1;8;3;140;19/03/2015
2015001309;3;1;1;1;6;140;01/08/2015
2015001310;1;2;1;1;6;140;05/01/2015
2015001311;3;2;1;1;6;140;15/01/2015
2015001312;1;1;1;1;3;140;19/02/2015
2015001313;1;1;2;1;3;140;28/05/2015
2015001314;1;2;3;1;3;140;01/06/2015
2015001315;1;1;1;7;3;140;06/07/2015
2015001316;1;2;2;1;6;140;18/07/2015
2015001317;1;1;1;1;7;140;15/08/2015
2015001318;2;2;1;5;6;140;19/09/2015
2015001319;1;2;1;1;6;140;19/10/2015
2015001320;3;1;1;6;1;140;08/01/2015
2015001321;3;1;1;2;1;140;12/01/2015
2015001322;1;1;1;1;6;140;17/04/2015
2015001323;1;1;1;1;6;140;24/04/2015
2015001324;1;2;1;1;3;140;06/06/2015
2015001325;1;2;2;1;1;140;19/06/2015
2015001326;1;2;1;1;7;140;20/06/2015
2015001327;1;1;2;8;3;140;25/08/2015
2015001328;2;1;1;1;6;140;29/09/2015
2015001329;1;1;1;1;1;140;01/10/2015
2015001330;1;2;2;1;6;140;18/10/2015
2015001331;1;1;2;7;3;140;22/07/2015
2015001332;1;1;1;1;6;140;18/08/2015
2015001333;1;1;1;1;7;140;24/10/2015
2015001334;2;2;3;1;6;140;05/12/2015
2015001335;5;2;1;1;6;140;10/12/2015
2015001336;1;2;2;1;3;140;07/06/2015
2015001337;1;1;1;1;1;140;01/11/2015
2015001338;1;2;3;1;3;140;29/05/2015
2015001339;1;2;2;1;3;140;21/08/2015
2015001340;1;1;1;1;6;140;25/09/2015
2015001341;1;1;1;1;1;140;27/12/2015
2015001342;3;1;1;1;2;140;17/04/2015
2015001343;1;1;1;1;6;140;01/05/2015
2015001344;1;1;1;7;1;140;22/06/2015
2015001345;1;1;1;1;6;140;16/08/2015
2015001346;1;1;4;1;2;140;01/09/2015
2015001347;1;1;1;1;3;140;20/10/2015
2015001348;3;1;1;1;2;140;06/11/2015
2015001349;5;2;1;2;6;140;15/12/2015
2015001350;1;2;1;2;3;140;16/02/2015
2015001351;1;2;1;1;6;140;25/04/2015
2015001352;1;1;1;1;6;140;17/05/2015
2015001353;1;1;2;1;3;140;31/05/2015
2015001354;1;1;1;1;6;140;29/06/2015
2015001355;1;1;1;1;6;140;26/06/2015
2015001356;1;1;1;3;3;140;17/07/2015
2015001357;1;2;1;1;6;140;03/08/2015
2015001358;1;1;1;1;1;140;22/09/2015
2015001359;3;1;1;1;6;140;10/10/2015
2015001360;5;2;1;2;6;140;15/12/2015
2015001361;1;2;7;1;6;140;17/12/2015
2015001362;3;1;1;8;3;140;27/02/2015
2015001363;1;2;1;1;6;140;06/03/2015
2015001364;1;1;2;2;3;140;28/03/2015
2015001365;3;1;1;1;6;140;03/05/2015
2015001366;2;1;1;1;6;140;30/06/2015
2015001367;1;2;3;1;1;140;29/07/2015
2015001368;1;1;2;1;3;140;05/08/2015
2015001369;1;1;1;1;6;140;01/12/2015
2015001370;5;2;1;2;6;140;12/12/2015
2015001371;1;2;2;1;3;140;06/02/2015
2015001372;1;1;1;1;7;140;01/04/2015
2015001373;1;1;1;1;7;140;26/06/2015
2015001374;1;1;1;8;3;140;16/10/2015
2015001375;2;2;9;1;5;140;30/10/2015
2015001376;1;2;1;1;6;140;13/10/2015
2015001377;3;1;1;1;6;140;06/12/2015
2015001378;1;1;1;1;5;140;21/02/2015
2015001379;2;2;1;1;6;140;11/12/2015
2015001380;2;2;1;1;6;140;05/01/2015
2015001381;3;1;1;1;6;140;18/01/2015
2015001382;5;2;1;1;6;140;28/01/2015
2015001383;5;2;2;4;3;140;21/02/2015
2015001384;2;2;1;1;1;140;12/03/2015
2015001385;1;1;1;1;6;140;18/04/2015
2015001386;2;1;1;1;7;140;15/05/2015
2015001387;1;1;1;1;6;140;07/06/2015
2015001388;1;1;1;3;6;140;13/08/2015
2015001389;1;1;3;1;3;140;13/08/2015
2015001390;3;1;1;1;7;140;09/09/2015
2015001391;3;1;1;1;6;140;11/09/2015
2015001392;3;1;1;1;7;140;24/12/2015
2015001393;1;1;9;2;3;140;24/11/2015
2015001394;1;1;2;8;6;140;10/12/2015
2015001395;1;1;1;1;1;140;18/03/2015
2015001396;2;1;1;4;1;140;25/03/2015
2015001397;1;2;1;1;3;140;10/04/2015
2015001398;1;1;1;1;6;140;30/05/2015
2015001399;1;2;2;1;3;140;04/07/2015
2015001400;3;1;1;1;6;140;17/07/2015
2015001401;3;1;1;1;1;140;26/07/2015
2015001402;1;1;1;1;1;140;26/07/2015
2015001403;1;2;1;1;1;140;06/08/2015
2015001404;3;1;3;8;1;140;03/12/2015
2015001405;1;2;8;1;6;140;24/06/2015
2015001406;1;2;1;1;1;140;04/07/2015
2015001407;1;1;2;1;1;140;16/07/2015
2015001408;1;1;3;1;3;140;29/07/2015
2015001409;1;1;2;1;3;140;23/08/2015
2015001410;2;2;1;2;3;140;12/09/2015
2015001411;2;1;1;1;1;140;30/09/2015
2015001412;1;1;3;8;3;140;06/10/2015
2015001413;5;2;9;1;3;140;30/10/2015
2015001414;1;1;1;1;5;140;13/11/2015
2015001415;1;1;1;1;1;140;22/05/2015
2015001416;1;1;1;9;6;140;05/02/2015
2015001417;3;1;1;5;6;140;12/03/2015
2015001418;1;1;1;7;3;140;14/04/2015
2015001419;1;1;1;1;6;140;24/06/2015
2015001420;1;2;1;2;1;140;26/08/2015
2015001421;3;1;1;1;6;140;05/09/2015
2015001422;5;2;2;2;3;140;25/11/2015
2015001423;3;1;1;1;6;140;11/12/2015
2015001424;1;1;3;1;2;140;23/04/2015
2015001425;1;1;2;1;3;140;09/05/2015
2015001426;1;1;1;1;3;140;10/05/2015
2015001427;1;1;1;1;3;140;10/07/2015
2015001428;1;1;1;2;3;140;31/08/2015
2015001429;1;1;1;8;5;140;21/09/2015
2015001430;1;1;3;1;3;140;27/05/2015
2015001431;1;2;3;7;6;140;05/03/2015
2015001432;2;1;1;1;4;140;07/09/2015
2015001433;1;2;9;1;6;140;13/10/2015
2015001434;1;1;1;1;3;140;27/06/2015
2015001435;3;1;1;1;6;500;27/07/2015
2015001436;1;1;2;1;3;500;03/10/2015
2015001437;1;1;1;1;3;500;01/11/2015
2015001438;1;2;1;1;6;500;28/12/2015
2015001439;1;1;1;1;3;500;17/06/2015
2015001440;1;1;1;1;6;500;18/08/2015
2015001441;3;1;2;3;3;500;25/11/2015
2015001442;1;2;1;8;6;500;11/01/2015
2015001443;3;1;1;1;6;500;04/02/2015
2015001444;3;2;3;5;6;500;04/04/2015
2015001445;1;2;1;1;6;500;13/04/2015
2015001446;1;1;2;1;2;500;23/05/2015
2015001447;1;1;1;1;3;500;09/06/2015
2015001448;1;1;1;1;1;500;03/07/2015
2015001449;1;2;9;1;3;500;18/08/2015
2015001450;1;1;1;1;4;940;18/05/2015
2015001451;1;2;1;1;2;940;25/06/2015
2015001452;1;2;1;1;4;940;01/07/2015
2015001453;1;2;1;1;4;940;03/07/2015
2015001454;1;1;1;1;6;940;06/07/2015
2015001455;1;1;2;1;3;500;16/02/2015
2015001456;1;2;1;1;2;940;09/07/2015
2015001457;4;2;1;1;2;940;11/07/2015
2015001458;5;1;1;1;2;940;19/07/2015
2015001459;1;2;1;1;6;940;31/07/2015
2015001460;5;1;1;3;7;940;27/08/2015
2015001461;1;1;1;1;3;940;29/08/2015
2015001462;1;1;1;2;5;940;12/09/2015
2015001463;1;1;1;1;4;940;15/09/2015
2015001464;1;2;2;1;1;940;17/09/2015
2015001465;1;2;1;2;3;940;22/10/2015
2015001466;2;1;1;7;6;500;10/04/2015
2015001467;1;2;1;1;1;500;24/06/2015
2015001468;1;1;2;1;3;500;28/09/2015
2015001469;5;2;1;8;4;940;05/11/2015
2015001470;2;2;1;1;6;940;26/12/2015
2015001471;5;2;1;1;6;940;14/12/2015
2015001472;1;2;3;1;3;500;11/09/2015
2015001473;1;1;1;1;6;500;09/10/2015
2015001474;3;1;1;2;6;500;29/10/2015
2015001475;3;2;1;1;6;500;17/11/2015
2015001476;1;2;1;1;7;500;19/11/2015
2015001477;3;1;1;8;6;500;18/12/2015
2015001478;1;1;9;1;6;500;17/01/2015
2015001479;1;1;3;1;2;500;06/03/2015
2015001480;2;1;6;1;6;500;05/04/2015
2015001481;1;1;1;1;6;500;21/04/2015
2015001482;1;1;1;8;3;500;03/05/2015
2015001483;1;1;6;1;3;500;27/06/2015
2015001484;1;1;1;1;1;500;10/07/2015
2015001485;1;2;1;1;6;500;04/08/2015
2015001486;1;1;1;2;1;500;27/08/2015
2015001487;2;1;1;1;3;500;02/09/2015
2015001488;3;1;1;1;6;500;12/09/2015
2015001489;3;1;1;1;7;500;20/09/2015
2015001490;2;1;1;8;5;500;10/11/2015
2015001491;1;1;2;1;3;500;28/11/2015
2015001492;3;1;1;3;6;500;28/02/2015
2015001493;1;1;1;1;1;500;19/03/2015
2015001494;1;1;2;1;6;500;29/05/2015
2015001495;5;2;1;8;2;500;12/08/2015
2015001496;1;1;1;1;1;500;23/01/2015
2015001497;2;1;1;2;1;500;10/04/2015
2015001498;1;1;3;1;2;500;10/06/2015
2015001499;1;1;3;1;3;500;01/08/2015
2015001500;1;2;1;1;6;500;15/08/2015
2015001501;1;1;1;2;1;500;25/08/2015
2015001502;1;1;2;7;3;500;28/09/2015
2015001503;1;2;2;3;3;500;24/12/2015
2015001504;1;1;1;7;5;500;11/01/2015
2015001505;1;1;2;2;3;500;05/05/2015
2015001506;1;2;1;1;1;500;30/06/2015
2015001507;1;2;1;1;3;500;11/02/2015
2015001508;1;1;1;2;3;500;20/07/2015
2015001509;1;2;1;3;6;500;24/07/2015
2015001510;1;2;1;1;6;500;04/08/2015
2015001511;1;2;3;1;1;500;25/10/2015
2015001512;1;2;1;6;6;500;30/11/2015
2015001513;1;2;7;1;6;500;18/05/2015
2015001514;1;1;1;1;6;500;29/06/2015
2015001515;1;1;1;8;6;500;14/01/2015
2015001516;3;1;1;8;7;500;28/02/2015
2015001517;1;1;1;1;3;500;20/05/2015
2015001518;1;2;1;2;6;500;02/06/2015
2015001519;1;1;1;1;5;500;17/09/2015
2015001520;1;1;1;1;6;500;10/11/2015
2015001521;1;1;1;1;1;500;12/12/2015
2015001522;3;1;1;6;2;500;22/12/2015
2015001523;1;1;1;4;6;500;30/01/2015
2015001524;1;1;1;2;6;500;01/02/2015
2015001525;3;1;1;1;7;500;20/06/2015
2015001526;3;1;1;1;7;500;07/08/2015
2015001527;3;1;1;1;6;500;08/11/2015
2015001528;5;2;3;1;1;500;12/11/2015
2015001529;3;2;4;1;6;500;13/12/2015
2015001530;1;1;2;1;3;500;03/02/2015
2015001531;1;1;1;1;3;500;09/05/2015
2015001532;1;1;3;1;3;500;13/05/2015
2015001533;1;2;1;1;1;500;16/05/2015
2015001534;3;1;1;1;6;500;16/07/2015
2015001535;1;1;1;2;6;500;06/08/2015
2015001536;1;1;1;7;6;500;01/09/2015
2015001537;1;1;2;1;3;500;16/09/2015
2015001538;1;1;1;1;5;500;04/10/2015
2015001539;1;2;2;2;3;500;16/10/2015
2015001540;3;1;1;1;6;500;22/11/2015
2015001541;5;1;1;1;6;500;26/11/2015
2015001542;1;1;9;1;1;500;03/12/2015
2015001543;1;1;1;1;5;500;09/12/2015
2015001544;1;1;2;1;3;500;12/04/2015
2015001545;5;2;6;3;6;500;24/01/2015
2015001546;2;1;3;1;6;500;27/02/2015
2015001547;1;1;1;1;7;500;19/04/2015
2015001548;1;1;2;1;3;500;23/04/2015
2015001549;1;2;2;1;3;500;09/05/2015
2015001550;1;1;1;1;6;500;04/07/2015
2015001551;1;1;1;1;6;500;04/07/2015
2015001552;2;1;1;1;6;500;10/07/2015
2015001553;2;1;1;1;6;500;14/10/2015
2015001554;2;2;1;1;3;500;20/11/2015
2015001555;1;2;2;2;3;500;26/01/2015
2015001556;1;1;1;1;6;500;06/02/2015
2015001557;5;2;1;1;6;500;03/02/2015
2015001558;1;1;1;7;6;500;06/04/2015
2015001559;1;1;1;1;6;500;18/05/2015
2015001560;1;1;1;1;6;500;02/08/2015
2015001561;1;1;1;1;4;500;02/02/2015
2015001562;3;1;2;1;3;500;24/02/2015
2015001563;5;2;1;1;6;10;11/01/2015
2015001564;1;1;1;1;1;10;14/01/2015
2015001565;1;2;7;2;6;10;25/03/2015
2015001566;1;2;1;1;6;10;17/01/2015
2015001567;1;2;3;2;1;10;04/04/2015
2015001568;2;2;3;2;6;10;19/01/2015
2015001569;2;2;1;1;3;10;07/04/2015
2015001570;5;2;1;2;6;10;19/01/2015
2015001571;1;2;2;7;6;10;09/04/2015
2015001572;5;2;1;2;6;10;21/01/2015
2015001573;1;2;1;1;6;10;10/04/2015
2015001574;1;2;1;2;6;10;26/01/2015
2015001575;1;2;6;1;3;10;10/04/2015
2015001576;1;2;6;2;3;10;31/01/2015
2015001577;1;2;1;1;6;10;14/04/2015
2015001578;2;2;2;5;6;10;03/02/2015
2015001579;1;2;1;1;3;10;15/04/2015
2015001580;2;1;9;8;6;10;03/02/2015
2015001581;1;2;1;1;6;10;17/04/2015
2015001582;5;2;3;1;6;10;04/02/2015
2015001583;1;2;1;1;7;10;18/04/2015
2015001584;1;2;1;1;1;10;12/02/2015
2015001585;1;1;2;1;3;10;21/04/2015
2015001586;1;2;6;1;3;10;21/04/2015
2015001587;1;1;1;5;1;10;16/02/2015
2015001588;5;2;9;1;6;10;20/02/2015
2015001589;1;2;9;1;6;10;28/04/2015
2015001590;1;2;3;1;1;10;28/04/2015
2015001591;1;1;1;1;4;10;25/02/2015
2015001592;2;2;4;1;3;10;02/03/2015
2015001593;1;2;2;1;3;10;05/05/2015
2015001594;1;2;2;1;3;10;03/03/2015
2015001595;5;2;2;1;3;10;11/05/2015
2015001596;1;2;2;1;3;10;09/03/2015
2015001597;1;2;2;1;6;10;26/05/2015
2015001598;1;2;1;1;5;10;10/03/2015
2015001599;1;2;2;1;3;10;29/05/2015
2015001600;1;1;2;1;3;10;17/03/2015
2015001601;1;2;1;1;2;10;02/06/2015
2015001602;1;1;1;2;1;610;26/01/2015
2015001603;1;2;1;1;6;10;03/06/2015
2015001604;1;2;3;1;6;10;08/06/2015
2015001605;1;2;1;1;2;10;13/06/2015
2015001606;1;2;2;1;3;10;24/06/2015
2015001607;1;1;1;1;5;10;26/06/2015
2015001608;1;1;2;1;3;10;26/06/2015
2015001609;1;2;6;7;3;10;01/07/2015
2015001610;1;1;3;1;3;10;02/07/2015
2015001611;1;2;1;1;6;10;06/07/2015
2015001612;1;2;1;1;1;10;09/07/2015
2015001613;1;2;6;1;6;10;18/07/2015
2015001614;1;2;2;1;3;10;23/07/2015
2015001615;5;2;2;1;3;10;23/07/2015
2015001616;1;2;3;1;6;10;02/08/2015
2015001617;1;1;2;1;3;10;04/08/2015
2015001618;1;2;5;1;6;10;28/08/2015
2015001619;1;1;3;1;2;10;29/08/2015
2015001620;1;1;2;1;3;10;04/09/2015
2015001621;1;1;1;2;7;10;16/09/2015
2015001622;1;2;2;1;3;10;16/09/2015
2015001623;5;2;6;2;3;10;19/09/2015
2015001624;1;1;1;1;7;10;22/09/2015
2015001625;1;2;5;8;3;10;23/09/2015
2015001626;1;2;2;1;6;10;28/09/2015
2015001627;1;2;1;1;3;10;29/09/2015
2015001628;1;2;2;1;5;10;01/10/2015
2015001629;1;2;2;1;2;10;02/10/2015
2015001630;5;2;2;2;3;10;07/10/2015
2015001631;5;2;1;1;2;10;09/10/2015
2015001632;1;2;3;5;6;10;10/10/2015
2015001633;1;2;6;2;2;10;15/10/2015
2015001634;1;1;3;1;3;10;21/10/2015
2015001635;1;2;9;1;3;10;25/10/2015
2015001636;5;2;3;1;3;10;03/11/2015
2015001637;1;1;2;1;3;10;06/11/2015
2015001638;5;2;5;1;2;10;07/11/2015
2015001639;1;2;6;8;3;10;22/11/2015
2015001640;5;2;6;3;6;10;25/11/2015
2015001641;5;2;3;1;3;10;11/12/2015
2015001642;5;2;7;1;6;10;13/12/2015
2015001643;1;2;2;1;3;10;16/12/2015
2015001644;5;2;1;1;7;10;22/12/2015
2015001645;1;2;1;1;1;610;28/09/2015
2015001646;1;1;1;2;1;610;06/11/2015
2015001647;3;1;1;5;1;610;06/01/2015
2015001648;3;1;1;1;1;610;13/01/2015
2015001649;1;1;1;1;6;610;26/01/2015
2015001650;3;1;1;1;1;610;08/03/2015
2015001651;1;2;4;1;6;610;27/03/2015
2015001652;1;2;1;2;4;610;06/05/2015
2015001653;1;1;4;1;3;610;01/08/2015
2015001654;1;1;1;1;6;610;16/08/2015
2015001655;1;1;2;1;3;610;20/09/2015
2015001656;1;1;3;1;3;610;23/11/2015
2015001657;1;1;1;1;7;610;14/12/2015
2015001658;3;1;1;5;1;610;05/01/2015
2015001659;3;1;1;5;7;610;15/02/2015
2015001660;1;1;3;1;2;610;03/03/2015
2015001661;1;1;1;1;6;610;09/07/2015
2015001662;1;1;1;2;1;610;13/08/2015
2015001663;1;1;2;1;3;610;23/09/2015
2015001664;1;1;1;1;6;610;16/09/2015
2015001665;3;2;7;2;6;610;01/02/2015
2015001666;2;1;2;1;3;610;07/02/2015
2015001667;3;1;1;1;7;610;10/02/2015
2015001668;2;1;1;3;7;610;26/04/2015
2015001669;1;1;1;1;1;610;09/05/2015
2015001670;1;1;1;1;1;610;12/06/2015
2015001671;1;1;2;1;2;610;12/07/2015
2015001672;1;1;1;3;6;610;05/09/2015
2015001673;1;2;1;1;1;610;08/10/2015
2015001674;1;1;1;1;7;610;09/05/2015
2015001675;1;1;2;1;1;610;09/06/2015
2015001676;3;1;1;1;2;610;22/09/2015
2015001677;1;2;1;7;6;610;28/09/2015
2015001678;2;1;3;1;5;610;26/10/2015
2015001679;3;2;3;2;3;610;06/11/2015
2015001680;1;1;2;8;1;610;06/12/2015
2015001681;1;1;1;1;5;610;21/12/2015
2015001682;2;2;3;1;1;610;26/12/2015
2015001683;1;1;1;1;6;610;22/03/2015
2015001684;1;2;2;8;3;610;01/04/2015
2015001685;1;2;3;1;3;610;10/07/2015
2015001686;1;1;1;1;1;610;20/07/2015
2015001687;1;2;2;1;6;610;10/08/2015
2015001688;3;1;1;1;1;610;25/09/2015
2015001689;2;2;1;2;6;610;14/10/2015
2015001690;1;1;2;1;3;610;23/11/2015
2015001691;2;1;5;2;3;610;24/11/2015
2015001692;1;2;1;1;3;610;31/12/2015
2015001693;1;1;1;1;7;610;30/01/2015
2015001694;3;1;1;1;7;610;08/03/2015
2015001695;1;1;1;1;3;610;05/06/2015
2015001696;1;1;1;1;6;610;30/06/2015
2015001697;1;1;2;2;3;610;24/09/2015
2015001698;3;1;1;1;1;610;22/10/2015
2015001699;3;1;1;1;1;610;31/10/2015
2015001700;1;1;1;1;6;610;17/12/2015
2015001701;3;1;1;1;6;610;30/12/2015
2015001702;1;2;1;1;6;610;05/03/2015
2015001703;1;1;1;1;1;610;12/03/2015
2015001704;1;2;1;1;6;610;26/05/2015
2015001705;1;2;1;1;6;610;22/06/2015
2015001706;1;1;1;1;2;610;17/07/2015
2015001707;1;1;1;2;1;610;28/07/2015
2015001708;3;1;1;1;6;610;30/10/2015
2015001709;5;2;1;1;3;610;02/11/2015
2015001710;3;1;1;1;6;610;12/12/2015
2015001711;2;1;1;1;6;610;12/07/2015
2015001712;1;1;1;1;1;610;19/09/2015
2015001713;3;1;1;3;6;610;21/09/2015
2015001714;3;1;2;1;1;610;17/12/2015
2015001715;5;2;6;2;6;610;10/01/2015
2015001716;1;2;1;1;7;610;29/04/2015
2015001717;1;1;1;1;7;610;30/05/2015
2015001718;1;1;1;1;7;610;20/06/2015
2015001719;3;1;6;1;6;610;08/08/2015
2015001720;1;2;6;1;3;610;16/08/2015
2015001721;1;1;1;2;7;610;18/09/2015
2015001722;2;1;1;1;3;610;09/10/2015
2015001723;1;1;1;1;6;610;28/10/2015
2015001724;1;1;1;1;1;610;02/04/2015
2015001725;1;2;1;1;6;610;09/07/2015
2015001726;1;2;8;1;3;610;07/08/2015
2015001727;3;1;1;1;7;610;08/08/2015
2015001728;1;1;1;8;7;610;19/08/2015
2015001729;1;1;1;3;1;610;27/08/2015
2015001730;2;2;1;1;6;610;02/11/2015
2015001731;3;2;1;3;6;440;15/01/2015
2015001732;1;2;3;1;3;440;27/03/2015
2015001733;5;1;1;1;1;440;10/04/2015
2015001734;1;2;1;1;6;440;21/11/2015
2015001735;1;1;1;3;1;440;18/09/2015
2015001736;1;1;1;1;3;440;09/04/2015
2015001737;5;1;1;1;1;440;08/11/2015
2015001738;1;2;1;2;3;440;24/11/2015
2015001739;5;1;1;8;7;440;30/01/2015
2015001740;1;2;6;1;3;440;11/02/2015
2015001741;3;1;1;1;6;440;06/03/2015
2015001742;1;1;1;2;1;440;20/03/2015
2015001743;1;2;3;1;3;440;16/04/2015
2015001744;2;2;1;1;7;440;06/05/2015