num_acc;lum;agg;inter;atm;col;dep;date
2015001745;1;1;2;1;1;440;04/06/2015
2015001746;3;1;1;1;6;440;16/05/2015
2015001747;1;1;1;7;1;440;06/07/2015
2015001748;2;1;1;1;2;440;19/09/2015
2015001749;1;2;1;1;6;440;21/10/2015
2015001750;1;1;1;2;1;440;03/01/2015
2015001751;3;1;1;3;6;440;09/01/2015
2015001752;1;1;1;1;2;440;01/02/2015
2015001753;3;1;1;1;6;440;06/02/2015
2015001754;1;2;1;2;6;440;13/01/2015
2015001755;2;1;2;1;3;440;18/03/2015
2015001756;3;1;1;1;2;440;19/06/2015
2015001757;1;1;1;1;1;440;21/08/2015
2015001758;1;1;2;1;1;440;05/01/2015
2015001759;1;1;2;1;1;440;17/05/2015
2015001760;1;1;1;1;6;440;23/07/2015
2015001761;2;1;1;1;6;440;29/07/2015
2015001762;1;1;1;1;1;440;27/07/2015
2015001763;1;1;1;1;3;440;05/09/2015
2015001764;1;2;1;1;6;440;24/09/2015
2015001765;1;1;1;1;1;440;27/09/2015
2015001766;1;2;2;7;3;440;15/07/2015
2015001767;1;1;1;1;1;440;03/10/2015
2015001768;1;2;1;1;6;440;17/10/2015
2015001769;1;1;1;1;2;440;07/11/2015
2015001770;1;2;1;1;3;440;20/11/2015
2015001771;5;2;1;1;3;440;23/11/2015
2015001772;3;1;1;1;5;440;23/12/2015
2015001773;1;1;1;1;1;440;20/09/2015
2015001774;2;1;1;1;1;440;08/06/2015
2015001775;1;1;1;1;1;440;12/07/2015
2015001776;1;2;2;1;5;440;08/09/2015
2015001777;1;1;1;1;1;440;02/10/2015
2015001778;2;1;3;2;4;440;04/11/2015
2015001779;3;1;1;2;6;440;20/11/2015
2015001780;1;1;1;1;6;440;31/12/2015
2015001781;3;1;1;1;1;440;23/12/2015
2015001782;1;1;1;8;7;440;10/04/2015
2015001783;1;1;1;1;1;440;01/06/2015
2015001784;1;1;2;1;3;440;11/06/2015
2015001785;1;2;1;1;6;440;02/08/2015
2015001786;1;1;1;2;1;440;05/10/2015
2015001787;1;1;1;1;7;440;11/04/2015
2015001788;3;1;3;1;7;440;06/01/2015
2015001789;2;1;1;9;7;440;30/01/2015
2015001790;1;1;2;1;3;440;09/02/2015
2015001791;5;2;1;1;6;440;15/02/2015
2015001792;1;2;6;1;3;440;13/04/2015
2015001793;3;2;6;1;6;440;06/05/2015
2015001794;1;1;1;1;6;440;14/06/2015
2015001795;1;1;1;1;3;440;22/06/2015
2015001796;3;1;1;1;2;440;06/09/2015
2015001797;1;2;1;1;3;440;17/09/2015
2015001798;1;2;1;8;2;440;22/12/2015
2015001799;1;1;1;8;6;440;04/01/2015
2015001800;3;2;1;9;6;440;22/01/2015
2015001801;1;1;1;1;2;440;17/05/2015
2015001802;1;1;1;1;1;440;18/05/2015
2015001803;1;1;2;1;3;440;26/05/2015
2015001804;1;2;1;1;3;440;07/06/2015
2015001805;1;2;1;1;6;440;08/06/2015
2015001806;2;1;1;1;1;440;23/06/2015
2015001807;1;1;1;1;7;440;05/07/2015
2015001808;1;1;1;1;1;440;10/07/2015
2015001809;1;1;1;1;7;440;31/07/2015
2015001810;1;1;2;1;3;440;02/08/2015
2015001811;1;1;1;2;6;440;23/08/2015
2015001812;1;1;3;7;3;440;05/09/2015
2015001813;1;1;1;5;1;440;21/09/2015
2015001814;1;1;1;1;5;440;09/10/2015
2015001815;1;1;2;1;1;440;16/10/2015
2015001816;5;2;1;1;6;440;10/11/2015
2015001817;1;1;1;1;7;440;09/11/2015
2015001818;5;1;6;9;7;440;07/12/2015
2015001819;2;2;1;8;6;440;29/01/2015
2015001820;3;1;1;1;6;440;04/02/2015
2015001821;1;1;2;1;1;440;14/02/2015
2015001822;1;2;1;1;6;440;17/03/2015
2015001823;1;1;1;1;1;440;25/03/2015
2015001824;1;1;3;1;1;440;12/05/2015
2015001825;3;1;1;1;6;440;20/05/2015
2015001826;1;1;1;1;1;440;29/05/2015
2015001827;5;2;6;1;3;440;02/10/2015
2015001828;3;1;1;1;2;440;20/10/2015
2015001829;3;1;1;1;7;440;01/11/2015
2015001830;1;1;2;1;3;440;02/12/2015
2015001831;5;2;1;1;6;440;23/12/2015
2015001832;3;1;2;1;3;440;26/12/2015
2015001833;3;1;1;1;6;440;17/02/2015
2015001834;1;1;1;1;6;440;26/04/2015
2015001835;5;2;1;1;6;440;05/02/2015
2015001836;1;1;1;1;1;440;21/03/2015
2015001837;1;1;1;1;7;440;12/04/2015
2015001838;1;1;1;1;2;440;17/05/2015
2015001839;1;1;1;1;3;440;16/07/2015
2015001840;1;1;1;2;7;440;11/08/2015
2015001841;1;1;6;1;3;440;21/08/2015
2015001842;3;1;1;1;6;440;12/09/2015
2015001843;1;1;1;2;3;440;22/09/2015
2015001844;5;1;1;2;6;440;26/10/2015
2015001845;2;2;1;1;6;440;23/11/2015
2015001846;1;2;1;1;7;440;07/05/2015
2015001847;5;2;1;1;3;440;30/05/2015
2015001848;1;1;1;1;6;440;06/06/2015
2015001849;1;1;1;1;3;440;20/08/2015
2015001850;1;1;1;1;2;440;27/09/2015
2015001851;1;1;1;1;3;440;27/09/2015
2015001852;1;1;1;1;1;440;05/10/2015
2015001853;1;1;2;2;1;440;06/10/2015
2015001854;3;1;1;1;1;440;17/10/2015
2015001855;2;1;1;1;1;440;02/12/2015
2015001856;5;2;1;1;3;440;12/01/2015
2015001857;1;1;1;1;1;440;22/04/2015
2015001858;3;1;1;1;2;440;29/05/2015
2015001859;1;1;3;1;3;440;20/06/2015
2015001860;1;1;1;1;6;440;24/06/2015
2015001861;1;1;1;1;5;440;05/07/2015
2015001862;1;2;3;1;3;440;20/08/2015
2015001863;1;1;1;1;4;440;09/09/2015
2015001864;3;1;2;1;3;440;01/10/2015
2015001865;3;1;1;2;6;440;04/10/2015
2015001866;3;1;1;1;6;440;31/10/2015
2015001867;1;1;1;2;5;440;16/12/2015
2015001868;2;1;1;1;6;440;17/02/2015
2015001869;1;2;1;1;1;440;02/03/2015
2015001870;1;1;1;1;6;440;27/04/2015
2015001871;1;1;1;3;6;440;02/05/2015
2015001872;1;1;1;1;6;440;08/05/2015
2015001873;1;1;2;1;3;440;08/06/2015
2015001874;3;2;1;1;1;440;26/06/2015
2015001875;1;1;2;1;3;440;04/07/2015
2015001876;1;1;1;1;1;440;30/08/2015
2015001877;3;1;1;1;1;440;18/12/2015
2015001878;1;2;1;1;1;440;22/05/2015
2015001879;1;1;2;1;3;440;07/07/2015
2015001880;1;1;1;1;1;440;28/08/2015
2015001881;3;1;1;1;6;440;27/09/2015
2015001882;1;2;6;1;3;440;08/10/2015
2015001883;2;1;1;1;1;440;14/10/2015
2015001884;1;2;6;1;3;440;02/12/2015
2015001885;1;2;1;1;1;440;02/01/2015
2015001886;3;1;1;2;6;440;10/01/2015
2015001887;3;1;1;2;6;440;10/01/2015
2015001888;1;2;1;7;6;440;19/01/2015
2015001889;1;1;1;1;3;440;02/04/2015
2015001890;1;2;3;1;3;440;07/04/2015
2015001891;1;2;6;1;3;440;08/04/2015
2015001892;1;1;1;1;7;440;15/05/2015
2015001893;1;2;1;1;3;440;27/05/2015
2015001894;1;1;2;1;3;440;09/06/2015
2015001895;1;2;6;1;3;440;12/06/2015
2015001896;1;1;1;1;1;440;04/07/2015
2015001897;1;2;1;2;6;440;21/07/2015
2015001898;3;2;1;1;1;440;25/07/2015
2015001899;1;1;6;1;3;440;15/07/2015
2015001900;1;1;3;1;3;440;05/08/2015
2015001901;1;1;1;1;6;440;15/08/2015
2015001902;1;1;1;1;1;440;05/09/2015
2015001903;3;1;1;1;6;440;09/09/2015
2015001904;1;1;1;1;2;440;09/09/2015
2015001905;2;2;1;8;6;440;18/09/2015
2015001906;1;2;1;7;3;440;29/09/2015
2015001907;1;1;1;8;4;440;29/10/2015
2015001908;5;1;1;1;6;440;23/11/2015
2015001909;1;2;1;1;6;440;23/04/2015
2015001910;3;1;1;1;6;440;24/04/2015
2015001911;1;1;1;1;6;440;05/06/2015
2015001912;1;2;1;1;2;440;19/06/2015
2015001913;1;2;1;1;1;440;20/09/2015
2015001914;1;1;1;1;3;440;29/09/2015
2015001915;1;2;1;2;7;440;27/10/2015
2015001916;1;1;1;1;5;440;27/10/2015
2015001917;3;1;1;8;1;440;25/12/2015
2015001918;1;1;1;1;2;440;07/01/2015
2015001919;1;1;1;1;6;440;05/07/2015
2015001920;1;2;1;1;2;440;10/08/2015
2015001921;1;2;1;1;3;440;18/08/2015
2015001922;3;2;1;1;6;440;20/09/2015
2015001923;1;1;2;7;3;440;17/10/2015
2015001924;1;2;2;1;3;440;13/12/2015
2015001925;1;1;1;1;5;440;09/04/2015
2015001926;1;1;3;1;3;440;08/09/2015
2015001927;3;1;1;1;6;440;22/10/2015
2015001928;5;2;1;2;3;440;20/11/2015
2015001929;2;1;1;1;1;440;02/12/2015
2015001930;1;1;1;1;1;440;07/12/2015
2015001931;3;1;1;5;5;440;12/12/2015
2015001932;5;2;1;1;6;440;20/01/2015
2015001933;1;2;1;1;6;440;03/09/2015
2015001934;3;1;1;2;1;490;10/01/2015
2015001935;1;2;2;1;1;490;13/01/2015
2015001936;1;1;6;7;6;490;13/02/2015
2015001937;2;1;3;7;3;490;04/03/2015
2015001938;4;1;6;8;3;490;24/03/2015
2015001939;1;1;1;2;5;490;06/10/2015
2015001940;1;2;1;1;6;490;28/05/2015
2015001941;3;1;1;1;6;490;28/06/2015
2015001942;1;1;1;1;5;490;15/07/2015
2015001943;1;1;1;1;1;490;02/09/2015
2015001944;3;1;1;1;6;490;09/03/2015
2015001945;1;1;1;1;7;490;22/03/2015
2015001946;2;1;1;1;1;490;25/04/2015
2015001947;1;1;1;1;7;490;05/08/2015
2015001948;1;1;1;1;1;490;21/08/2015
2015001949;1;1;1;1;1;490;15/11/2015
2015001950;3;1;1;5;1;490;27/11/2015
2015001951;1;1;1;1;3;490;13/10/2015
2015001952;1;1;2;1;3;490;21/03/2015
2015001953;1;1;1;1;1;490;28/02/2015
2015001954;1;1;1;1;6;490;04/03/2015
2015001955;1;2;1;1;3;490;28/06/2015
2015001956;1;1;1;1;7;490;06/07/2015
2015001957;1;1;1;1;5;490;13/10/2015
2015001958;1;1;2;1;3;490;29/10/2015
2015001959;1;1;6;1;6;490;14/11/2015
2015001960;1;2;1;1;3;490;28/11/2015
2015001961;1;2;1;1;2;490;22/12/2015
2015001962;3;1;6;2;7;490;18/12/2015
2015001963;2;2;9;1;6;490;06/01/2015
2015001964;1;1;1;1;6;490;17/03/2015
2015001965;1;1;1;1;1;490;11/05/2015
2015001966;1;2;1;3;3;490;30/08/2015
2015001967;1;1;1;1;1;490;04/09/2015
2015001968;1;1;2;1;3;490;14/12/2015
2015001969;1;1;1;1;3;490;21/04/2015
2015001970;2;1;1;1;7;490;28/06/2015
2015001971;1;1;1;1;7;490;19/07/2015
2015001972;1;1;1;1;1;490;20/08/2015
2015001973;1;1;2;1;2;490;26/08/2015
2015001974;2;1;1;1;3;490;19/01/2015
2015001975;2;1;1;1;3;490;24/02/2015
2015001976;1;1;1;1;7;490;27/02/2015
2015001977;1;1;1;1;3;490;20/04/2015
2015001978;1;1;1;2;6;490;16/05/2015
2015001979;1;1;2;1;3;490;22/05/2015
2015001980;1;1;1;1;2;490;08/06/2015
2015001981;1;1;1;1;1;490;21/07/2015
2015001982;2;1;1;8;2;490;06/12/2015
2015001983;1;2;1;1;1;490;20/12/2015
2015001984;3;1;1;1;6;490;11/04/2015
2015001985;1;2;1;1;6;490;22/05/2015
2015001986;1;1;2;1;6;490;25/07/2015
2015001987;1;2;1;1;3;490;25/07/2015
2015001988;3;1;1;1;7;490;28/08/2015
2015001989;1;1;1;1;6;490;10/09/2015
2015001990;1;1;1;1;6;490;30/03/2015
2015001991;1;1;1;1;6;490;29/05/2015
2015001992;1;2;1;1;7;490;02/08/2015
2015001993;5;2;1;1;6;490;16/08/2015
2015001994;1;1;1;1;6;490;18/08/2015
2015001995;1;1;1;1;6;490;03/10/2015
2015001996;1;1;1;1;6;490;11/04/2015
2015001997;1;2;1;1;6;490;25/08/2015
2015001998;3;1;1;1;6;490;03/09/2015
2015001999;2;1;1;1;6;490;24/09/2015
2015002000;1;1;2;1;3;490;02/11/2015
2015002001;3;1;2;2;5;490;18/12/2015
2015002002;1;1;1;1;6;490;08/05/2015
2015002003;1;1;1;1;6;490;05/09/2015
2015002004;1;1;1;1;7;490;05/09/2015
2015002005;2;1;1;1;1;490;06/09/2015
2015002006;3;1;1;2;1;490;01/03/2015
2015002007;3;1;3;1;3;490;13/03/2015
2015002008;2;1;1;1;6;490;28/05/2015
2015002009;1;2;1;1;1;490;11/07/2015
2015002010;3;1;1;1;6;490;14/07/2015
2015002011;1;1;6;2;7;490;25/08/2015
2015002012;1;2;1;8;6;490;23/10/2015
2015002013;5;1;1;1;3;490;18/12/2015
2015002014;3;1;1;1;5;490;11/01/2015
2015002015;2;2;1;2;3;490;14/01/2015
2015002016;1;2;1;1;3;490;03/02/2015
2015002017;1;1;1;2;6;490;28/03/2015
2015002018;1;1;1;1;5;490;21/05/2015
2015002019;1;1;1;1;5;490;01/06/2015
2015002020;1;1;1;1;3;490;15/06/2015
2015002021;1;1;1;7;7;490;17/07/2015
2015002022;1;1;1;1;6;490;27/09/2015
2015002023;1;1;1;1;6;490;19/10/2015
2015002024;1;1;1;1;1;490;08/11/2015
2015002025;1;1;1;1;6;490;23/11/2015
2015002026;3;1;1;8;7;490;14/12/2015
2015002027;1;2;2;1;3;490;29/07/2015
2015002028;3;1;1;3;6;490;04/10/2015
2015002029;1;2;1;7;6;490;22/11/2015
2015002030;2;1;1;1;2;490;09/05/2015
2015002031;1;2;1;1;3;490;15/05/2015
2015002032;3;1;1;1;6;490;12/09/2015
2015002033;2;1;6;7;6;490;01/11/2015
2015002034;1;1;2;1;3;490;11/07/2015
2015002035;3;1;1;3;6;490;13/02/2015
2015002036;1;1;4;2;3;490;03/03/2015
2015002037;1;1;1;1;3;490;25/04/2015
2015002038;1;1;2;1;3;490;21/05/2015
2015002039;3;1;1;3;5;490;06/11/2015
2015002040;1;2;1;1;1;490;14/11/2015
2015002041;1;1;1;2;6;490;20/11/2015
2015002042;1;1;1;2;7;490;20/03/2015
2015002043;1;1;2;1;3;490;17/01/2015
2015002044;3;1;1;1;7;490;20/03/2015
2015002045;1;2;2;1;3;490;05/06/2015
2015002046;3;1;1;1;7;490;14/08/2015
2015002047;1;1;2;1;3;490;30/09/2015
2015002048;1;1;1;3;6;490;04/10/2015
2015002049;2;1;1;1;5;490;02/11/2015
2015002050;5;2;6;2;7;490;29/11/2015
2015002051;3;1;1;1;7;530;10/05/2015
2015002052;1;1;1;2;6;530;31/05/2015
2015002053;1;1;1;1;2;530;28/06/2015
2015002054;3;1;1;1;7;530;11/08/2015
2015002055;3;2;1;1;6;530;19/10/2015
2015002056;3;1;1;1;1;530;26/02/2015
2015002057;3;1;1;1;6;530;08/03/2015
2015002058;1;2;1;1;6;530;08/03/2015
2015002059;1;1;1;1;6;530;03/04/2015
2015002060;1;1;1;1;6;530;22/08/2015
2015002061;1;1;2;1;3;530;30/08/2015
2015002062;1;1;1;1;7;530;30/09/2015
2015002063;3;1;1;8;6;530;14/12/2015
2015002064;1;1;1;8;1;530;30/03/2015
2015002065;1;2;1;1;2;530;09/04/2015
2015002066;1;1;1;1;3;530;13/05/2015
2015002067;1;1;1;1;6;530;20/05/2015
2015002068;1;1;1;1;6;530;23/05/2015
2015002069;1;1;1;1;1;530;07/07/2015
2015002070;1;1;1;1;7;530;25/07/2015
2015002071;3;2;1;1;7;530;18/08/2015
2015002072;2;1;1;7;3;530;01/10/2015
2015002073;1;1;1;1;6;530;31/10/2015
2015002074;1;2;1;1;1;530;02/11/2015
2015002075;3;1;1;5;6;530;13/12/2015
2015002076;3;1;1;2;6;530;13/01/2015
2015002077;1;1;1;1;1;530;12/10/2015
2015002078;1;1;1;8;7;530;02/01/2015
2015002079;3;1;1;1;7;530;17/02/2015
2015002080;3;1;1;2;1;530;28/02/2015
2015002081;1;1;1;1;1;530;25/03/2015
2015002082;1;2;4;1;3;530;12/04/2015
2015002083;1;1;1;1;7;530;24/05/2015
2015002084;1;1;1;1;1;530;06/06/2015
2015002085;1;2;1;1;1;530;01/07/2015
2015002086;3;1;1;1;6;530;11/07/2015
2015002087;1;1;1;8;6;530;06/08/2015
2015002088;1;1;1;1;6;530;02/10/2015
2015002089;1;1;1;1;6;530;08/11/2015
2015002090;1;1;1;1;6;530;14/11/2015
2015002091;2;2;1;1;3;530;16/11/2015
2015002092;3;2;1;1;6;530;26/11/2015
2015002093;1;2;1;1;3;530;30/11/2015
2015002094;1;1;1;1;1;530;26/05/2015
2015002095;3;1;1;1;2;530;04/07/2015
2015002096;1;2;1;1;6;530;11/09/2015
2015002097;3;1;1;1;7;530;01/11/2015
2015002098;3;1;1;1;6;530;13/12/2015
2015002099;2;2;1;1;1;530;13/12/2015
2015002100;2;2;1;1;6;530;16/12/2015
2015002101;2;2;1;1;6;530;23/12/2015
2015002102;2;2;1;2;6;530;05/01/2015
2015002103;3;1;1;1;6;530;07/02/2015
2015002104;3;1;1;2;6;530;13/03/2015
2015002105;1;1;1;1;1;530;25/06/2015
2015002106;1;1;4;1;1;530;12/08/2015
2015002107;3;1;1;5;7;530;04/10/2015
2015002108;1;1;2;7;3;530;09/03/2015
2015002109;1;1;3;1;3;530;15/03/2015
2015002110;1;2;1;1;6;530;18/03/2015
2015002111;1;1;1;1;1;530;02/06/2015
2015002112;3;1;1;1;6;530;06/06/2015
2015002113;1;1;1;1;7;530;27/06/2015
2015002114;1;1;4;1;1;530;30/07/2015
2015002115;1;2;1;1;6;530;10/08/2015
2015002116;2;1;1;3;1;530;27/08/2015
2015002117;1;1;1;1;7;530;27/09/2015
2015002118;3;1;1;1;7;530;27/12/2015
2015002119;1;1;1;3;7;530;24/08/2015
2015002120;1;1;2;1;3;530;21/08/2015
2015002121;1;1;1;1;3;530;07/10/2015
2015002122;2;1;1;1;6;530;15/11/2015
2015002123;1;2;1;1;1;530;11/06/2015
2015002124;1;1;1;1;3;530;13/06/2015
2015002125;1;2;1;1;6;530;04/07/2015
2015002126;1;1;1;1;5;530;14/07/2015
2015002127;1;1;1;1;6;530;07/08/2015
2015002128;3;1;1;1;6;530;16/08/2015
2015002129;1;1;1;1;3;530;02/10/2015
2015002130;1;2;3;1;3;530;06/10/2015
2015002131;5;2;1;3;6;530;15/12/2015
2015002132;3;1;1;1;1;530;19/12/2015
2015002133;5;2;2;1;3;10;11/04/2015
2015002134;5;2;1;1;7;10;11/05/2015
2015002135;1;2;1;1;6;10;20/09/2015
2015002136;1;2;2;1;3;10;09/10/2015
2015002137;5;2;1;1;3;10;18/10/2015
2015002138;3;1;3;1;3;10;13/11/2015
2015002139;2;1;1;1;6;10;15/11/2015
2015002140;1;1;1;1;1;720;07/02/2015
2015002141;3;2;1;1;6;720;19/04/2015
2015002142;3;1;1;2;1;720;22/10/2015
2015002143;3;1;1;2;6;720;07/11/2015
2015002144;1;1;1;1;1;720;24/01/2015
2015002145;1;1;1;1;2;720;07/03/2015
2015002146;1;1;1;1;6;720;28/03/2015
2015002147;1;2;1;1;6;720;31/03/2015
2015002148;1;1;6;1;6;720;05/05/2015
2015002149;1;2;1;1;1;720;03/06/2015
2015002150;1;1;1;1;1;720;10/10/2015
2015002151;2;1;1;1;1;720;01/12/2015
2015002152;3;1;1;1;6;720;30/12/2015
2015002153;1;1;4;1;3;720;13/04/2015
2015002154;3;1;1;1;6;720;19/05/2015
2015002155;3;2;1;1;1;720;19/05/2015
2015002156;1;1;1;8;1;720;12/09/2015
2015002157;1;1;1;8;1;720;04/12/2015
2015002158;1;2;9;1;3;720;20/01/2015
2015002159;1;1;1;1;5;720;24/02/2015
2015002160;1;1;1;8;7;720;27/03/2015
2015002161;1;1;1;1;1;720;10/05/2015
2015002162;1;1;1;1;1;720;08/06/2015
2015002163;1;1;1;1;1;720;15/06/2015
2015002164;1;1;1;1;3;720;25/06/2015
2015002165;3;1;1;1;3;720;25/07/2015
2015002166;3;1;1;1;6;720;22/08/2015
2015002167;1;1;1;1;6;720;23/08/2015
2015002168;1;1;1;1;1;720;02/09/2015
2015002169;1;1;1;1;6;720;07/09/2015
2015002170;1;1;1;1;1;720;11/09/2015
2015002171;3;1;1;1;1;720;15/10/2015
2015002172;3;1;1;1;1;720;02/11/2015
2015002173;1;1;1;1;1;720;04/11/2015
2015002174;5;1;1;1;6;720;09/03/2015
2015002175;1;1;1;1;6;720;16/04/2015
2015002176;3;1;1;1;6;720;28/04/2015
2015002177;3;1;1;1;2;720;15/05/2015
2015002178;1;1;1;1;1;720;21/05/2015
2015002179;1;1;1;1;7;720;20/07/2015
2015002180;1;2;1;8;3;720;05/10/2015
2015002181;3;1;1;2;1;720;15/01/2015
2015002182;2;2;1;1;6;720;08/05/2015
2015002183;1;1;1;1;3;720;26/08/2015
2015002184;1;2;3;1;3;720;18/11/2015
2015002185;3;1;1;8;7;720;24/11/2015
2015002186;3;1;1;1;7;720;07/02/2015
2015002187;4;1;1;2;6;720;15/02/2015
2015002188;2;1;1;1;6;720;27/04/2015
2015002189;1;1;1;1;1;720;27/04/2015
2015002190;1;1;1;1;6;720;28/05/2015
2015002191;3;2;1;1;6;720;24/10/2015
2015002192;3;1;1;1;1;720;08/11/2015
2015002193;3;1;1;1;5;720;11/11/2015
2015002194;1;1;1;2;1;720;30/11/2015
2015002195;1;1;1;6;6;720;15/01/2015
2015002196;1;1;1;1;6;720;03/02/2015
2015002197;1;1;1;1;1;720;04/03/2015
2015002198;1;2;6;1;3;720;02/03/2015
2015002199;1;1;1;2;3;720;13/03/2015
2015002200;1;1;1;1;6;720;24/04/2015
2015002201;2;1;1;2;6;720;31/05/2015
2015002202;1;2;1;1;1;720;28/05/2015
2015002203;1;1;1;1;1;720;06/06/2015
2015002204;1;2;1;1;3;720;08/06/2015
2015002205;2;1;1;1;6;720;20/06/2015
2015002206;3;1;1;1;6;720;24/09/2015
2015002207;1;1;9;1;5;720;28/09/2015
2015002208;1;1;1;1;4;720;13/10/2015
2015002209;1;1;1;1;6;720;21/10/2015
2015002210;3;2;6;5;6;720;12/11/2015
2015002211;1;1;4;1;1;720;22/12/2015
2015002212;1;1;1;1;1;720;03/07/2015
2015002213;1;2;2;1;3;720;11/07/2015
2015002214;1;1;2;1;3;720;20/07/2015
2015002215;2;1;1;1;6;720;28/11/2015
2015002216;4;2;6;1;6;720;03/12/2015
2015002217;3;1;1;1;7;720;23/04/2015
2015002218;1;1;1;1;6;720;27/04/2015
2015002219;1;1;1;1;1;720;18/07/2015
2015002220;1;2;9;1;7;720;23/07/2015
2015002221;1;2;6;1;3;720;05/08/2015
2015002222;1;1;1;1;5;720;16/08/2015
2015002223;1;1;1;1;7;720;28/08/2015
2015002224;1;1;1;1;3;720;20/10/2015
2015002225;3;1;1;2;1;720;11/12/2015
2015002226;1;2;1;1;1;720;07/03/2015
2015002227;1;2;1;1;4;720;21/03/2015
2015002228;1;1;1;8;6;720;04/04/2015
2015002229;3;1;1;1;1;720;23/04/2015
2015002230;1;1;1;1;3;720;07/05/2015
2015002231;1;1;1;1;7;720;17/05/2015
2015002232;1;2;1;2;1;720;20/05/2015
2015002233;1;1;2;1;3;720;20/06/2015
2015002234;1;1;1;1;1;720;01/07/2015
2015002235;3;1;1;1;6;720;02/08/2015
2015002236;1;2;6;3;6;720;19/09/2015
2015002237;1;1;1;1;1;720;07/11/2015
2015002238;5;2;1;2;1;720;24/11/2015
2015002239;1;1;1;7;6;720;29/12/2015
2015002240;1;1;1;1;3;850;27/05/2015
2015002241;1;1;1;1;2;850;29/04/2015
2015002242;1;1;1;1;3;850;19/05/2015
2015002243;1;1;1;2;3;850;12/06/2015
2015002244;3;1;1;1;7;850;18/06/2015
2015002245;1;1;2;1;1;850;18/08/2015
2015002246;1;1;1;1;1;850;24/09/2015
2015002247;3;1;1;1;6;850;19/10/2015
2015002248;1;1;1;1;2;850;16/11/2015
2015002249;1;1;1;7;1;850;29/12/2015
2015002250;1;2;1;1;5;850;04/03/2015
2015002251;1;1;1;1;1;850;09/03/2015
2015002252;1;1;1;1;6;850;27/06/2015
2015002253;1;1;1;1;1;850;26/06/2015
2015002254;1;1;1;7;3;850;04/08/2015
2015002255;1;1;2;1;3;850;09/08/2015
2015002256;2;1;1;5;1;850;10/11/2015
2015002257;1;1;1;1;1;850;15/11/2015
2015002258;3;2;1;2;7;850;22/11/2015
2015002259;5;2;1;1;1;850;18/02/2015
2015002260;3;1;1;1;6;850;22/03/2015
2015002261;1;2;1;1;6;850;11/04/2015
2015002262;1;2;1;1;4;850;19/05/2015
2015002263;3;1;1;1;1;850;28/05/2015
2015002264;1;1;1;1;6;850;21/06/2015
2015002265;1;1;2;1;3;850;27/06/2015
2015002266;3;1;1;1;1;850;11/10/2015
2015002267;1;1;1;1;2;850;26/10/2015
2015002268;1;1;1;1;7;850;19/01/2015
2015002269;3;1;1;1;6;850;18/02/2015
2015002270;1;2;1;1;1;850;17/04/2015
2015002271;1;1;1;1;6;850;19/06/2015
2015002272;3;1;1;1;7;850;10/09/2015
2015002273;1;1;1;3;1;850;05/10/2015
2015002274;1;2;1;2;1;850;05/11/2015
2015002275;3;1;1;5;6;850;09/11/2015
2015002276;2;1;1;3;6;850;20/11/2015
2015002277;3;1;1;5;2;850;11/12/2015
2015002278;1;1;3;1;1;850;23/12/2015
2015002279;3;1;1;1;3;850;24/01/2015
2015002280;1;1;1;1;5;850;14/05/2015
2015002281;1;2;6;1;6;850;19/05/2015
2015002282;2;1;1;7;6;850;08/06/2015
2015002283;1;1;2;1;3;850;18/09/2015
2015002284;1;1;2;1;5;850;17/10/2015
2015002285;1;1;2;1;3;850;30/10/2015
2015002286;3;1;1;2;5;850;10/01/2015
2015002287;2;1;1;2;7;850;24/01/2015
2015002288;3;1;1;1;3;850;06/04/2015
2015002289;2;1;1;3;6;850;01/05/2015
2015002290;1;1;1;1;5;850;04/05/2015
2015002291;1;2;9;1;4;850;28/06/2015
2015002292;1;2;9;1;3;850;13/08/2015
2015002293;1;1;1;1;6;850;08/09/2015
2015002294;1;1;1;1;1;850;08/09/2015
2015002295;1;1;1;1;6;850;12/09/2015
2015002296;1;1;2;2;3;850;14/09/2015
2015002297;1;1;1;2;5;850;16/09/2015
2015002298;3;1;1;1;3;850;10/10/2015
2015002299;1;2;1;1;1;850;03/11/2015
2015002300;3;1;1;3;3;850;03/11/2015
2015002301;3;1;1;1;1;850;05/11/2015
2015002302;1;1;1;1;7;850;24/12/2015
2015002303;1;2;6;1;3;850;09/02/2015
2015002304;1;2;1;1;1;850;08/06/2015
2015002305;1;1;1;1;1;850;03/07/2015
2015002306;1;1;1;1;7;850;15/07/2015
2015002307;1;2;9;7;6;850;26/09/2015
2015002308;1;2;1;1;6;850;24/12/2015
2015002309;1;1;1;3;6;850;20/02/2015
2015002310;1;1;1;1;5;850;29/05/2015
2015002311;3;1;1;1;6;850;05/07/2015
2015002312;1;1;1;1;5;850;29/07/2015
2015002313;1;2;2;1;3;850;03/08/2015
2015002314;3;1;1;1;1;850;28/09/2015
2015002315;2;1;1;1;7;850;03/10/2015
2015002316;4;2;1;1;6;850;11/11/2015
2015002317;3;1;6;5;6;850;06/01/2015
2015002318;2;1;1;2;1;850;13/09/2015
2015002319;1;1;1;1;6;850;18/09/2015
2015002320;1;1;1;2;1;850;23/02/2015
2015002321;2;1;1;8;3;850;16/04/2015
2015002322;1;1;1;1;6;850;17/04/2015
2015002323;1;1;2;1;3;850;27/04/2015
2015002324;1;1;1;2;7;850;16/05/2015