num_acc;lum;agg;inter;atm;col;dep;date
2015002905;1;2;1;1;3;640;30/10/2015
2015002906;1;2;6;5;2;640;10/01/2015
2015002907;1;1;2;2;3;640;15/01/2015
2015002908;1;2;1;1;6;640;16/02/2015
2015002909;1;1;1;1;6;640;12/04/2015
2015002910;1;2;3;1;1;640;26/05/2015
2015002911;1;1;2;1;3;640;24/06/2015
2015002912;3;2;1;1;7;640;24/07/2015
2015002913;1;2;2;1;3;640;27/07/2015
2015002914;1;2;1;1;6;640;30/08/2015
2015002915;1;2;1;3;3;640;03/09/2015
2015002916;1;1;1;1;1;640;30/10/2015
2015002917;2;1;1;5;3;640;05/12/2015
2015002918;1;2;1;1;6;640;05/01/2015
2015002919;3;1;1;1;1;640;23/01/2015
2015002920;1;2;1;1;1;640;18/04/2015
2015002921;1;2;1;1;6;640;29/05/2015
2015002922;1;2;3;1;3;640;30/05/2015
2015002923;1;2;1;1;7;640;18/07/2015
2015002924;1;2;1;1;7;640;28/07/2015
2015002925;1;2;1;1;1;640;30/07/2015
2015002926;1;1;6;1;6;640;10/09/2015
2015002927;1;2;1;1;3;640;25/10/2015
2015002928;5;2;1;2;6;640;27/10/2015
2015002929;5;1;9;1;6;640;07/11/2015
2015002930;5;1;1;2;7;640;14/02/2015
2015002931;1;2;1;1;6;640;08/06/2015
2015002932;1;1;2;1;3;640;25/07/2015
2015002933;1;1;1;2;6;640;16/02/2015
2015002934;1;1;1;1;6;640;06/03/2015
2015002935;1;1;1;8;1;640;23/03/2015
2015002936;1;1;1;3;5;640;18/07/2015
2015002937;2;1;1;8;7;640;09/08/2015
2015002938;5;2;7;1;6;640;10/11/2015
2015002939;2;1;1;2;3;640;25/11/2015
2015002940;1;1;1;1;6;640;12/04/2015
2015002941;1;1;1;1;3;640;08/06/2015
2015002942;1;2;1;1;3;640;22/06/2015
2015002943;1;2;1;1;2;640;22/06/2015
2015002944;1;2;1;1;1;640;26/06/2015
2015002945;1;1;3;1;1;640;26/06/2015
2015002946;1;1;1;1;6;640;07/07/2015
2015002947;1;1;1;1;3;640;05/08/2015
2015002948;1;2;6;1;3;640;12/08/2015
2015002949;1;2;1;1;6;640;26/10/2015
2015002950;1;2;1;1;6;640;09/12/2015
2015002951;3;1;1;1;6;640;21/12/2015
2015002952;3;1;1;1;6;640;29/12/2015
2015002953;1;1;1;8;1;640;31/12/2015
2015002954;1;2;1;1;6;640;01/01/2015
2015002955;3;1;1;3;5;640;21/01/2015
2015002956;1;1;1;2;1;640;28/01/2015
2015002957;1;1;1;8;1;640;12/02/2015
2015002958;1;1;1;1;7;640;27/02/2015
2015002959;1;1;1;1;6;640;20/04/2015
2015002960;1;1;1;1;1;640;21/08/2015
2015002961;1;1;1;1;1;640;21/08/2015
2015002962;1;1;1;1;5;640;06/09/2015
2015002963;1;2;1;2;3;640;12/10/2015
2015002964;1;2;1;1;7;640;18/10/2015
2015002965;1;1;1;1;3;640;14/10/2015
2015002966;1;1;1;1;5;640;25/10/2015
2015002967;1;1;1;1;1;640;07/11/2015
2015002968;1;1;1;1;1;640;20/01/2015
2015002969;1;2;1;1;3;640;20/01/2015
2015002970;1;2;1;1;6;640;12/05/2015
2015002971;1;1;1;1;1;640;26/05/2015
2015002972;1;1;1;1;7;640;07/06/2015
2015002973;1;1;1;1;3;640;30/06/2015
2015002974;1;1;1;1;7;640;16/08/2015
2015002975;1;1;1;1;7;640;14/07/2015
2015002976;1;1;1;2;2;640;29/07/2015
2015002977;2;2;1;1;3;640;28/08/2015
2015002978;1;1;1;1;7;640;07/09/2015
2015002979;1;1;1;5;1;640;30/09/2015
2015002980;1;2;1;1;3;640;05/12/2015
2015002981;1;1;1;1;6;640;25/04/2015
2015002982;1;2;7;1;6;640;08/05/2015
2015002983;1;1;1;1;7;640;26/06/2015
2015002984;1;1;1;1;1;640;09/07/2015
2015002985;1;1;1;1;3;640;23/07/2015
2015002986;1;1;1;2;1;640;08/08/2015
2015002987;1;1;1;1;7;640;26/09/2015
2015002988;1;1;1;2;7;640;11/10/2015
2015002989;3;1;1;1;7;640;11/11/2015
2015002990;1;2;1;1;1;640;03/01/2015
2015002991;3;1;1;1;6;640;09/02/2015
2015002992;1;2;1;1;1;640;07/04/2015
2015002993;1;1;3;1;3;640;13/05/2015
2015002994;1;2;1;1;1;640;01/06/2015
2015002995;1;1;1;1;1;640;03/06/2015
2015002996;1;2;1;1;3;640;15/06/2015
2015002997;1;2;6;1;6;640;28/07/2015
2015002998;1;2;1;1;2;640;11/08/2015
2015002999;3;1;1;1;5;640;04/12/2015
2015003000;1;2;6;1;1;640;11/12/2015
2015003001;1;2;1;1;6;640;12/12/2015
2015003002;1;1;1;1;2;640;26/10/2015
2015003003;1;1;1;1;7;640;06/06/2015
2015003004;1;1;1;1;6;640;11/07/2015
2015003005;1;1;1;1;6;640;25/07/2015
2015003006;1;1;1;1;6;640;12/09/2015
2015003007;3;1;1;1;1;640;07/11/2015
2015003008;1;1;1;1;1;640;02/04/2015
2015003009;1;1;1;1;7;640;12/06/2015
2015003010;1;1;1;1;5;640;02/01/2015
2015003011;1;2;1;1;6;640;06/07/2015
2015003012;3;1;1;1;6;640;11/07/2015
2015003013;1;1;1;1;5;640;12/07/2015
2015003014;1;1;1;1;6;640;21/08/2015
2015003015;1;1;1;8;6;640;04/10/2015
2015003016;1;1;1;1;6;640;14/10/2015
2015003017;5;2;1;1;2;640;10/11/2015
2015003018;1;1;1;1;6;640;27/12/2015
2015003019;2;2;1;1;6;860;19/04/2015
2015003020;5;2;1;1;1;860;25/06/2015
2015003021;5;1;6;1;7;860;26/10/2015
2015003022;3;1;1;1;6;860;04/12/2015
2015003023;1;1;1;2;3;860;07/01/2015
2015003024;1;2;1;2;3;860;25/02/2015
2015003025;3;1;1;3;3;860;13/03/2015
2015003026;3;1;1;2;6;860;12/03/2015
2015003027;1;2;1;1;3;860;01/04/2015
2015003028;1;1;1;1;3;860;21/05/2015
2015003029;1;1;1;1;6;860;17/06/2015
2015003030;1;1;1;1;7;860;26/06/2015
2015003031;3;1;1;2;6;860;28/08/2015
2015003032;1;1;1;1;1;860;06/10/2015
2015003033;1;1;1;7;6;860;23/11/2015
2015003034;2;1;2;5;3;860;27/11/2015
2015003035;1;2;1;1;6;860;04/12/2015
2015003036;1;1;2;1;3;860;25/12/2015
2015003037;3;1;1;1;6;860;22/03/2015
2015003038;1;2;1;1;6;860;28/05/2015
2015003039;2;1;1;1;7;860;04/07/2015
2015003040;1;1;1;1;7;860;08/07/2015
2015003041;3;1;1;5;1;860;09/11/2015
2015003042;3;1;1;1;1;860;04/01/2015
2015003043;1;1;1;1;7;860;19/02/2015
2015003044;3;1;1;2;6;860;21/02/2015
2015003045;1;1;1;1;5;860;06/03/2015
2015003046;1;2;7;1;6;860;12/05/2015
2015003047;1;1;1;8;3;860;31/07/2015
2015003048;5;2;1;1;6;860;01/03/2015
2015003049;1;1;1;2;7;860;25/11/2015
2015003050;1;1;3;8;3;860;25/02/2015
2015003051;1;2;1;2;6;860;03/04/2015
2015003052;1;1;1;1;4;860;04/09/2015
2015003053;5;2;1;1;6;860;30/10/2015
2015003054;3;1;1;2;6;860;25/04/2015
2015003055;3;1;1;1;7;860;30/07/2015
2015003056;1;1;2;7;3;860;28/11/2015
2015003057;1;1;1;1;7;860;22/03/2015
2015003058;1;1;1;1;6;860;16/06/2015
2015003059;1;2;1;1;1;860;25/08/2015
2015003060;2;2;1;1;6;860;08/09/2015
2015003061;1;1;2;1;3;860;18/11/2015
2015003062;5;2;1;1;7;860;29/10/2015
2015003063;1;2;9;7;1;860;31/10/2015
2015003064;1;1;1;1;3;860;16/11/2015
2015003065;3;1;1;2;6;860;31/01/2015
2015003066;1;1;1;8;6;860;23/02/2015
2015003067;1;2;1;7;6;860;11/03/2015
2015003068;1;1;1;3;5;860;20/03/2015
2015003069;1;1;1;1;1;860;21/05/2015
2015003070;1;1;1;1;6;860;07/06/2015
2015003071;1;1;1;1;1;860;30/06/2015
2015003072;1;1;1;1;6;860;02/07/2015
2015003073;1;2;1;1;3;860;15/07/2015
2015003074;1;1;1;1;7;860;09/09/2015
2015003075;3;1;1;5;3;860;10/11/2015
2015003076;3;1;1;1;7;860;01/12/2015
2015003077;2;2;1;1;5;860;03/12/2015
2015003078;1;1;1;1;1;860;20/04/2015
2015003079;1;1;2;1;3;860;04/09/2015
2015003080;1;1;9;1;3;860;26/09/2015
2015003081;1;1;1;1;7;860;03/02/2015
2015003082;1;1;1;1;7;860;10/05/2015
2015003083;1;1;1;1;6;860;19/07/2015
2015003084;1;1;1;3;6;860;14/08/2015
2015003085;1;1;9;7;3;860;08/09/2015
2015003086;1;1;1;1;3;860;05/08/2015
2015003087;2;2;1;8;6;860;09/01/2015
2015003088;1;1;1;2;7;860;09/08/2015
2015003089;1;1;1;1;6;860;04/10/2015
2015003090;1;1;1;1;1;860;10/10/2015
2015003091;5;2;1;1;6;860;09/12/2015
2015003092;1;1;3;1;1;160;29/05/2015
2015003093;3;1;1;1;6;160;25/09/2015
2015003094;2;1;1;1;6;160;22/03/2015
2015003095;3;1;1;8;5;160;27/11/2015
2015003096;1;1;1;2;1;160;03/01/2015
2015003097;1;2;3;1;3;160;19/01/2015
2015003098;3;1;1;1;1;160;28/06/2015
2015003099;1;1;1;1;6;160;17/07/2015
2015003100;1;1;1;1;1;160;07/09/2015
2015003101;3;1;1;1;2;160;22/12/2015
2015003102;3;1;1;1;7;160;12/04/2015
2015003103;3;1;1;1;1;160;08/09/2015
2015003104;3;1;1;2;6;160;13/09/2015
2015003105;2;1;1;1;3;160;18/03/2015
2015003106;1;1;1;1;6;160;20/10/2015
2015003107;2;1;1;1;7;160;17/06/2015
2015003108;2;1;8;7;3;160;17/07/2015
2015003109;1;2;1;1;2;160;20/08/2015
2015003110;1;1;3;1;3;160;08/05/2015
2015003111;2;1;1;1;1;160;08/07/2015
2015003112;1;2;3;1;3;160;20/07/2015
2015003113;3;1;1;2;6;160;03/10/2015
2015003114;2;1;1;1;2;160;02/12/2015
2015003115;3;1;1;9;7;160;24/01/2015
2015003116;1;2;3;1;3;160;02/03/2015
2015003117;3;1;1;3;7;160;02/03/2015
2015003118;1;2;3;2;6;160;20/03/2015
2015003119;1;1;2;1;3;160;18/04/2015
2015003120;1;1;1;8;1;160;08/05/2015
2015003121;2;1;1;8;6;160;15/05/2015
2015003122;1;2;1;1;6;160;22/05/2015
2015003123;3;1;6;2;3;160;01/06/2015
2015003124;1;1;2;1;1;160;09/06/2015
2015003125;1;1;1;1;2;160;08/07/2015
2015003126;1;1;2;1;3;160;16/07/2015
2015003127;1;1;1;1;6;160;23/08/2015
2015003128;1;2;3;1;1;160;01/09/2015
2015003129;1;1;1;7;6;160;26/09/2015
2015003130;1;2;3;1;1;160;14/10/2015
2015003131;3;1;1;3;1;160;18/11/2015
2015003132;1;1;1;2;1;160;19/11/2015
2015003133;3;1;1;1;6;160;05/06/2015
2015003134;1;2;3;1;3;160;11/11/2015
2015003135;1;2;1;1;6;160;11/12/2015
2015003136;1;1;1;1;6;160;04/04/2015
2015003137;1;1;1;1;2;160;18/09/2015
2015003138;1;1;1;7;4;160;01/10/2015
2015003139;5;2;1;1;2;160;01/12/2015
2015003140;1;1;1;1;6;160;27/02/2015
2015003141;1;2;2;1;3;160;20/06/2015
2015003142;1;2;3;1;1;160;03/09/2015
2015003143;1;1;1;1;6;160;05/09/2015
2015003144;3;1;1;1;6;160;05/09/2015
2015003145;3;1;1;5;6;160;06/11/2015
2015003146;2;1;1;1;7;160;01/12/2015
2015003147;1;1;1;1;7;160;04/10/2015
2015003148;1;1;1;2;6;170;09/01/2015
2015003149;4;2;1;1;6;170;13/02/2015
2015003150;5;2;1;8;6;170;20/02/2015
2015003151;1;1;1;1;3;170;08/04/2015
2015003152;2;1;1;1;6;170;22/04/2015
2015003153;1;1;1;1;5;170;29/06/2015
2015003154;1;1;1;1;3;170;30/06/2015
2015003155;3;1;1;2;6;170;26/07/2015
2015003156;1;1;1;1;1;170;15/08/2015
2015003157;1;1;1;1;6;170;25/09/2015
2015003158;2;1;1;1;2;170;30/09/2015
2015003159;1;2;1;1;3;170;29/09/2015
2015003160;1;1;1;1;4;170;23/10/2015
2015003161;3;1;1;1;7;170;27/10/2015
2015003162;1;1;1;1;3;170;21/11/2015
2015003163;2;1;1;1;6;170;23/11/2015
2015003164;1;1;1;3;1;170;15/12/2015
2015003165;3;1;1;9;6;170;27/12/2015
2015003166;1;2;2;1;1;170;29/04/2015
2015003167;1;1;1;3;1;170;30/04/2015
2015003168;1;1;1;1;1;170;08/07/2015
2015003169;1;1;1;1;6;170;22/08/2015
2015003170;1;1;1;1;3;170;07/10/2015
2015003171;1;1;1;1;1;170;03/12/2015
2015003172;2;1;1;1;6;170;06/03/2015
2015003173;1;1;2;3;1;170;30/04/2015
2015003174;1;1;1;1;7;170;08/05/2015
2015003175;2;1;2;1;1;170;01/06/2015
2015003176;1;2;1;1;3;170;01/06/2015
2015003177;1;1;2;1;3;170;09/06/2015
2015003178;1;1;1;1;7;170;11/06/2015
2015003179;1;2;1;1;6;170;05/07/2015
2015003180;2;1;1;1;1;170;24/07/2015
2015003181;1;1;1;1;6;170;25/07/2015
2015003182;3;1;9;2;6;170;23/08/2015
2015003183;1;2;1;1;6;170;30/08/2015
2015003184;5;1;1;1;2;170;12/05/2015
2015003185;1;2;1;1;6;170;25/05/2015
2015003186;1;1;1;1;7;170;08/07/2015
2015003187;1;1;1;1;7;170;01/08/2015
2015003188;2;1;1;1;7;170;31/10/2015
2015003189;3;1;1;5;6;170;08/11/2015
2015003190;3;1;1;1;6;170;01/02/2015
2015003191;3;1;3;1;3;170;01/02/2015
2015003192;1;2;3;1;3;170;12/05/2015
2015003193;1;1;1;1;2;170;06/06/2015
2015003194;1;2;3;1;3;170;11/08/2015
2015003195;1;1;1;7;7;170;18/09/2015
2015003196;3;1;1;1;6;170;22/01/2015
2015003197;1;2;1;1;7;170;10/02/2015
2015003198;1;1;1;1;3;170;03/02/2015
2015003199;1;1;1;8;1;170;30/03/2015
2015003200;1;2;1;1;1;170;22/04/2015
2015003201;1;1;2;1;3;170;01/08/2015
2015003202;1;1;2;1;3;170;10/08/2015
2015003203;3;1;1;1;1;170;14/08/2015
2015003204;1;1;6;1;3;170;20/09/2015
2015003205;1;1;1;1;7;170;31/05/2015
2015003206;2;1;1;1;1;170;11/08/2015
2015003207;1;1;2;1;3;170;16/08/2015
2015003208;2;1;1;1;7;170;16/08/2015
2015003209;1;2;2;7;1;170;21/08/2015
2015003210;1;2;1;2;6;170;28/11/2015
2015003211;1;2;9;1;6;170;15/05/2015
2015003212;1;1;2;1;1;170;18/05/2015
2015003213;1;1;1;1;1;170;07/06/2015
2015003214;3;2;1;8;6;170;15/06/2015
2015003215;5;2;3;1;6;170;27/07/2015
2015003216;1;1;3;1;3;170;30/06/2015
2015003217;5;1;1;2;2;170;09/08/2015
2015003218;1;1;1;1;6;170;11/08/2015
2015003219;1;2;2;1;1;170;15/08/2015
2015003220;3;1;1;1;7;170;03/10/2015
2015003221;1;1;1;2;6;170;14/01/2015
2015003222;1;1;1;1;6;170;02/03/2015
2015003223;1;2;1;1;1;170;04/04/2015
2015003224;1;1;1;1;7;170;15/04/2015
2015003225;5;2;1;1;6;170;09/05/2015
2015003226;1;2;1;1;3;170;10/05/2015
2015003227;1;1;1;1;2;170;05/06/2015
2015003228;1;1;1;1;6;170;01/07/2015
2015003229;1;1;1;7;5;170;02/07/2015
2015003230;1;2;2;1;3;170;06/07/2015
2015003231;1;2;1;2;6;170;24/07/2015
2015003232;3;1;1;1;6;170;11/08/2015
2015003233;1;1;1;1;1;170;20/08/2015
2015003234;1;2;3;1;2;170;25/09/2015
2015003235;5;2;6;1;7;170;26/09/2015
2015003236;1;2;1;1;6;170;03/10/2015
2015003237;2;1;1;2;2;170;29/10/2015
2015003238;1;2;1;1;6;170;07/11/2015
2015003239;3;2;1;1;6;170;24/12/2015
2015003240;2;1;9;4;3;170;24/01/2015
2015003241;1;1;5;1;5;170;18/04/2015
2015003242;1;1;1;1;6;170;21/04/2015
2015003243;3;1;1;1;6;170;14/07/2015
2015003244;1;1;1;8;1;170;20/07/2015
2015003245;1;1;1;1;6;170;27/07/2015
2015003246;1;1;2;8;3;170;13/09/2015
2015003247;3;1;1;1;6;170;15/11/2015
2015003248;3;1;6;5;6;170;18/04/2015
2015003249;2;1;1;5;6;170;28/06/2015
2015003250;3;1;1;1;6;170;02/07/2015
2015003251;1;2;2;1;3;170;20/06/2015
2015003252;1;2;1;1;6;170;06/07/2015
2015003253;1;1;1;1;7;170;12/07/2015
2015003254;1;1;2;1;3;170;04/08/2015
2015003255;1;1;1;6;1;170;24/08/2015
2015003256;1;2;2;1;3;170;22/09/2015
2015003257;2;1;1;1;5;170;10/11/2015
2015003258;3;1;1;1;3;170;06/12/2015
2015003259;3;1;1;8;6;170;27/12/2015
2015003260;1;1;1;1;5;170;04/02/2015
2015003261;3;1;1;1;1;170;02/04/2015
2015003262;2;1;1;2;6;170;26/04/2015
2015003263;1;1;2;1;3;170;14/06/2015
2015003264;1;2;6;1;3;170;24/06/2015
2015003265;1;1;2;1;3;170;22/07/2015
2015003266;1;1;1;3;6;170;08/08/2015
2015003267;2;1;1;1;1;170;26/09/2015
2015003268;1;1;1;1;6;170;30/09/2015
2015003269;3;1;1;1;6;170;31/10/2015
2015003270;2;1;1;1;3;170;07/12/2015
2015003271;1;2;1;1;6;170;14/03/2015
2015003272;1;1;1;1;6;170;20/03/2015
2015003273;1;1;1;1;7;170;23/03/2015
2015003274;1;1;2;1;3;170;13/04/2015
2015003275;1;1;1;1;1;170;28/04/2015
2015003276;1;1;9;1;3;170;25/06/2015
2015003277;1;2;1;2;6;170;16/09/2015
2015003278;3;2;1;1;6;170;28/09/2015
2015003279;3;1;1;1;7;170;25/10/2015
2015003280;1;2;1;1;6;170;01/11/2015
2015003281;1;2;6;1;3;170;17/12/2015
2015003282;1;1;1;1;7;170;09/06/2015
2015003283;1;1;1;7;5;170;20/09/2015
2015003284;1;1;2;2;1;170;22/09/2015
2015003285;1;1;1;1;7;170;01/01/2015
2015003286;2;1;1;1;5;170;21/03/2015
2015003287;1;1;1;7;6;170;27/03/2015
2015003288;1;1;1;1;5;170;18/06/2015
2015003289;1;1;2;1;3;170;25/06/2015
2015003290;1;1;1;1;2;170;05/09/2015
2015003291;1;1;1;8;5;170;18/09/2015
2015003292;1;2;3;1;3;170;19/01/2015
2015003293;3;1;1;2;1;170;20/02/2015
2015003294;1;1;2;1;3;170;27/05/2015
2015003295;1;1;1;1;2;170;25/07/2015
2015003296;1;2;1;1;2;170;04/09/2015
2015003297;1;1;1;1;3;170;10/11/2015
2015003298;1;1;1;1;3;170;17/12/2015
2015003299;5;2;1;2;6;170;05/01/2015
2015003300;5;1;1;1;6;170;18/01/2015
2015003301;1;1;1;1;6;170;05/02/2015
2015003302;1;1;1;3;1;170;14/02/2015
2015003303;1;1;2;1;3;170;17/02/2015
2015003304;1;1;2;1;3;170;15/04/2015
2015003305;1;1;2;1;3;170;12/05/2015
2015003306;1;2;2;1;1;170;02/07/2015
2015003307;1;2;1;1;6;170;16/08/2015
2015003308;1;1;2;1;3;170;01/09/2015
2015003309;1;1;1;2;1;170;18/09/2015
2015003310;3;1;1;5;6;170;04/10/2015
2015003311;2;1;1;2;1;170;25/11/2015
2015003312;5;2;1;2;1;170;28/12/2015
2015003313;1;1;1;1;1;170;30/12/2015
2015003314;3;1;1;1;6;170;08/02/2015
2015003315;3;1;1;1;1;170;21/03/2015
2015003316;1;2;1;7;6;170;09/05/2015
2015003317;1;1;2;1;3;170;21/05/2015
2015003318;1;2;1;1;1;170;08/09/2015
2015003319;3;1;1;1;6;170;09/10/2015
2015003320;1;2;1;8;1;170;27/10/2015
2015003321;3;1;1;1;7;170;06/03/2015
2015003322;1;1;2;1;3;170;22/03/2015
2015003323;5;2;1;1;6;170;02/04/2015
2015003324;1;1;2;1;3;170;09/04/2015
2015003325;1;1;2;1;3;170;10/05/2015
2015003326;1;1;2;1;3;170;23/05/2015
2015003327;1;1;1;1;3;170;17/07/2015
2015003328;1;1;1;1;7;790;24/06/2015
2015003329;2;1;1;5;6;790;11/12/2015
2015003330;3;1;1;2;1;790;06/11/2015
2015003331;1;1;1;2;1;790;28/01/2015
2015003332;1;1;1;1;1;790;22/05/2015
2015003333;1;1;2;1;3;790;12/06/2015
2015003334;1;1;1;1;6;790;13/06/2015
2015003335;1;2;6;1;6;790;12/07/2015
2015003336;1;2;6;6;6;790;16/09/2015
2015003337;5;2;2;2;3;790;18/11/2015
2015003338;2;1;1;1;2;790;03/12/2015
2015003339;1;1;1;1;6;790;08/05/2015
2015003340;2;1;1;1;1;870;08/01/2015
2015003341;1;1;1;1;3;870;17/03/2015
2015003342;1;1;1;1;1;870;01/04/2015
2015003343;1;1;1;1;1;870;08/04/2015
2015003344;1;1;1;1;5;870;16/04/2015
2015003345;1;2;1;1;1;870;22/05/2015
2015003346;1;1;1;2;1;870;19/11/2015
2015003347;3;1;1;2;6;870;25/11/2015
2015003348;1;1;3;7;3;870;27/11/2015
2015003349;1;1;1;1;1;870;03/12/2015
2015003350;1;1;1;3;7;870;02/01/2015
2015003351;3;1;1;4;1;870;21/02/2015
2015003352;4;1;1;1;7;870;18/03/2015
2015003353;1;1;1;1;4;870;24/05/2015
2015003354;1;2;1;1;3;870;07/06/2015
2015003355;1;1;3;1;3;870;10/07/2015
2015003356;1;1;1;2;7;870;13/08/2015
2015003357;1;1;1;2;3;870;24/02/2015
2015003358;1;2;1;8;6;870;03/07/2015
2015003359;3;1;1;1;6;870;24/10/2015
2015003360;1;1;2;1;3;870;01/06/2015
2015003361;3;1;1;1;1;870;06/09/2015
2015003362;1;1;1;1;1;870;10/04/2015
2015003363;1;1;1;1;7;870;30/05/2015
2015003364;3;1;1;1;1;870;11/08/2015
2015003365;1;2;1;7;1;870;19/10/2015
2015003366;1;2;1;8;6;870;17/11/2015
2015003367;3;2;1;1;6;870;04/12/2015
2015003368;2;1;1;1;3;870;10/12/2015
2015003369;1;1;1;2;5;870;20/03/2015
2015003370;1;1;1;1;4;870;30/06/2015
2015003371;1;1;1;1;1;870;14/07/2015
2015003372;1;1;1;1;3;870;27/07/2015
2015003373;1;1;1;2;1;870;22/09/2015
2015003374;3;1;1;1;6;870;04/11/2015
2015003375;3;1;1;1;6;870;03/12/2015
2015003376;3;1;1;1;1;870;12/03/2015
2015003377;1;1;1;1;1;870;07/09/2015
2015003378;1;1;1;1;6;870;20/10/2015
2015003379;5;2;1;1;3;870;23/10/2015
2015003380;2;1;1;2;6;870;01/03/2015
2015003381;1;1;1;1;1;870;11/03/2015
2015003382;1;1;1;1;1;870;13/05/2015
2015003383;1;1;1;1;6;870;02/10/2015
2015003384;3;1;6;1;3;870;21/01/2015
2015003385;3;1;1;1;1;870;06/03/2015
2015003386;5;2;1;1;6;870;07/03/2015
2015003387;1;2;6;1;6;870;24/04/2015
2015003388;1;2;9;1;3;870;16/05/2015
2015003389;1;2;1;1;6;870;29/06/2015
2015003390;1;1;1;1;6;870;30/06/2015
2015003391;1;1;1;1;6;870;02/07/2015
2015003392;1;2;1;1;3;870;02/07/2015
2015003393;1;2;1;1;6;870;04/07/2015
2015003394;1;1;1;1;6;870;06/07/2015
2015003395;1;1;2;1;3;870;11/12/2015
2015003396;1;1;1;5;3;870;16/12/2015
2015003397;1;1;1;2;1;870;29/03/2015
2015003398;1;1;1;1;1;870;16/06/2015
2015003399;2;1;4;1;3;870;20/10/2015
2015003400;3;1;1;1;6;870;21/12/2015
2015003401;1;1;1;1;5;190;24/05/2015
2015003402;2;1;9;1;3;190;08/09/2015
2015003403;3;1;1;1;5;190;02/11/2015
2015003404;1;1;1;1;2;190;15/11/2015
2015003405;3;1;1;1;6;190;25/12/2015
2015003406;1;1;1;2;6;190;19/07/2015
2015003407;1;1;1;8;1;190;27/07/2015
2015003408;5;2;1;1;7;190;10/07/2015
2015003409;1;1;1;1;1;190;16/07/2015
2015003410;1;2;1;2;1;190;14/12/2015
2015003411;1;1;9;1;1;190;09/05/2015
2015003412;1;1;1;1;1;190;30/05/2015
2015003413;1;1;1;1;7;190;23/06/2015
2015003414;1;1;1;1;1;190;14/09/2015
2015003415;1;1;1;1;1;190;06/06/2015
2015003416;5;2;1;3;5;190;09/01/2015
2015003417;1;2;1;1;1;190;02/02/2015
2015003418;1;1;1;1;2;190;22/02/2015
2015003419;1;1;1;1;1;190;17/05/2015
2015003420;1;1;2;1;1;190;11/07/2015
2015003421;1;2;1;1;7;190;07/08/2015
2015003422;1;1;1;8;6;190;09/08/2015
2015003423;1;1;1;1;5;190;05/09/2015
2015003424;1;2;1;1;6;190;07/09/2015
2015003425;1;1;1;3;1;190;15/09/2015
2015003426;2;2;1;1;6;190;09/10/2015
2015003427;1;1;1;1;7;190;18/02/2015
2015003428;1;1;4;1;3;190;12/08/2015
2015003429;1;1;1;8;1;190;13/08/2015
2015003430;3;1;6;2;6;190;07/01/2015
2015003431;1;1;3;1;3;190;11/07/2015
2015003432;1;1;1;1;1;190;21/07/2015
2015003433;3;1;1;2;1;190;04/10/2015
2015003434;1;1;1;1;7;190;01/10/2015
2015003435;3;1;1;1;1;190;01/12/2015
2015003436;2;1;1;1;1;190;25/12/2015
2015003437;1;2;1;8;6;190;28/01/2015
2015003438;1;1;1;1;6;190;12/02/2015
2015003439;1;2;2;1;3;190;06/09/2015
2015003440;1;1;1;1;1;190;08/11/2015
2015003441;1;2;1;1;6;190;03/06/2015
2015003442;1;1;1;8;6;190;17/03/2015
2015003443;1;1;1;1;6;190;04/04/2015
2015003444;5;2;1;1;6;190;23/04/2015
2015003445;3;1;1;2;6;190;22/10/2015
2015003446;3;1;1;1;6;230;02/02/2015
2015003447;1;1;1;8;6;230;26/03/2015
2015003448;1;1;1;8;1;230;05/02/2015
2015003449;1;2;1;2;6;230;22/10/2015
2015003450;1;1;1;1;3;230;30/11/2015
2015003451;4;2;1;1;6;230;31/01/2015
2015003452;1;2;1;1;7;230;25/05/2015
2015003453;1;1;1;1;7;230;12/07/2015
2015003454;1;1;1;1;6;230;09/08/2015
2015003455;3;1;1;3;6;230;26/02/2015
2015003456;1;1;1;2;6;230;29/03/2015
2015003457;1;1;1;2;6;230;05/10/2015
2015003458;1;2;1;1;7;230;07/06/2015
2015003459;1;1;1;1;2;310;09/01/2015
2015003460;1;2;1;1;6;310;09/02/2015
2015003461;1;1;3;8;3;310;15/03/2015
2015003462;1;2;1;1;6;310;17/03/2015
2015003463;1;1;1;1;1;310;04/04/2015
2015003464;1;1;1;1;6;310;28/05/2015
2015003465;1;1;2;1;1;310;16/07/2015
2015003466;1;2;1;1;1;310;23/07/2015
2015003467;1;1;1;1;1;310;05/08/2015
2015003468;1;1;1;1;6;310;03/11/2015
2015003469;1;1;1;1;3;310;14/11/2015
2015003470;3;1;1;1;6;310;18/11/2015
2015003471;1;1;1;7;1;310;19/12/2015
2015003472;1;1;1;1;1;310;07/05/2015
2015003473;2;1;1;1;6;310;09/06/2015
2015003474;1;2;3;1;3;310;23/07/2015
2015003475;5;2;1;1;7;310;28/10/2015
2015003476;1;1;4;1;3;310;28/02/2015
2015003477;1;1;3;2;3;310;22/03/2015
2015003478;1;1;1;1;6;310;11/04/2015
2015003479;1;1;1;1;6;310;04/05/2015
2015003480;1;2;1;7;3;310;01/07/2015
2015003481;1;2;1;1;6;310;06/07/2015
2015003482;3;1;1;1;6;310;29/08/2015
2015003483;1;2;1;1;3;310;30/08/2015
2015003484;2;1;6;1;6;310;17/12/2015