num_acc;lum;agg;inter;atm;col;dep;date
2015003485;1;2;1;1;5;310;19/05/2015
2015003486;1;2;1;1;2;310;28/08/2015
2015003487;1;2;1;1;6;310;12/09/2015
2015003488;1;2;1;7;6;310;28/09/2015
2015003489;1;2;1;1;6;310;27/09/2015
2015003490;1;1;1;1;7;310;10/03/2015
2015003491;3;1;1;1;6;310;25/03/2015
2015003492;1;2;1;1;1;310;04/05/2015
2015003493;1;1;1;8;5;310;11/06/2015
2015003494;1;1;1;1;1;310;06/07/2015
2015003495;1;1;1;1;4;310;16/08/2015
2015003496;1;2;1;1;3;310;18/09/2015
2015003497;1;1;1;1;6;310;26/09/2015
2015003498;1;2;1;1;1;310;27/11/2015
2015003499;2;2;1;1;1;310;25/06/2015
2015003500;1;1;1;1;6;310;02/08/2015
2015003501;3;1;1;1;6;310;25/10/2015
2015003502;3;2;1;2;6;310;26/02/2015
2015003503;1;2;1;2;3;310;01/03/2015
2015003504;1;1;3;1;3;310;10/03/2015
2015003505;1;2;6;1;6;310;06/05/2015
2015003506;1;2;6;1;7;310;10/07/2015
2015003507;3;1;1;1;1;310;05/03/2015
2015003508;2;1;1;1;6;310;25/03/2015
2015003509;1;2;1;1;6;310;02/07/2015
2015003510;1;2;1;1;5;310;11/07/2015
2015003511;1;2;1;1;2;310;29/07/2015
2015003512;1;1;2;1;1;310;16/08/2015
2015003513;1;1;3;1;3;310;28/10/2015
2015003514;5;2;1;1;1;310;30/11/2015
2015003515;1;2;6;1;7;310;24/12/2015
2015003516;3;1;1;1;1;310;28/12/2015
2015003517;3;1;1;1;6;310;08/02/2015
2015003518;1;2;1;1;1;310;10/04/2015
2015003519;3;1;1;1;6;310;15/05/2015
2015003520;1;2;1;1;3;310;04/08/2015
2015003521;1;1;1;1;3;310;17/08/2015
2015003522;1;2;1;8;7;310;23/08/2015
2015003523;1;2;1;1;3;310;26/08/2015
2015003524;1;2;1;1;6;310;27/08/2015
2015003525;1;2;3;1;3;310;01/09/2015
2015003526;5;2;1;1;7;310;19/09/2015
2015003527;2;2;6;1;3;310;14/10/2015
2015003528;2;2;1;1;1;310;17/12/2015
2015003529;3;1;1;1;5;310;17/01/2015
2015003530;1;1;1;1;6;310;24/07/2015
2015003531;1;2;1;8;6;310;22/09/2015
2015003532;1;2;1;1;3;310;01/10/2015
2015003533;1;2;1;1;2;310;16/12/2015
2015003534;2;1;1;4;6;310;06/02/2015
2015003535;1;1;1;2;1;310;13/03/2015
2015003536;2;1;1;1;3;310;03/04/2015
2015003537;1;1;1;1;6;310;05/04/2015
2015003538;1;1;1;1;3;310;21/04/2015
2015003539;1;1;1;1;7;310;11/05/2015
2015003540;3;1;6;1;6;310;17/05/2015
2015003541;1;2;1;1;1;310;14/06/2015
2015003542;1;1;1;1;2;310;31/05/2015
2015003543;1;1;1;1;1;310;06/06/2015
2015003544;1;1;1;1;1;310;25/06/2015
2015003545;1;1;1;1;6;310;17/07/2015
2015003546;1;2;1;1;5;310;27/07/2015
2015003547;1;1;1;1;6;310;24/08/2015
2015003548;3;1;1;1;1;310;31/08/2015
2015003549;3;1;1;1;6;310;15/09/2015
2015003550;1;1;1;1;6;310;18/10/2015
2015003551;1;2;1;2;6;310;04/01/2015
2015003552;1;2;1;1;3;310;10/01/2015
2015003553;1;1;1;1;7;310;16/02/2015
2015003554;1;1;1;1;2;310;08/04/2015
2015003555;1;1;2;7;2;310;24/04/2015
2015003556;1;1;1;1;6;310;09/06/2015
2015003557;1;1;1;1;7;310;05/07/2015
2015003558;1;1;2;1;3;310;05/07/2015
2015003559;1;1;1;7;7;310;20/09/2015
2015003560;1;1;1;1;1;310;24/09/2015
2015003561;1;1;1;1;6;310;02/10/2015
2015003562;1;1;1;1;6;310;18/10/2015
2015003563;3;1;1;1;7;310;17/10/2015
2015003564;1;1;1;7;6;310;24/10/2015
2015003565;1;2;1;1;3;310;29/10/2015
2015003566;1;1;2;1;3;310;06/11/2015
2015003567;3;1;1;1;6;310;18/12/2015
2015003568;1;1;1;1;1;310;12/03/2015
2015003569;1;1;1;1;6;310;28/03/2015
2015003570;3;1;1;1;6;310;12/04/2015
2015003571;1;2;1;1;6;310;09/05/2015
2015003572;1;2;3;7;1;310;25/06/2015
2015003573;2;1;1;1;1;310;25/06/2015
2015003574;1;2;1;1;6;310;30/06/2015
2015003575;1;2;8;1;7;310;26/07/2015
2015003576;1;2;1;7;6;310;10/08/2015
2015003577;5;2;1;1;3;310;05/12/2015
2015003578;1;1;1;1;2;310;12/01/2015
2015003579;1;1;1;1;3;310;14/01/2015
2015003580;3;1;1;1;1;310;06/03/2015
2015003581;2;2;2;1;1;310;27/03/2015
2015003582;1;2;1;1;3;310;27/03/2015
2015003583;1;1;4;1;1;310;03/04/2015
2015003584;5;2;1;1;6;310;20/04/2015
2015003585;2;2;1;1;6;310;07/06/2015
2015003586;4;2;1;1;6;310;14/08/2015
2015003587;1;2;1;1;3;310;11/09/2015
2015003588;1;1;1;7;6;310;12/01/2015
2015003589;1;2;2;1;3;310;21/01/2015
2015003590;1;2;1;1;7;310;21/01/2015
2015003591;3;1;1;1;6;310;08/02/2015
2015003592;1;1;1;1;1;310;03/03/2015
2015003593;3;1;1;2;6;310;27/04/2015
2015003594;1;1;1;7;6;310;11/11/2015
2015003595;1;1;1;1;6;310;20/11/2015
2015003596;3;1;1;2;6;310;21/11/2015
2015003597;3;1;1;1;6;310;02/12/2015
2015003598;1;1;1;8;1;310;30/12/2015
2015003599;1;2;1;1;3;310;13/01/2015
2015003600;3;2;1;8;6;310;20/02/2015
2015003601;1;2;1;1;6;310;12/04/2015
2015003602;3;1;1;1;6;310;01/06/2015
2015003603;1;2;1;1;3;310;19/07/2015
2015003604;5;2;1;1;6;310;28/08/2015
2015003605;1;1;1;1;7;310;15/11/2015
2015003606;1;2;6;7;6;310;30/12/2015
2015003607;1;2;1;1;6;310;18/01/2015
2015003608;1;1;1;1;6;310;28/12/2015
2015003609;2;1;1;3;6;310;15/02/2015
2015003610;1;2;9;1;3;310;17/04/2015
2015003611;1;1;1;1;6;310;25/05/2015
2015003612;5;2;9;1;6;310;29/08/2015
2015003613;1;1;1;1;7;310;02/09/2015
2015003614;1;1;1;1;7;310;13/09/2015
2015003615;3;1;1;2;6;310;25/11/2015
2015003616;1;1;1;3;6;310;26/04/2015
2015003617;1;2;1;1;6;310;02/05/2015
2015003618;1;1;1;1;6;310;09/09/2015
2015003619;1;1;1;1;3;310;26/09/2015
2015003620;1;2;1;1;6;310;11/10/2015
2015003621;1;1;1;1;5;310;31/10/2015
2015003622;1;1;2;1;3;310;07/05/2015
2015003623;2;1;2;1;3;310;30/05/2015
2015003624;2;1;1;1;6;310;13/07/2015
2015003625;1;1;2;1;3;310;17/08/2015
2015003626;1;1;2;1;3;310;18/08/2015
2015003627;1;1;1;1;6;310;29/08/2015
2015003628;1;1;9;1;1;310;15/09/2015
2015003629;1;2;1;1;6;310;05/11/2015
2015003630;1;1;1;6;6;310;21/11/2015
2015003631;1;1;1;1;3;310;22/12/2015
2015003632;3;1;1;1;6;310;03/10/2015
2015003633;1;1;1;1;7;310;08/11/2015
2015003634;1;2;2;1;3;310;28/04/2015
2015003635;1;1;3;1;3;310;20/06/2015
2015003636;5;1;3;1;6;310;05/07/2015
2015003637;5;1;1;1;2;310;18/03/2015
2015003638;5;2;1;1;6;310;28/06/2015
2015003639;1;1;3;1;3;310;07/07/2015
2015003640;1;1;1;1;6;90;05/04/2015
2015003641;1;1;1;1;1;90;27/06/2015
2015003642;1;1;1;1;1;90;18/09/2015
2015003643;1;2;1;1;7;90;22/11/2015
2015003644;1;1;1;2;7;90;01/03/2015
2015003645;1;2;1;7;6;90;12/03/2015
2015003646;3;2;1;1;7;90;10/04/2015
2015003647;1;2;1;1;6;90;06/09/2015
2015003648;2;2;1;2;3;90;08/10/2015
2015003649;1;1;1;1;6;90;19/10/2015
2015003650;3;2;1;1;7;90;10/03/2015
2015003651;3;1;1;2;6;90;13/03/2015
2015003652;1;1;1;1;7;90;12/05/2015
2015003653;1;1;1;1;6;90;10/10/2015
2015003654;5;1;1;1;1;90;24/10/2015
2015003655;5;2;1;3;1;90;30/01/2015
2015003656;5;2;2;1;3;90;13/02/2015
2015003657;1;1;1;7;2;90;25/06/2015
2015003658;1;2;1;1;6;90;28/07/2015
2015003659;1;1;1;1;1;90;08/11/2015
2015003660;1;2;1;1;3;90;13/11/2015
2015003661;5;2;1;1;1;90;12/12/2015
2015003662;2;2;1;1;1;90;16/12/2015
2015003663;1;2;1;8;6;90;19/04/2015
2015003664;1;2;1;1;7;90;08/07/2015
2015003665;1;1;3;1;3;90;18/07/2015
2015003666;1;2;1;1;3;90;19/07/2015
2015003667;1;1;1;1;3;90;23/07/2015
2015003668;1;1;1;1;7;90;07/08/2015
2015003669;1;1;1;3;7;90;26/04/2015
2015003670;1;2;1;1;7;90;12/07/2015
2015003671;3;1;1;1;6;90;18/07/2015
2015003672;1;1;1;1;1;90;25/07/2015
2015003673;3;1;1;1;7;90;08/11/2015
2015003674;1;1;1;1;1;90;21/09/2015
2015003675;2;2;1;1;3;90;23/04/2015
2015003676;3;1;1;3;6;90;06/06/2015
2015003677;1;1;1;8;2;90;13/09/2015
2015003678;3;1;6;1;6;90;18/12/2015
2015003679;1;2;1;1;6;90;06/04/2015
2015003680;1;1;1;1;1;90;25/04/2015
2015003681;1;1;9;1;3;90;07/05/2015
2015003682;1;2;1;1;6;90;22/05/2015
2015003683;1;1;1;8;1;90;27/06/2015
2015003684;1;1;1;1;1;90;20/08/2015
2015003685;1;1;1;1;1;90;02/09/2015
2015003686;1;2;9;1;6;90;26/12/2015
2015003687;1;1;1;1;2;90;05/01/2015
2015003688;3;1;1;1;6;90;18/02/2015
2015003689;1;2;1;1;3;90;21/07/2015
2015003690;5;2;3;5;1;20;01/01/2015
2015003691;1;2;3;2;6;20;15/01/2015
2015003692;1;2;1;1;6;20;21/04/2015
2015003693;1;1;1;1;6;20;31/07/2015
2015003694;3;1;1;1;2;20;29/10/2015
2015003695;5;2;6;3;6;20;27/11/2015
2015003696;1;2;3;1;2;20;09/12/2015
2015003697;1;1;1;1;1;120;04/05/2015
2015003698;1;1;1;1;2;120;20/10/2015
2015003699;1;1;1;4;1;120;31/01/2015
2015003700;1;1;1;1;5;120;05/05/2015
2015003701;1;1;1;3;7;120;07/06/2015
2015003702;1;1;1;1;1;120;14/06/2015
2015003703;1;1;1;1;5;120;12/07/2015
2015003704;1;1;1;1;7;120;11/07/2015
2015003705;1;1;1;1;1;120;02/08/2015
2015003706;1;1;1;1;7;120;06/08/2015
2015003707;1;1;1;1;7;120;16/09/2015
2015003708;1;1;1;1;4;120;17/06/2015
2015003709;1;1;1;4;7;120;24/01/2015
2015003710;3;1;1;2;5;120;30/01/2015
2015003711;3;1;1;9;7;120;16/03/2015
2015003712;1;2;1;1;1;120;04/05/2015
2015003713;1;1;2;1;3;120;27/05/2015
2015003714;1;1;2;1;1;120;05/10/2015
2015003715;1;1;1;1;1;120;11/10/2015
2015003716;1;2;1;1;3;120;17/10/2015
2015003717;3;1;1;1;7;120;07/02/2015
2015003718;2;1;1;3;6;120;04/04/2015
2015003719;1;1;1;1;1;120;11/06/2015
2015003720;2;2;1;1;6;120;06/11/2015
2015003721;1;2;1;1;6;120;12/11/2015
2015003722;1;1;1;1;3;120;18/12/2015
2015003723;1;1;1;1;1;120;07/03/2015
2015003724;1;2;1;1;6;120;01/05/2015
2015003725;1;2;1;1;7;120;13/05/2015
2015003726;1;1;1;8;3;120;31/08/2015
2015003727;1;1;1;1;1;120;21/10/2015
2015003728;1;2;1;1;1;120;15/05/2015
2015003729;1;1;1;1;1;120;03/06/2015
2015003730;1;2;1;1;3;120;02/06/2015
2015003731;1;1;3;1;3;120;15/06/2015
2015003732;1;1;1;1;7;120;30/07/2015
2015003733;1;1;1;2;6;120;23/12/2015
2015003734;1;1;1;1;7;120;17/01/2015
2015003735;1;2;1;1;6;120;15/05/2015
2015003736;1;1;1;1;7;120;15/06/2015
2015003737;1;1;1;1;1;120;10/07/2015
2015003738;1;1;1;1;1;120;11/08/2015
2015003739;1;1;1;8;6;120;16/12/2015
2015003740;1;1;1;2;2;120;18/07/2015
2015003741;1;2;7;1;6;120;07/03/2015
2015003742;1;1;2;1;3;120;03/04/2015
2015003743;1;1;1;8;6;120;16/04/2015
2015003744;5;2;1;1;6;120;29/08/2015
2015003745;1;1;1;2;6;120;31/08/2015
2015003746;1;1;1;6;3;120;15/09/2015
2015003747;1;1;1;1;6;120;17/10/2015
2015003748;1;1;1;1;6;120;17/05/2015
2015003749;1;2;1;2;6;120;31/08/2015
2015003750;1;1;1;2;7;120;28/03/2015
2015003751;1;1;1;1;1;120;06/06/2015
2015003752;1;1;1;1;5;120;07/07/2015
2015003753;1;1;1;1;7;120;09/03/2015
2015003754;1;2;1;1;1;120;13/05/2015
2015003755;1;1;1;1;2;120;06/06/2015
2015003756;1;1;1;1;6;120;30/06/2015
2015003757;1;2;1;1;6;120;08/07/2015
2015003758;1;2;1;2;5;120;14/08/2015
2015003759;3;1;1;1;7;120;15/11/2015
2015003760;1;1;1;2;6;120;15/03/2015
2015003761;1;2;1;1;5;120;03/04/2015
2015003762;1;1;1;1;1;120;05/06/2015
2015003763;1;1;1;1;3;120;22/06/2015
2015003764;1;2;1;1;1;120;19/07/2015
2015003765;3;1;1;1;7;120;19/07/2015
2015003766;1;1;1;1;3;120;29/07/2015
2015003767;1;2;1;1;6;120;05/09/2015
2015003768;1;1;1;1;6;120;11/09/2015
2015003769;1;1;1;1;7;120;01/10/2015
2015003770;2;1;1;1;1;120;19/10/2015
2015003771;1;1;1;7;2;120;16/12/2015
2015003772;1;2;6;7;3;120;02/01/2015
2015003773;1;1;3;1;3;120;25/03/2015
2015003774;3;1;1;1;3;120;13/04/2015
2015003775;1;2;1;1;3;120;07/05/2015
2015003776;1;2;1;1;3;120;30/09/2015
2015003777;1;1;1;2;1;120;18/10/2015
2015003778;1;1;1;5;6;120;17/11/2015
2015003779;3;1;1;1;1;120;18/02/2015
2015003780;1;1;1;1;3;120;16/05/2015
2015003781;1;1;1;1;7;120;15/08/2015
2015003782;1;1;1;1;2;320;09/01/2015
2015003783;1;1;1;1;7;320;22/01/2015
2015003784;1;2;1;1;1;320;31/01/2015
2015003785;1;1;1;7;6;320;09/04/2015
2015003786;1;1;1;1;7;320;10/07/2015
2015003787;1;1;1;1;6;320;19/07/2015
2015003788;1;2;1;1;6;320;09/04/2015
2015003789;1;1;2;1;3;320;11/04/2015
2015003790;1;1;3;7;3;320;14/04/2015
2015003791;1;1;1;2;1;320;19/04/2015
2015003792;1;1;1;2;6;320;19/05/2015
2015003793;3;1;1;2;6;320;09/08/2015
2015003794;1;1;1;1;6;320;09/09/2015
2015003795;3;1;1;8;6;320;13/09/2015
2015003796;1;1;1;1;3;320;12/09/2015
2015003797;2;1;1;7;5;320;13/09/2015
2015003798;3;1;1;4;7;320;21/11/2015
2015003799;1;1;1;7;1;320;01/12/2015
2015003800;1;1;1;1;3;320;07/03/2015
2015003801;1;1;1;1;5;320;04/04/2015
2015003802;1;1;4;1;3;320;25/05/2015
2015003803;2;1;1;1;7;320;08/06/2015
2015003804;1;2;1;1;6;320;24/06/2015
2015003805;1;1;1;1;6;320;24/10/2015
2015003806;1;1;1;1;6;320;08/12/2015
2015003807;1;1;1;1;6;320;05/08/2015
2015003808;1;1;1;8;6;320;16/03/2015
2015003809;3;1;1;2;6;320;28/03/2015
2015003810;1;1;1;2;1;320;30/03/2015
2015003811;1;1;1;1;3;320;24/06/2015
2015003812;1;1;1;1;6;320;15/10/2015
2015003813;1;1;1;1;1;320;24/10/2015
2015003814;1;1;3;1;3;320;01/12/2015
2015003815;1;1;1;2;1;320;16/01/2015
2015003816;1;1;1;1;6;320;10/07/2015
2015003817;1;1;2;7;3;320;12/07/2015
2015003818;1;1;3;1;3;320;24/08/2015
2015003819;1;1;1;1;6;320;25/09/2015
2015003820;5;2;1;2;3;320;05/11/2015
2015003821;5;2;3;1;1;320;28/12/2015
2015003822;5;2;1;1;3;320;14/01/2015
2015003823;3;1;1;1;6;320;15/01/2015
2015003824;1;2;1;8;6;320;11/02/2015
2015003825;3;1;1;1;6;320;05/07/2015
2015003826;1;1;1;5;6;320;06/08/2015
2015003827;1;2;1;1;3;320;25/08/2015
2015003828;1;1;1;1;3;320;21/09/2015
2015003829;2;1;1;2;6;320;31/12/2015
2015003830;3;1;1;5;7;320;06/01/2015
2015003831;2;1;1;1;6;320;18/01/2015
2015003832;1;1;1;4;1;320;06/02/2015
2015003833;1;1;1;1;7;320;12/02/2015
2015003834;1;1;2;1;3;320;10/03/2015
2015003835;2;2;2;1;3;320;15/04/2015
2015003836;1;1;1;1;1;320;13/06/2015
2015003837;1;2;1;1;6;320;29/06/2015
2015003838;3;1;1;1;7;320;10/07/2015
2015003839;1;1;1;1;6;320;31/07/2015
2015003840;1;1;1;1;1;320;16/08/2015
2015003841;1;2;1;1;7;320;20/08/2015
2015003842;3;2;1;1;6;320;10/10/2015
2015003843;3;1;1;8;3;320;21/11/2015
2015003844;3;1;2;1;3;320;26/11/2015
2015003845;3;1;1;1;6;320;12/12/2015
2015003846;3;1;2;1;6;320;12/01/2015
2015003847;1;2;1;1;6;320;10/03/2015
2015003848;1;1;1;1;3;320;26/06/2015
2015003849;1;1;3;1;6;320;16/07/2015
2015003850;3;1;1;1;6;320;29/08/2015
2015003851;1;1;3;1;3;320;16/10/2015
2015003852;3;1;1;1;6;320;18/11/2015
2015003853;1;1;1;1;1;320;26/11/2015
2015003854;1;1;2;1;3;320;04/12/2015
2015003855;1;2;1;1;6;320;17/12/2015
2015003856;3;1;1;1;6;320;17/01/2015
2015003857;1;1;1;1;2;320;21/01/2015
2015003858;3;1;1;1;7;320;25/01/2015
2015003859;1;1;1;2;6;320;21/03/2015
2015003860;1;1;1;3;1;320;27/04/2015
2015003861;1;1;1;1;6;320;07/08/2015
2015003862;1;1;4;1;6;320;09/10/2015
2015003863;5;2;2;1;7;320;07/02/2015
2015003864;3;1;1;1;6;320;06/04/2015
2015003865;1;1;2;1;5;320;24/04/2015
2015003866;1;1;2;1;3;320;03/10/2015
2015003867;5;2;1;1;6;320;01/11/2015
2015003868;1;1;1;1;1;460;03/11/2015
2015003869;1;1;1;2;7;460;03/01/2015
2015003870;3;1;1;1;2;460;04/06/2015
2015003871;1;1;9;3;4;460;14/08/2015
2015003872;1;1;1;2;6;460;31/08/2015
2015003873;1;1;1;2;6;460;02/05/2015
2015003874;1;1;1;1;1;460;18/08/2015
2015003875;1;1;1;1;1;460;04/11/2015
2015003876;3;1;1;8;2;460;18/11/2015
2015003877;2;2;2;1;3;460;15/08/2015
2015003878;1;1;3;1;3;460;29/08/2015
2015003879;1;1;1;2;1;460;31/08/2015
2015003880;5;1;9;1;6;460;06/01/2015
2015003881;1;2;1;4;1;460;24/01/2015
2015003882;1;1;1;1;1;460;07/05/2015
2015003883;1;1;9;1;3;460;06/06/2015
2015003884;3;1;1;1;6;460;01/10/2015
2015003885;1;1;1;1;1;460;11/06/2015
2015003886;3;1;1;1;6;460;16/02/2015
2015003887;1;2;1;1;1;460;18/03/2015
2015003888;1;2;1;1;6;460;02/04/2015
2015003889;1;1;1;1;6;460;07/04/2015
2015003890;3;1;1;1;6;460;08/08/2015
2015003891;1;1;1;1;6;460;08/09/2015
2015003892;3;1;1;1;6;460;25/10/2015
2015003893;1;1;1;1;6;460;05/12/2015
2015003894;1;1;2;2;3;460;01/03/2015
2015003895;1;2;1;2;2;460;30/03/2015
2015003896;1;1;1;1;1;460;27/06/2015
2015003897;1;1;1;1;7;460;10/10/2015
2015003898;1;1;3;1;3;460;16/10/2015
2015003899;3;1;1;1;7;460;03/12/2015
2015003900;2;1;1;8;6;460;15/02/2015
2015003901;1;1;3;1;3;460;05/04/2015
2015003902;1;1;1;1;1;460;16/05/2015
2015003903;1;1;2;1;1;460;25/06/2015
2015003904;2;1;1;1;1;460;26/06/2015
2015003905;1;1;1;3;1;460;08/08/2015
2015003906;1;1;1;2;1;460;30/03/2015
2015003907;1;1;1;1;1;460;12/07/2015
2015003908;1;2;3;1;3;460;10/09/2015
2015003909;5;2;1;1;3;460;08/10/2015
2015003910;3;1;1;1;4;650;20/02/2015
2015003911;1;1;1;1;5;650;19/04/2015
2015003912;1;1;8;1;3;650;17/05/2015
2015003913;1;1;1;1;6;650;06/07/2015
2015003914;1;1;1;1;2;650;27/07/2015
2015003915;3;1;1;8;6;650;23/08/2015
2015003916;1;2;1;1;3;650;01/11/2015
2015003917;1;2;1;7;3;650;06/11/2015
2015003918;3;1;1;1;6;650;29/12/2015
2015003919;3;1;1;1;1;650;02/02/2015
2015003920;3;1;1;1;6;650;10/04/2015
2015003921;1;1;1;1;6;650;09/05/2015
2015003922;1;1;1;3;5;650;20/05/2015
2015003923;1;1;1;7;7;650;31/05/2015
2015003924;1;1;1;1;6;650;19/09/2015
2015003925;1;1;2;1;3;650;16/10/2015
2015003926;1;1;1;1;6;650;02/08/2015
2015003927;1;1;1;1;1;650;07/08/2015
2015003928;1;1;1;1;6;650;12/11/2015
2015003929;1;1;6;1;3;650;10/12/2015
2015003930;3;1;1;1;6;650;10/02/2015
2015003931;1;1;1;1;6;650;17/03/2015
2015003932;1;1;2;1;5;650;16/07/2015
2015003933;1;1;1;1;7;650;07/08/2015
2015003934;1;1;1;8;1;650;10/09/2015
2015003935;5;2;1;1;6;650;08/02/2015
2015003936;1;1;1;1;1;650;18/08/2015
2015003937;1;1;1;2;1;650;31/07/2015
2015003938;3;2;1;1;6;650;08/08/2015
2015003939;1;1;1;1;3;650;11/08/2015
2015003940;1;1;1;1;6;650;30/08/2015
2015003941;1;2;1;1;1;650;29/12/2015
2015003942;1;1;1;7;7;650;16/07/2015
2015003943;1;1;1;1;1;650;02/08/2015
2015003944;3;1;1;1;1;650;13/08/2015
2015003945;1;1;1;1;6;650;05/09/2015
2015003946;1;1;1;4;1;650;21/02/2015
2015003947;1;1;3;1;1;650;01/07/2015
2015003948;1;2;3;1;6;650;24/07/2015
2015003949;1;1;1;1;7;650;01/08/2015
2015003950;3;1;1;1;6;650;16/08/2015
2015003951;1;1;1;1;2;650;16/08/2015
2015003952;1;1;2;5;6;650;03/09/2015
2015003953;3;1;1;8;6;650;08/10/2015
2015003954;1;1;2;1;6;650;10/10/2015
2015003955;5;2;4;1;6;650;11/10/2015
2015003956;3;1;1;3;7;650;30/01/2015
2015003957;1;2;1;1;6;650;28/09/2015
2015003958;1;1;1;1;1;650;27/12/2015
2015003959;1;2;2;1;3;650;06/06/2015
2015003960;3;1;1;1;7;650;15/01/2015
2015003961;1;1;1;1;3;810;15/12/2015
2015003962;3;1;1;5;6;810;01/12/2015
2015003963;1;1;1;1;3;810;24/07/2015
2015003964;1;2;8;1;6;810;06/12/2015
2015003965;1;1;1;1;1;810;12/04/2015
2015003966;1;1;1;1;1;810;26/04/2015
2015003967;2;1;1;6;6;810;28/12/2015
2015003968;1;2;1;1;6;810;31/05/2015
2015003969;2;1;1;7;1;810;26/06/2015
2015003970;3;1;1;1;7;810;21/08/2015
2015003971;1;1;1;1;6;810;12/02/2015
2015003972;1;1;1;1;6;810;26/06/2015
2015003973;2;1;1;1;7;810;22/08/2015
2015003974;3;1;1;8;7;810;23/08/2015
2015003975;2;1;1;7;7;810;06/11/2015
2015003976;2;1;6;2;7;810;17/01/2015
2015003977;1;1;1;2;6;810;14/02/2015
2015003978;2;1;1;2;2;810;14/03/2015
2015003979;2;1;1;1;1;810;18/03/2015
2015003980;3;2;1;1;6;810;27/03/2015
2015003981;2;1;1;1;3;810;09/06/2015
2015003982;1;1;1;1;1;810;24/06/2015
2015003983;2;1;1;1;7;810;02/07/2015
2015003984;1;1;1;7;7;810;26/07/2015
2015003985;3;1;1;1;1;810;09/09/2015
2015003986;1;1;1;1;7;810;19/09/2015
2015003987;1;2;1;1;3;810;29/11/2015
2015003988;5;2;1;1;7;810;19/12/2015
2015003989;1;1;1;1;2;810;15/06/2015
2015003990;1;2;1;1;7;810;27/08/2015
2015003991;5;2;7;1;6;810;10/02/2015
2015003992;3;1;1;2;7;810;14/02/2015
2015003993;1;1;1;1;6;810;02/04/2015
2015003994;1;1;1;1;1;810;17/07/2015
2015003995;1;1;1;1;6;810;23/07/2015
2015003996;1;1;1;1;6;810;15/11/2015
2015003997;1;2;2;1;1;810;24/12/2015
2015003998;1;1;1;1;6;810;26/03/2015
2015003999;1;2;6;1;1;810;15/04/2015
2015004000;1;1;1;1;6;810;23/05/2015
2015004001;1;1;4;1;3;810;13/06/2015
2015004002;1;1;1;7;1;810;26/06/2015
2015004003;1;1;1;7;1;810;26/06/2015
2015004004;1;1;2;1;5;810;29/06/2015
2015004005;1;1;1;1;6;810;07/07/2015
2015004006;1;2;1;1;6;810;29/07/2015
2015004007;1;1;1;1;1;810;07/09/2015
2015004008;2;1;1;1;1;810;10/10/2015
2015004009;3;1;1;1;6;810;10/10/2015
2015004010;1;1;1;1;1;810;31/10/2015
2015004011;1;2;1;1;6;810;05/12/2015
2015004012;3;1;1;1;7;810;11/12/2015
2015004013;3;1;1;5;6;810;22/12/2015
2015004014;3;1;1;1;6;810;30/12/2015
2015004015;1;2;9;1;6;690;11/02/2015
2015004016;1;2;1;1;1;690;30/07/2015
2015004017;1;2;1;1;3;690;01/08/2015
2015004018;1;1;1;1;2;690;06/09/2015
2015004019;1;2;1;1;1;690;25/09/2015
2015004020;1;2;1;7;2;690;09/10/2015
2015004021;5;2;1;1;3;690;06/12/2015
2015004022;5;2;3;8;3;20;07/01/2015
2015004023;5;2;1;1;6;20;13/01/2015
2015004024;1;1;1;3;5;20;28/01/2015
2015004025;1;2;2;1;5;20;03/02/2015
2015004026;5;2;1;1;6;20;08/02/2015
2015004027;1;2;1;1;6;20;17/04/2015
2015004028;1;2;1;1;6;20;18/04/2015
2015004029;1;2;1;1;6;20;18/04/2015
2015004030;1;2;2;1;1;20;03/08/2015
2015004031;5;2;2;1;3;20;19/08/2015
2015004032;1;1;1;1;1;20;28/09/2015
2015004033;2;2;2;3;3;20;20/11/2015
2015004034;1;2;1;2;6;20;25/11/2015
2015004035;1;1;1;8;2;20;01/12/2015
2015004036;1;2;1;1;3;20;21/05/2015
2015004037;2;1;2;1;3;810;12/01/2015
2015004038;3;1;1;1;6;810;24/01/2015
2015004039;1;2;1;1;2;810;02/03/2015
2015004040;1;1;2;1;1;810;29/04/2015
2015004041;1;1;2;7;3;810;09/05/2015
2015004042;1;1;1;1;7;810;19/06/2015
2015004043;1;2;7;1;1;810;07/08/2015
2015004044;1;2;1;1;6;810;19/10/2015
2015004045;1;1;1;1;7;810;24/10/2015
2015004046;1;1;2;1;3;810;25/10/2015
2015004047;3;1;1;1;7;810;16/12/2015
2015004048;3;1;1;9;6;810;24/01/2015
2015004049;3;1;1;1;1;810;19/02/2015
2015004050;1;1;1;1;6;810;02/09/2015
2015004051;1;1;1;1;1;810;21/09/2015
2015004052;1;2;1;1;3;810;12/10/2015
2015004053;3;1;1;1;2;810;04/12/2015
2015004054;1;1;1;1;5;810;13/02/2015
2015004055;2;1;1;8;3;810;24/08/2015
2015004056;1;1;1;1;6;810;08/11/2015
2015004057;1;1;1;1;6;810;23/11/2015
2015004058;3;1;1;1;1;810;09/12/2015
2015004059;1;1;1;1;5;820;20/10/2015
2015004060;1;1;1;1;1;820;06/11/2015
2015004061;1;1;1;2;1;820;30/01/2015
2015004062;1;1;1;1;7;820;12/04/2015
2015004063;1;2;1;1;1;820;11/06/2015
2015004064;1;1;6;1;3;820;22/06/2015
2015004065;1;2;7;1;6;820;21/06/2015
2015004066;3;1;1;1;6;820;27/06/2015