num_acc;lum;agg;inter;atm;col;dep;date
2015004655;1;2;9;1;1;20;20/08/2015
2015004656;1;2;1;1;6;20;26/07/2015
2015004657;1;1;1;3;3;20;12/09/2015
2015004658;1;2;1;7;3;20;24/09/2015
2015004659;1;2;3;7;6;20;23/09/2015
2015004660;1;2;1;1;6;20;10/10/2015
2015004661;4;2;1;3;6;20;08/12/2015
2015004662;1;2;2;2;5;20;11/12/2015
2015004663;1;1;1;2;1;380;27/01/2015
2015004664;1;2;1;1;6;380;10/03/2015
2015004665;1;2;1;1;3;380;12/05/2015
2015004666;1;2;1;1;3;380;23/07/2015
2015004667;1;2;1;1;3;380;05/12/2015
2015004668;5;2;1;1;6;380;27/12/2015
2015004669;1;2;1;1;7;380;16/09/2015
2015004670;1;2;6;1;3;380;21/09/2015
2015004671;1;1;1;2;3;380;04/04/2015
2015004672;1;2;1;1;3;380;01/07/2015
2015004673;1;2;1;1;6;380;02/07/2015
2015004674;5;2;1;1;6;380;19/07/2015
2015004675;5;1;8;1;6;380;13/11/2015
2015004676;1;1;1;7;6;380;10/01/2015
2015004677;1;2;1;1;6;380;21/01/2015
2015004678;1;1;1;4;3;380;24/01/2015
2015004679;1;1;1;1;1;380;08/06/2015
2015004680;1;1;1;1;7;380;17/07/2015
2015004681;1;1;4;1;5;380;22/09/2015
2015004682;5;2;1;1;3;380;04/11/2015
2015004683;1;2;1;1;1;380;20/12/2015
2015004684;1;2;1;1;6;380;18/03/2015
2015004685;1;2;1;1;6;380;05/08/2015
2015004686;1;1;1;1;3;380;20/06/2015
2015004687;3;1;1;8;6;380;17/10/2015
2015004688;1;1;1;4;1;380;05/02/2015
2015004689;1;1;1;7;7;380;11/04/2015
2015004690;1;1;1;1;4;380;20/04/2015
2015004691;1;1;9;1;6;380;06/06/2015
2015004692;1;1;1;1;3;380;14/07/2015
2015004693;1;2;1;1;2;380;15/07/2015
2015004694;1;2;1;1;3;380;30/07/2015
2015004695;1;2;6;1;2;380;28/08/2015
2015004696;1;1;1;1;6;380;14/09/2015
2015004697;1;2;1;1;7;380;10/09/2015
2015004698;1;1;1;1;3;380;01/10/2015
2015004699;3;1;6;2;7;380;04/10/2015
2015004700;1;1;1;1;6;380;01/11/2015
2015004701;5;2;2;2;6;380;20/11/2015
2015004702;1;1;1;1;3;380;10/01/2015
2015004703;3;1;1;1;6;380;05/06/2015
2015004704;1;1;9;1;2;380;12/12/2015
2015004705;1;1;1;1;1;380;18/04/2015
2015004706;1;1;1;1;6;380;23/04/2015
2015004707;1;1;1;3;1;380;15/05/2015
2015004708;1;2;1;1;4;380;27/07/2015
2015004709;1;1;1;1;4;380;03/08/2015
2015004710;1;2;1;8;7;380;09/08/2015
2015004711;1;1;1;1;3;380;21/08/2015
2015004712;1;2;1;1;3;380;22/08/2015
2015004713;1;2;1;1;3;380;09/11/2015
2015004714;5;2;1;8;6;380;16/03/2015
2015004715;1;1;1;1;6;380;10/04/2015
2015004716;3;1;1;1;6;380;07/06/2015
2015004717;1;1;1;1;1;380;12/07/2015
2015004718;1;1;1;1;1;380;06/08/2015
2015004719;3;1;1;1;7;380;25/10/2015
2015004720;1;2;6;2;3;20;03/03/2015
2015004721;1;1;1;1;3;20;27/03/2015
2015004722;1;2;1;1;7;20;07/04/2015
2015004723;5;2;1;2;6;20;02/05/2015
2015004724;1;2;1;1;6;20;11/04/2015
2015004725;1;2;1;1;6;20;30/05/2015
2015004726;1;2;1;1;6;20;22/04/2015
2015004727;1;1;1;1;5;20;13/06/2015
2015004728;1;2;2;1;2;20;25/06/2015
2015004729;1;2;2;7;6;20;17/06/2015
2015004730;1;1;2;7;3;20;11/07/2015
2015004731;1;1;1;1;4;20;10/09/2015
2015004732;1;1;1;1;6;20;28/09/2015
2015004733;1;1;2;1;3;20;24/10/2015
2015004734;1;2;1;8;7;20;04/12/2015
2015004735;1;2;1;1;6;20;18/12/2015
2015004736;1;2;1;1;4;20;20/12/2015
2015004737;1;2;1;1;6;380;19/02/2015
2015004738;5;2;2;2;1;380;27/02/2015
2015004739;1;1;3;1;3;380;19/03/2015
2015004740;1;2;6;1;3;380;24/04/2015
2015004741;1;1;1;1;1;380;24/05/2015
2015004742;1;1;1;1;2;380;02/06/2015
2015004743;1;1;1;1;4;380;07/07/2015
2015004744;1;1;1;2;7;380;20/11/2015
2015004745;1;1;1;1;7;380;13/12/2015
2015004746;1;1;1;1;6;380;20/12/2015
2015004747;3;1;1;1;6;380;14/05/2015
2015004748;1;2;4;1;2;380;14/08/2015
2015004749;1;2;1;1;3;380;27/10/2015
2015004750;1;1;1;5;1;380;18/02/2015
2015004751;3;1;2;3;6;380;01/05/2015
2015004752;1;2;1;1;3;380;13/06/2015
2015004753;1;1;1;1;3;380;18/06/2015
2015004754;1;1;1;1;6;380;02/08/2015
2015004755;3;1;9;1;1;380;07/01/2015
2015004756;3;1;1;1;1;380;06/03/2015
2015004757;1;1;1;1;3;380;30/04/2015
2015004758;5;2;1;1;1;380;31/05/2015
2015004759;1;1;1;1;3;380;01/06/2015
2015004760;1;2;1;1;6;380;24/06/2015
2015004761;1;1;1;1;1;380;01/08/2015
2015004762;1;1;1;1;6;380;20/09/2015
2015004763;1;2;3;1;3;380;10/12/2015
2015004764;1;2;1;1;1;380;24/05/2015
2015004765;5;2;3;1;3;380;30/05/2015
2015004766;1;1;1;3;1;380;12/10/2015
2015004767;2;1;1;1;1;380;11/11/2015
2015004768;3;1;1;9;1;380;28/12/2015
2015004769;1;1;1;1;3;380;03/03/2015
2015004770;1;2;1;1;6;380;23/03/2015
2015004771;1;1;1;1;6;380;24/03/2015
2015004772;1;1;2;1;3;380;14/04/2015
2015004773;3;1;1;1;7;380;05/06/2015
2015004774;1;2;1;1;1;380;19/06/2015
2015004775;1;2;1;1;6;380;05/09/2015
2015004776;1;1;1;7;1;380;13/01/2015
2015004777;1;1;2;1;3;380;11/05/2015
2015004778;1;2;1;1;6;380;12/05/2015
2015004779;1;1;1;1;6;380;30/05/2015
2015004780;1;1;1;1;6;380;29/05/2015
2015004781;1;2;1;1;3;380;31/05/2015
2015004782;1;1;1;2;3;380;16/06/2015
2015004783;1;1;1;1;6;380;05/07/2015
2015004784;1;1;1;1;4;380;14/07/2015
2015004785;1;1;1;1;1;380;24/07/2015
2015004786;1;1;3;1;1;380;14/08/2015
2015004787;1;2;3;1;7;380;14/10/2015
2015004788;3;1;1;1;6;380;25/10/2015
2015004789;3;1;1;1;7;380;27/10/2015
2015004790;1;2;1;1;3;380;08/11/2015
2015004791;3;1;1;3;1;380;19/01/2015
2015004792;1;1;1;1;1;380;07/03/2015
2015004793;3;1;1;1;7;380;09/06/2015
2015004794;1;1;1;1;1;380;16/07/2015
2015004795;1;1;1;1;7;380;28/08/2015
2015004796;1;1;1;1;1;380;30/08/2015
2015004797;2;1;1;1;1;380;24/10/2015
2015004798;5;2;1;2;6;380;29/11/2015
2015004799;5;2;1;1;6;380;13/12/2015
2015004800;1;2;1;2;6;380;19/04/2015
2015004801;1;2;1;1;6;380;18/09/2015
2015004802;5;2;6;2;3;380;27/10/2015
2015004803;3;2;1;1;6;380;14/11/2015
2015004804;1;2;9;7;6;380;09/12/2015
2015004805;2;2;1;1;3;380;15/01/2015
2015004806;1;1;1;1;1;380;11/02/2015
2015004807;1;2;1;1;5;380;14/04/2015
2015004808;3;2;1;3;7;380;14/05/2015
2015004809;1;1;1;2;5;380;12/06/2015
2015004810;1;1;1;1;3;380;28/06/2015
2015004811;1;1;1;1;1;380;11/07/2015
2015004812;1;1;1;1;1;380;12/07/2015
2015004813;3;1;1;1;6;380;26/07/2015
2015004814;1;2;1;1;7;380;26/10/2015
2015004815;1;1;1;1;6;380;24/12/2015
2015004816;1;1;1;1;1;380;09/04/2015
2015004817;1;1;4;1;5;380;10/05/2015
2015004818;1;1;2;1;3;380;05/06/2015
2015004819;1;1;1;1;3;380;25/06/2015
2015004820;1;1;1;1;1;380;12/07/2015
2015004821;1;1;1;1;1;380;11/08/2015
2015004822;3;1;1;1;3;380;22/12/2015
2015004823;2;1;1;4;1;380;24/01/2015
2015004824;3;1;1;1;6;380;05/04/2015
2015004825;1;1;1;1;7;380;11/04/2015
2015004826;1;1;1;1;3;380;11/04/2015
2015004827;1;1;1;1;6;380;12/07/2015
2015004828;1;1;1;1;3;380;23/07/2015
2015004829;1;1;1;7;3;380;23/07/2015
2015004830;5;2;1;1;2;380;17/08/2015
2015004831;3;1;1;1;5;380;27/10/2015
2015004832;1;2;1;7;6;380;18/12/2015
2015004833;1;2;9;1;6;380;28/12/2015
2015004834;1;1;1;1;3;380;23/12/2015
2015004835;1;2;3;1;1;380;20/04/2015
2015004836;1;1;1;1;6;380;16/05/2015
2015004837;2;1;1;1;4;380;06/06/2015
2015004838;1;1;1;1;3;380;23/07/2015
2015004839;1;1;1;1;7;380;30/07/2015
2015004840;5;2;1;1;6;380;31/10/2015
2015004841;1;2;1;2;1;380;21/11/2015
2015004842;1;1;1;1;2;440;18/03/2015
2015004843;1;1;1;2;1;440;26/03/2015
2015004844;1;1;1;1;6;440;18/07/2015
2015004845;3;1;1;1;6;440;19/07/2015
2015004846;1;1;1;1;3;440;01/08/2015
2015004847;2;1;1;2;3;440;22/09/2015
2015004848;1;1;1;1;1;440;23/09/2015
2015004849;1;2;6;1;3;440;31/10/2015
2015004850;1;1;3;1;3;440;08/11/2015
2015004851;1;1;1;2;1;380;06/10/2015
2015004852;3;1;1;1;7;380;17/01/2015
2015004853;3;1;2;2;3;380;20/01/2015
2015004854;1;1;1;2;6;380;20/01/2015
2015004855;1;1;1;1;1;380;07/10/2015
2015004856;5;2;1;1;3;380;12/02/2015
2015004857;1;2;1;7;3;380;23/03/2015
2015004858;3;1;1;1;6;380;07/04/2015
2015004859;2;2;1;1;6;380;15/04/2015
2015004860;1;1;9;1;1;380;05/07/2015
2015004861;1;1;1;1;7;380;11/10/2015
2015004862;1;2;1;1;3;380;29/07/2015
2015004863;3;1;1;2;6;380;14/02/2015
2015004864;1;1;2;1;3;380;20/02/2015
2015004865;1;1;1;1;1;380;22/05/2015
2015004866;3;1;1;1;6;380;18/06/2015
2015004867;3;1;1;1;7;380;26/06/2015
2015004868;1;1;3;1;7;380;19/07/2015
2015004869;1;1;1;1;1;380;31/07/2015
2015004870;1;1;1;1;3;380;16/08/2015
2015004871;1;1;2;7;5;380;19/09/2015
2015004872;2;2;2;1;5;380;01/10/2015
2015004873;5;2;1;1;6;380;24/10/2015
2015004874;1;2;3;1;1;380;29/10/2015
2015004875;3;1;2;1;3;380;26/11/2015
2015004876;3;1;1;1;1;380;30/11/2015
2015004877;1;1;1;1;5;380;02/01/2015
2015004878;3;1;2;1;6;380;25/01/2015
2015004879;3;1;1;8;1;380;02/02/2015
2015004880;1;2;1;1;1;380;28/02/2015
2015004881;1;1;1;1;3;380;17/03/2015
2015004882;1;1;2;7;3;380;07/04/2015
2015004883;1;1;1;1;1;380;15/04/2015
2015004884;3;1;1;1;2;380;06/05/2015
2015004885;1;2;1;1;2;380;20/06/2015
2015004886;3;1;1;1;6;380;21/06/2015
2015004887;3;1;2;1;3;380;29/06/2015
2015004888;1;1;1;1;6;380;09/07/2015
2015004889;1;1;1;1;1;380;16/07/2015
2015004890;1;2;1;1;2;380;07/09/2015
2015004891;3;1;1;1;6;380;19/09/2015
2015004892;1;1;1;1;1;380;05/10/2015
2015004893;5;2;1;1;1;380;01/11/2015
2015004894;3;1;1;1;1;380;01/01/2015
2015004895;5;2;1;2;1;380;01/03/2015
2015004896;1;2;1;2;3;380;04/04/2015
2015004897;2;1;1;2;1;380;04/04/2015
2015004898;1;2;1;1;3;380;13/04/2015
2015004899;1;2;3;1;1;380;15/04/2015
2015004900;1;2;1;1;1;380;20/05/2015
2015004901;2;2;1;1;1;380;20/06/2015
2015004902;5;2;1;2;1;380;12/09/2015
2015004903;3;1;1;1;7;380;06/12/2015
2015004904;3;1;1;1;6;380;20/12/2015
2015004905;5;1;2;1;3;380;08/01/2015
2015004906;1;1;1;1;3;380;03/03/2015
2015004907;1;1;1;1;1;380;22/03/2015
2015004908;1;1;3;1;3;380;26/03/2015
2015004909;1;1;1;1;1;380;10/04/2015
2015004910;5;2;1;1;5;380;11/04/2015
2015004911;1;2;1;1;3;380;13/04/2015
2015004912;1;2;1;1;3;380;15/04/2015
2015004913;1;1;1;8;3;380;25/04/2015
2015004914;1;2;1;1;3;380;10/05/2015
2015004915;1;2;1;1;6;380;19/05/2015
2015004916;3;1;1;1;6;380;27/05/2015
2015004917;1;1;1;1;3;380;25/07/2015
2015004918;1;1;1;1;6;380;10/08/2015
2015004919;1;2;1;1;6;380;09/09/2015
2015004920;3;1;1;2;6;380;06/10/2015
2015004921;2;2;2;1;3;380;17/10/2015
2015004922;4;2;2;8;6;380;28/11/2015
2015004923;3;1;1;1;6;380;08/12/2015
2015004924;1;1;1;1;3;380;18/12/2015
2015004925;3;1;1;9;6;380;09/02/2015
2015004926;1;1;1;1;7;380;16/03/2015
2015004927;2;1;1;2;3;380;03/03/2015
2015004928;1;2;9;1;3;380;01/06/2015
2015004929;2;1;1;2;5;380;22/07/2015
2015004930;1;1;1;1;2;380;20/08/2015
2015004931;1;1;1;1;6;380;25/08/2015
2015004932;1;2;1;1;2;380;30/09/2015
2015004933;1;2;1;1;6;380;31/10/2015
2015004934;3;1;2;1;3;380;20/12/2015
2015004935;1;2;1;1;3;420;09/09/2015
2015004936;1;2;1;9;7;420;13/10/2015
2015004937;3;1;1;1;1;420;31/10/2015
2015004938;1;1;1;8;5;420;15/12/2015
2015004939;1;1;1;1;1;420;14/01/2015
2015004940;1;1;1;8;1;420;13/01/2015
2015004941;1;1;1;4;1;420;21/02/2015
2015004942;1;2;7;1;6;420;12/04/2015
2015004943;1;1;1;7;7;420;12/04/2015
2015004944;1;1;1;8;7;420;09/05/2015
2015004945;1;1;1;1;7;420;06/06/2015
2015004946;2;1;1;1;6;420;16/06/2015
2015004947;1;1;1;1;2;420;25/06/2015
2015004948;1;1;1;1;6;420;26/06/2015
2015004949;1;1;1;1;7;420;28/06/2015
2015004950;1;1;1;7;1;420;04/07/2015
2015004951;1;1;1;1;6;420;03/07/2015
2015004952;1;1;1;9;1;420;24/07/2015
2015004953;1;1;2;1;1;420;03/08/2015
2015004954;1;1;2;1;3;420;16/08/2015
2015004955;1;1;1;1;1;420;05/09/2015
2015004956;1;1;1;1;7;420;18/09/2015
2015004957;1;1;1;1;3;420;18/09/2015
2015004958;3;1;1;1;1;420;24/09/2015
2015004959;1;1;1;1;6;420;10/10/2015
2015004960;5;1;1;1;1;420;31/10/2015
2015004961;1;2;6;1;3;420;31/05/2015
2015004962;1;1;6;1;7;420;06/06/2015
2015004963;1;2;1;1;6;420;14/06/2015
2015004964;3;2;1;1;6;420;11/07/2015
2015004965;1;1;1;7;2;420;07/08/2015
2015004966;1;1;1;1;1;420;06/11/2015
2015004967;3;1;1;1;1;420;06/11/2015
2015004968;1;1;1;2;6;420;21/01/2015
2015004969;1;1;6;1;3;420;12/02/2015
2015004970;1;2;6;1;1;420;07/04/2015
2015004971;1;2;9;1;6;420;15/04/2015
2015004972;1;1;1;7;6;420;23/04/2015
2015004973;1;2;1;1;3;420;24/04/2015
2015004974;4;1;1;1;7;420;21/05/2015
2015004975;1;2;1;1;6;420;05/06/2015
2015004976;1;2;1;1;2;420;29/06/2015
2015004977;1;2;1;1;2;420;24/07/2015
2015004978;1;1;1;1;1;420;12/09/2015
2015004979;1;1;1;1;6;420;30/09/2015
2015004980;3;1;1;1;1;420;07/11/2015
2015004981;1;1;1;1;2;420;24/11/2015
2015004982;3;2;1;2;7;420;11/01/2015
2015004983;1;2;1;2;6;420;23/01/2015
2015004984;1;1;1;1;6;420;08/02/2015
2015004985;1;1;1;1;3;420;28/03/2015
2015004986;1;1;2;1;3;420;04/04/2015
2015004987;1;2;2;1;3;420;18/04/2015
2015004988;1;2;1;1;6;420;31/05/2015
2015004989;1;2;1;1;3;420;01/07/2015
2015004990;1;2;1;1;3;420;07/07/2015
2015004991;1;2;1;1;6;420;20/07/2015
2015004992;1;2;1;1;3;420;12/08/2015
2015004993;1;1;1;7;1;420;09/09/2015
2015004994;2;1;1;1;2;420;10/09/2015
2015004995;1;2;1;1;1;420;21/09/2015
2015004996;1;2;1;1;7;420;01/10/2015
2015004997;2;1;1;1;1;420;06/12/2015
2015004998;3;1;1;1;1;420;11/12/2015
2015004999;1;2;1;1;6;420;06/01/2015
2015005000;2;1;1;1;3;420;08/01/2015
2015005001;3;1;1;2;7;420;01/03/2015
2015005002;1;2;1;1;6;420;28/03/2015
2015005003;2;1;1;1;6;420;18/04/2015
2015005004;1;1;1;1;1;420;24/04/2015
2015005005;1;1;1;1;1;420;25/04/2015
2015005006;1;1;1;1;1;420;25/04/2015
2015005007;3;1;1;8;1;420;16/05/2015
2015005008;1;1;1;1;3;420;28/05/2015
2015005009;1;2;1;1;5;420;10/06/2015
2015005010;3;1;1;1;7;420;28/06/2015
2015005011;1;1;1;1;6;420;03/07/2015
2015005012;1;1;1;1;3;420;09/07/2015
2015005013;3;1;1;1;6;420;13/07/2015
2015005014;1;1;1;1;3;420;06/09/2015
2015005015;1;1;1;1;2;420;10/09/2015
2015005016;1;1;1;1;2;420;10/09/2015
2015005017;1;1;2;1;3;420;14/09/2015
2015005018;1;1;1;1;7;420;20/09/2015
2015005019;1;1;1;1;6;420;27/09/2015
2015005020;1;1;4;1;1;420;10/10/2015
2015005021;3;1;3;1;3;420;11/10/2015
2015005022;1;2;1;1;6;420;03/11/2015
2015005023;2;1;1;5;1;420;21/11/2015
2015005024;1;1;1;1;6;420;12/12/2015
2015005025;2;1;1;8;5;420;15/12/2015
2015005026;3;1;1;1;1;420;07/02/2015
2015005027;3;1;1;1;7;420;20/02/2015
2015005028;1;1;1;1;1;420;20/02/2015
2015005029;1;1;1;1;1;420;25/03/2015
2015005030;1;2;1;1;3;420;21/04/2015
2015005031;5;2;1;2;6;420;26/04/2015
2015005032;1;1;1;1;3;420;02/05/2015
2015005033;1;1;1;1;5;420;06/05/2015
2015005034;1;2;1;1;6;420;19/06/2015
2015005035;1;2;1;1;3;420;20/06/2015
2015005036;3;1;1;1;5;420;10/08/2015
2015005037;1;1;1;1;6;420;30/08/2015
2015005038;3;1;1;2;7;420;03/10/2015
2015005039;5;2;3;1;3;420;11/10/2015
2015005040;1;2;1;1;6;420;16/10/2015
2015005041;1;2;1;1;6;420;27/10/2015
2015005042;1;1;2;1;3;420;07/12/2015
2015005043;1;1;1;1;7;420;13/04/2015
2015005044;1;1;1;1;7;420;24/06/2015
2015005045;1;1;1;1;6;420;19/08/2015
2015005046;1;2;1;1;6;420;20/08/2015
2015005047;1;1;1;1;6;420;30/09/2015
2015005048;1;1;2;1;3;420;04/10/2015
2015005049;1;1;1;2;7;420;23/10/2015
2015005050;1;2;1;1;6;420;24/10/2015
2015005051;1;1;1;8;7;420;25/10/2015
2015005052;3;2;1;1;1;420;14/02/2015
2015005053;1;2;1;1;3;420;17/03/2015
2015005054;1;1;1;1;3;420;20/05/2015
2015005055;1;2;1;1;3;420;02/06/2015
2015005056;1;2;3;1;3;420;08/07/2015
2015005057;1;1;1;2;3;420;29/07/2015
2015005058;1;1;1;1;7;420;21/08/2015
2015005059;5;2;1;1;5;420;25/08/2015
2015005060;1;1;6;7;3;420;25/08/2015
2015005061;1;2;1;1;3;420;28/08/2015
2015005062;1;2;1;2;6;420;01/09/2015
2015005063;1;2;1;1;3;420;13/09/2015
2015005064;1;2;1;1;3;420;24/09/2015
2015005065;3;1;1;1;6;420;04/11/2015
2015005066;1;2;1;1;6;420;24/11/2015
2015005067;2;2;1;1;7;420;09/12/2015
2015005068;5;2;1;8;6;420;21/12/2015
2015005069;1;1;1;1;6;420;08/03/2015
2015005070;1;2;1;1;3;420;08/04/2015
2015005071;5;1;1;2;1;420;16/04/2015
2015005072;1;2;9;1;3;420;23/04/2015
2015005073;1;2;1;7;1;420;28/04/2015
2015005074;1;1;1;1;4;420;26/04/2015
2015005075;1;1;1;1;3;420;11/05/2015
2015005076;1;2;1;1;1;420;06/07/2015
2015005077;1;1;1;1;1;420;24/07/2015
2015005078;1;1;1;1;3;420;30/08/2015
2015005079;1;2;1;1;1;420;25/09/2015
2015005080;1;2;1;1;6;420;29/09/2015
2015005081;1;2;1;3;3;420;25/11/2015
2015005082;1;1;1;8;2;420;04/12/2015
2015005083;5;1;1;1;7;420;17/12/2015
2015005084;2;1;1;9;6;420;09/01/2015
2015005085;1;1;2;1;3;420;12/01/2015
2015005086;2;1;6;2;7;420;30/01/2015
2015005087;1;1;2;1;3;420;15/03/2015
2015005088;1;1;1;1;7;420;01/04/2015
2015005089;1;2;1;7;6;420;08/04/2015
2015005090;1;1;1;1;1;420;05/06/2015
2015005091;1;1;1;1;7;420;29/08/2015
2015005092;2;1;1;1;1;420;27/11/2015
2015005093;1;1;1;1;6;420;26/12/2015
2015005094;1;2;1;7;6;420;10/01/2015
2015005095;1;2;6;1;1;420;24/02/2015
2015005096;1;1;1;1;7;420;19/06/2015
2015005097;1;1;1;1;6;420;04/07/2015
2015005098;2;1;1;2;6;420;08/08/2015
2015005099;3;1;1;1;7;420;30/11/2015
2015005100;1;1;1;1;6;420;04/12/2015
2015005101;5;2;1;2;3;420;06/01/2015
2015005102;3;1;1;2;1;420;08/01/2015
2015005103;2;1;1;8;7;420;14/02/2015
2015005104;1;1;1;1;6;420;12/05/2015
2015005105;1;1;2;1;3;420;22/05/2015
2015005106;1;1;3;1;1;420;09/06/2015
2015005107;1;1;1;1;6;420;15/06/2015
2015005108;1;1;1;3;6;420;18/07/2015
2015005109;1;2;1;1;6;420;03/08/2015
2015005110;3;1;1;1;6;420;23/10/2015
2015005111;1;1;1;1;2;420;30/08/2015
2015005112;1;1;1;1;6;420;22/04/2015
2015005113;1;2;1;1;1;420;27/06/2015
2015005114;5;1;1;5;6;730;03/01/2015
2015005115;1;1;1;1;6;730;17/05/2015
2015005116;1;1;1;1;1;730;14/07/2015
2015005117;5;1;7;1;6;730;31/07/2015
2015005118;1;2;1;1;2;730;01/10/2015
2015005119;3;1;1;1;5;730;16/10/2015
2015005120;1;1;3;7;3;730;06/08/2015
2015005121;3;1;1;8;6;730;14/10/2015
2015005122;1;1;1;1;7;730;16/05/2015
2015005123;1;2;1;1;2;730;10/06/2015
2015005124;3;1;1;3;7;730;16/08/2015
2015005125;1;2;1;1;6;730;24/09/2015
2015005126;2;1;1;2;6;730;13/10/2015
2015005127;1;1;1;1;7;730;25/05/2015
2015005128;2;1;3;3;5;730;14/01/2015
2015005129;1;1;1;1;1;730;23/04/2015
2015005130;1;1;3;1;3;730;25/04/2015
2015005131;3;1;1;1;6;730;23/08/2015
2015005132;3;1;1;2;6;730;27/10/2015
2015005133;5;2;6;2;6;730;10/12/2015
2015005134;5;1;4;1;5;730;18/12/2015
2015005135;5;2;1;1;6;730;22/01/2015
2015005136;5;2;1;1;3;730;03/02/2015
2015005137;1;2;3;1;6;730;11/03/2015
2015005138;4;1;1;3;6;730;30/03/2015
2015005139;1;1;4;1;4;730;28/06/2015
2015005140;1;1;9;1;3;730;21/08/2015
2015005141;1;1;1;1;6;730;30/08/2015
2015005142;1;1;1;1;5;730;20/09/2015
2015005143;1;1;3;1;3;730;20/09/2015
2015005144;2;2;6;1;3;730;24/09/2015
2015005145;2;1;1;1;1;730;19/10/2015
2015005146;3;1;1;1;1;730;31/12/2015
2015005147;2;1;1;1;1;730;25/01/2015
2015005148;1;1;1;2;1;730;21/03/2015
2015005149;5;1;1;2;1;730;29/11/2015
2015005150;1;1;1;1;3;730;23/03/2015
2015005151;1;1;1;3;6;730;16/08/2015
2015005152;1;1;1;1;1;730;21/10/2015
2015005153;1;1;1;1;1;730;24/10/2015
2015005154;1;1;1;1;1;730;31/10/2015
2015005155;1;1;1;2;6;730;29/11/2015
2015005156;1;1;1;1;3;730;06/06/2015
2015005157;1;2;1;1;7;730;19/09/2015
2015005158;1;1;1;1;7;730;31/05/2015
2015005159;1;1;1;1;7;730;14/06/2015
2015005160;1;1;1;1;1;730;27/06/2015
2015005161;1;1;4;1;3;730;02/12/2015
2015005162;3;1;1;1;7;730;02/01/2015
2015005163;2;1;1;4;1;730;01/03/2015
2015005164;1;2;1;8;6;730;20/03/2015
2015005165;1;1;1;1;7;730;06/06/2015
2015005166;3;1;9;1;7;730;25/06/2015
2015005167;3;1;1;1;1;730;28/11/2015
2015005168;1;1;1;1;6;730;06/12/2015
2015005169;1;2;1;7;6;730;24/12/2015
2015005170;5;2;1;1;1;730;10/01/2015
2015005171;1;1;1;1;2;730;10/04/2015
2015005172;1;1;1;8;6;730;23/05/2015
2015005173;1;2;7;7;6;730;27/12/2015
2015005174;1;2;1;1;6;730;30/12/2015
2015005175;3;1;1;1;7;730;16/03/2015
2015005176;1;1;1;1;6;730;17/05/2015
2015005177;3;1;1;1;1;730;17/10/2015
2015005178;1;1;1;1;1;730;01/12/2015
2015005179;3;2;1;1;7;730;10/01/2015
2015005180;5;1;1;1;6;730;24/03/2015
2015005181;2;1;1;4;6;730;25/03/2015
2015005182;1;2;6;1;3;730;28/03/2015
2015005183;1;1;1;1;1;730;26/06/2015
2015005184;1;1;1;1;7;730;19/07/2015
2015005185;1;1;1;1;1;730;29/08/2015
2015005186;1;1;1;1;2;730;30/11/2015
2015005187;1;1;1;1;1;730;18/04/2015
2015005188;1;2;4;1;3;730;21/07/2015
2015005189;1;2;1;1;1;730;25/07/2015
2015005190;1;1;1;1;1;730;22/04/2015
2015005191;1;1;1;1;5;730;05/07/2015
2015005192;1;1;1;4;6;730;04/12/2015
2015005193;5;2;1;2;6;740;16/01/2015
2015005194;3;1;1;3;6;740;04/04/2015
2015005195;1;1;4;7;1;740;02/06/2015
2015005196;1;1;1;1;4;740;07/06/2015
2015005197;1;1;1;1;3;740;21/06/2015
2015005198;1;1;2;7;2;740;24/06/2015
2015005199;1;1;1;7;1;740;29/06/2015
2015005200;2;1;1;1;2;740;01/07/2015
2015005201;1;1;1;7;5;740;03/07/2015
2015005202;1;1;1;1;7;740;18/07/2015
2015005203;1;1;1;1;1;740;08/08/2015
2015005204;1;1;1;1;7;740;29/08/2015
2015005205;5;1;1;1;7;740;21/09/2015
2015005206;2;2;1;8;6;740;04/10/2015
2015005207;1;1;2;2;3;740;09/10/2015
2015005208;2;1;3;1;1;740;06/05/2015
2015005209;1;2;4;1;1;740;05/05/2015
2015005210;1;1;2;1;3;740;19/06/2015
2015005211;1;1;1;1;6;740;03/07/2015
2015005212;4;2;2;1;6;740;26/07/2015
2015005213;1;1;1;1;2;740;30/07/2015
2015005214;3;1;1;1;1;740;21/08/2015
2015005215;1;1;1;1;1;740;11/09/2015
2015005216;1;2;1;1;1;740;20/09/2015
2015005217;3;2;1;1;7;740;10/10/2015
2015005218;3;1;1;1;6;740;16/10/2015
2015005219;1;1;1;1;6;740;10/11/2015
2015005220;2;2;2;1;3;740;12/11/2015
2015005221;1;1;1;1;6;740;28/11/2015
2015005222;1;2;7;1;6;740;10/12/2015
2015005223;1;1;1;1;1;740;22/01/2015
2015005224;1;2;9;1;6;740;13/02/2015
2015005225;1;1;1;1;1;740;18/03/2015
2015005226;1;2;1;2;6;740;31/03/2015
2015005227;3;1;1;1;6;740;08/04/2015
2015005228;1;1;1;1;7;740;11/04/2015
2015005229;1;1;4;1;5;740;20/06/2015
2015005230;1;2;4;1;3;740;06/08/2015
2015005231;1;1;1;1;5;740;16/08/2015
2015005232;3;1;1;1;6;740;29/08/2015
2015005233;2;1;1;1;6;740;12/09/2015
2015005234;1;1;1;1;7;740;21/09/2015
2015005235;1;1;1;1;6;740;25/09/2015