num_acc;lum;agg;inter;atm;col;dep;date
2015006400;1;2;3;1;3;680;06/05/2015
2015006401;1;1;1;1;7;680;09/05/2015
2015006402;1;1;1;1;3;680;25/07/2015
2015006403;1;2;1;1;6;680;14/08/2015
2015006404;1;1;1;1;1;680;25/09/2015
2015006405;1;2;1;7;6;680;25/09/2015
2015006406;2;1;1;1;6;680;18/09/2015
2015006407;1;2;1;2;7;680;15/10/2015
2015006408;3;1;1;1;6;680;28/11/2015
2015006409;3;1;1;1;6;680;21/12/2015
2015006410;1;2;1;7;6;680;16/07/2015
2015006411;1;1;1;1;3;680;26/09/2015
2015006412;1;2;1;1;1;680;03/11/2015
2015006413;5;2;1;1;3;680;03/11/2015
2015006414;3;2;9;2;3;680;16/12/2015
2015006415;3;1;1;1;6;680;28/04/2015
2015006416;5;2;3;1;7;680;24/05/2015
2015006417;1;1;1;1;6;680;05/07/2015
2015006418;3;1;1;8;6;680;28/07/2015
2015006419;1;1;2;1;3;680;18/10/2015
2015006420;1;1;1;1;6;680;06/12/2015
2015006421;2;1;1;8;1;510;15/01/2015
2015006422;3;1;1;3;6;510;26/04/2015
2015006423;3;2;1;1;6;510;08/05/2015
2015006424;1;1;1;1;7;510;07/07/2015
2015006425;1;1;1;1;1;510;25/07/2015
2015006426;2;1;1;3;6;510;18/09/2015
2015006427;1;1;1;1;1;510;28/09/2015
2015006428;3;1;3;5;6;510;03/01/2015
2015006429;3;1;1;9;6;510;18/01/2015
2015006430;3;1;1;1;1;510;09/03/2015
2015006431;1;2;1;1;6;510;01/04/2015
2015006432;4;2;1;8;6;510;12/04/2015
2015006433;1;2;7;1;1;510;04/05/2015
2015006434;2;2;1;1;6;510;10/05/2015
2015006435;1;2;1;1;1;510;01/07/2015
2015006436;3;1;1;1;7;510;14/07/2015
2015006437;1;1;1;1;6;510;20/08/2015
2015006438;1;1;1;9;7;510;29/09/2015
2015006439;2;1;1;7;5;510;01/10/2015
2015006440;5;2;1;2;6;510;01/03/2015
2015006441;1;1;2;1;3;510;11/08/2015
2015006442;1;1;1;1;7;510;15/08/2015
2015006443;1;2;1;1;6;510;23/09/2015
2015006444;3;1;1;1;2;510;24/10/2015
2015006445;2;1;1;5;7;510;26/10/2015
2015006446;3;1;1;1;1;510;31/10/2015
2015006447;1;1;1;1;1;510;06/11/2015
2015006448;1;1;1;2;1;510;12/12/2015
2015006449;5;2;3;1;3;510;20/12/2015
2015006450;2;2;1;1;6;510;09/02/2015
2015006451;1;2;1;1;6;510;02/05/2015
2015006452;5;2;1;1;6;510;13/05/2015
2015006453;1;1;1;1;6;510;16/05/2015
2015006454;1;2;1;1;6;510;19/05/2015
2015006455;2;1;1;1;6;510;18/06/2015
2015006456;1;1;1;1;6;510;18/06/2015
2015006457;1;1;1;1;6;510;18/06/2015
2015006458;1;1;1;1;7;510;01/07/2015
2015006459;2;1;1;1;2;510;10/09/2015
2015006460;2;2;1;1;6;510;27/10/2015
2015006461;1;1;3;5;6;510;20/10/2015
2015006462;3;1;1;1;1;510;07/11/2015
2015006463;3;1;1;2;6;510;26/04/2015
2015006464;1;1;1;1;6;510;19/06/2015
2015006465;1;2;1;7;3;510;27/03/2015
2015006466;1;2;1;3;3;510;26/07/2015
2015006467;2;1;1;7;7;510;21/08/2015
2015006468;3;1;1;1;6;510;20/09/2015
2015006469;5;2;1;1;6;510;18/11/2015
2015006470;2;1;1;1;1;510;22/12/2015
2015006471;1;2;1;2;1;510;15/01/2015
2015006472;3;1;1;1;6;510;19/04/2015
2015006473;1;1;2;1;1;510;11/05/2015
2015006474;1;2;1;1;3;510;04/08/2015
2015006475;1;1;1;1;6;510;27/08/2015
2015006476;5;2;1;1;6;510;03/10/2015
2015006477;1;2;3;1;3;510;19/03/2015
2015006478;5;2;6;1;6;510;06/06/2015
2015006479;1;1;1;1;1;510;20/05/2015
2015006480;1;1;2;1;1;510;10/06/2015
2015006481;1;1;1;1;1;510;16/06/2015
2015006482;1;1;6;1;3;510;19/06/2015
2015006483;3;1;1;2;6;510;27/08/2015
2015006484;2;1;1;2;6;510;27/08/2015
2015006485;1;1;1;2;1;510;07/10/2015
2015006486;1;1;1;1;2;510;15/12/2015
2015006487;1;1;1;7;3;510;18/04/2015
2015006488;3;1;1;1;6;510;04/08/2015
2015006489;2;2;1;1;1;510;09/08/2015
2015006490;1;2;9;1;3;510;30/09/2015
2015006491;3;1;1;1;6;510;11/10/2015
2015006492;1;1;1;1;1;510;29/11/2015
2015006493;3;1;1;1;6;510;13/01/2015
2015006494;3;1;1;3;6;510;02/01/2015
2015006495;1;2;3;1;6;510;29/04/2015
2015006496;1;2;2;1;2;510;14/05/2015
2015006497;1;1;1;1;6;510;23/05/2015
2015006498;1;2;1;1;6;510;04/08/2015
2015006499;1;1;3;1;3;510;06/08/2015
2015006500;2;1;1;1;6;510;29/08/2015
2015006501;2;1;1;1;1;510;30/08/2015
2015006502;1;2;1;1;3;510;07/09/2015
2015006503;1;2;1;1;6;510;08/10/2015
2015006504;1;2;1;1;2;510;31/10/2015
2015006505;3;1;1;1;1;510;15/11/2015
2015006506;5;2;3;1;1;510;12/11/2015
2015006507;3;1;1;1;1;510;06/12/2015
2015006508;5;2;1;1;6;510;24/12/2015
2015006509;3;1;1;2;6;510;03/01/2015
2015006510;3;1;1;8;6;510;21/02/2015
2015006511;1;1;1;1;1;510;04/06/2015
2015006512;1;2;1;1;6;510;19/07/2015
2015006513;1;2;1;1;5;510;26/08/2015
2015006514;2;1;1;1;1;510;02/10/2015
2015006515;3;1;1;2;6;510;07/10/2015
2015006516;1;1;1;1;6;510;18/10/2015
2015006517;1;2;1;1;1;510;19/10/2015
2015006518;3;1;1;1;6;510;27/11/2015
2015006519;1;1;2;1;3;510;05/04/2015
2015006520;1;2;1;1;6;510;05/06/2015
2015006521;1;1;1;2;6;510;13/11/2015
2015006522;2;1;1;7;6;80;17/06/2015
2015006523;1;1;1;2;7;80;26/07/2015
2015006524;1;2;1;1;6;80;17/06/2015
2015006525;3;2;1;1;6;80;16/06/2015
2015006526;1;2;1;1;7;80;08/05/2015
2015006527;1;1;2;7;3;80;21/05/2015
2015006528;1;1;1;1;6;80;26/05/2015
2015006529;3;1;1;1;7;80;05/07/2015
2015006530;1;2;1;1;6;80;09/09/2015
2015006531;1;1;1;1;2;80;09/10/2015
2015006532;1;1;1;1;7;80;21/08/2015
2015006533;1;2;1;1;5;100;15/07/2015
2015006534;1;1;1;1;3;100;06/02/2015
2015006535;1;1;1;1;3;100;28/02/2015
2015006536;1;2;1;1;1;100;21/03/2015
2015006537;1;1;1;2;6;100;03/04/2015
2015006538;1;1;1;1;1;100;16/04/2015
2015006539;1;1;1;1;3;100;30/04/2015
2015006540;2;1;1;2;5;100;01/05/2015
2015006541;1;1;2;1;3;100;02/06/2015
2015006542;1;1;1;1;7;100;14/06/2015
2015006543;1;1;1;1;6;100;21/06/2015
2015006544;1;1;1;1;7;100;25/06/2015
2015006545;1;2;1;1;6;100;04/07/2015
2015006546;1;1;1;1;3;100;14/08/2015
2015006547;1;2;1;1;7;100;06/09/2015
2015006548;1;1;1;1;4;100;19/09/2015
2015006549;1;2;2;1;3;100;30/09/2015
2015006550;1;1;1;1;7;100;29/11/2015
2015006551;1;2;1;8;6;100;12/12/2015
2015006552;3;1;9;1;7;100;14/02/2015
2015006553;1;1;1;1;1;100;30/03/2015
2015006554;1;1;1;3;6;100;04/04/2015
2015006555;1;2;1;1;7;100;13/06/2015
2015006556;2;1;1;1;7;100;28/07/2015
2015006557;1;1;1;1;6;100;09/08/2015
2015006558;1;1;1;1;1;100;12/08/2015
2015006559;1;2;1;1;7;100;30/08/2015
2015006560;1;1;1;1;5;100;23/09/2015
2015006561;1;1;1;1;2;100;23/09/2015
2015006562;1;1;2;1;1;100;06/11/2015
2015006563;5;1;6;1;7;100;07/11/2015
2015006564;3;1;9;1;1;100;12/11/2015
2015006565;1;2;2;1;1;100;11/04/2015
2015006566;5;2;8;1;3;100;24/04/2015
2015006567;1;1;1;2;7;100;15/08/2015
2015006568;1;2;1;1;6;100;09/10/2015
2015006569;1;2;1;1;3;100;14/12/2015
2015006570;3;2;1;1;6;100;31/01/2015
2015006571;1;1;1;1;6;100;17/05/2015
2015006572;1;1;2;1;3;100;07/06/2015
2015006573;1;2;1;1;2;100;14/06/2015
2015006574;3;1;1;1;7;100;01/08/2015
2015006575;1;2;1;2;4;100;05/10/2015
2015006576;5;2;1;1;6;100;05/01/2015
2015006577;5;2;1;1;7;100;18/01/2015
2015006578;1;1;1;2;1;100;25/01/2015
2015006579;1;1;1;1;7;100;01/04/2015
2015006580;2;1;1;1;6;100;07/04/2015
2015006581;1;2;1;1;1;100;08/06/2015
2015006582;1;1;1;1;7;100;27/06/2015
2015006583;1;2;9;1;2;100;14/07/2015
2015006584;2;1;1;1;6;100;26/07/2015
2015006585;3;1;1;1;7;100;02/08/2015
2015006586;1;1;1;1;7;100;06/08/2015
2015006587;3;1;1;1;7;100;21/10/2015
2015006588;3;2;1;1;3;100;21/10/2015
2015006589;1;1;1;2;1;100;23/10/2015
2015006590;3;1;1;1;5;100;27/10/2015
2015006591;1;1;1;1;3;100;31/12/2015
2015006592;3;1;1;2;2;100;22/10/2015
2015006593;1;1;1;1;1;100;07/11/2015
2015006594;2;2;1;8;7;100;05/01/2015
2015006595;1;1;1;2;1;100;01/05/2015
2015006596;1;1;1;1;6;100;16/05/2015
2015006597;1;1;1;8;7;100;25/05/2015
2015006598;1;1;1;1;3;100;30/06/2015
2015006599;1;1;1;7;1;100;04/07/2015
2015006600;1;2;1;1;6;100;25/07/2015
2015006601;1;1;1;1;3;100;01/08/2015
2015006602;5;2;1;1;6;100;30/08/2015
2015006603;5;2;1;1;3;100;18/11/2015
2015006604;1;1;2;1;1;100;03/06/2015
2015006605;2;1;1;1;6;100;28/06/2015
2015006606;1;1;1;1;6;100;19/07/2015
2015006607;1;1;1;1;1;100;21/07/2015
2015006608;5;1;1;1;6;100;12/09/2015
2015006609;1;2;1;1;6;100;21/09/2015
2015006610;1;2;1;1;6;100;24/10/2015
2015006611;1;2;1;1;6;100;10/11/2015
2015006612;1;1;1;8;6;100;18/12/2015
2015006613;1;2;1;1;7;100;28/12/2015
2015006614;1;2;1;1;6;100;16/07/2015
2015006615;2;2;1;5;6;100;10/10/2015
2015006616;1;1;2;1;3;520;24/02/2015
2015006617;1;1;1;1;1;520;26/05/2015
2015006618;1;1;1;1;1;520;06/07/2015
2015006619;1;1;1;1;1;520;20/07/2015
2015006620;1;1;1;1;6;520;31/07/2015
2015006621;3;1;1;1;1;520;26/09/2015
2015006622;1;1;3;7;3;520;08/12/2015
2015006623;3;1;1;4;7;520;07/02/2015
2015006624;2;2;1;3;6;520;27/02/2015
2015006625;1;1;1;1;3;520;30/04/2015
2015006626;1;1;1;1;1;520;13/05/2015
2015006627;1;1;9;1;7;520;17/05/2015
2015006628;1;2;1;1;7;520;20/06/2015
2015006629;1;2;1;1;1;520;17/10/2015
2015006630;5;2;1;2;6;520;29/11/2015
2015006631;4;1;1;1;6;520;06/03/2015
2015006632;1;1;6;7;7;520;10/04/2015
2015006633;1;1;1;1;3;520;13/05/2015
2015006634;1;2;1;1;1;520;16/07/2015
2015006635;1;2;1;1;6;520;27/01/2015
2015006636;1;1;1;1;7;520;31/05/2015
2015006637;1;1;1;1;6;520;31/05/2015
2015006638;1;1;1;1;5;520;25/06/2015
2015006639;1;1;1;1;7;520;13/07/2015
2015006640;3;1;1;1;6;520;20/07/2015
2015006641;1;2;1;1;3;520;25/07/2015
2015006642;3;1;1;1;6;520;15/12/2015
2015006643;3;1;1;1;7;520;23/05/2015
2015006644;1;1;2;1;3;520;05/06/2015
2015006645;3;2;1;1;6;520;29/08/2015
2015006646;5;2;1;2;3;520;05/10/2015
2015006647;3;1;1;9;1;520;18/01/2015
2015006648;1;2;1;1;6;520;29/05/2015
2015006649;1;2;1;1;5;520;19/06/2015
2015006650;1;1;8;7;1;520;07/11/2015
2015006651;1;1;2;1;1;520;14/10/2015
2015006652;1;1;1;1;3;520;26/05/2015
2015006653;1;1;1;1;6;520;14/07/2015
2015006654;1;2;1;1;1;520;17/07/2015
2015006655;1;1;1;5;6;520;27/11/2015
2015006656;1;2;1;1;6;520;31/05/2015
2015006657;1;1;1;1;7;520;14/07/2015
2015006658;2;1;3;8;3;520;21/11/2015
2015006659;3;1;1;3;7;520;01/02/2015
2015006660;1;2;1;1;6;520;31/03/2015
2015006661;1;1;1;1;6;520;30/04/2015
2015006662;1;1;1;7;1;520;04/07/2015
2015006663;1;1;1;1;3;520;11/07/2015
2015006664;1;2;1;1;7;520;14/07/2015
2015006665;1;2;3;1;3;520;02/08/2015
2015006666;3;1;1;1;1;520;12/08/2015
2015006667;1;1;1;1;1;520;11/09/2015
2015006668;1;1;1;1;1;520;01/10/2015
2015006669;5;2;1;9;2;520;24/10/2015
2015006670;3;1;1;1;7;520;11/09/2015
2015006671;2;1;1;2;6;520;04/12/2015
2015006672;1;1;1;1;6;210;02/07/2015
2015006673;1;1;1;1;6;210;13/03/2015
2015006674;3;1;1;1;7;210;18/03/2015
2015006675;3;1;1;1;5;210;20/01/2015
2015006676;1;1;1;1;7;210;20/03/2015
2015006677;1;2;2;7;3;210;16/07/2015
2015006678;1;1;1;1;6;210;16/08/2015
2015006679;1;2;1;1;1;210;03/09/2015
2015006680;2;2;1;1;1;210;30/10/2015
2015006681;3;1;1;1;6;210;06/11/2015
2015006682;3;1;1;1;6;210;14/11/2015
2015006683;1;2;2;1;1;210;05/06/2015
2015006684;1;2;1;1;7;210;14/06/2015
2015006685;1;2;9;1;1;210;25/06/2015
2015006686;1;2;6;1;1;210;13/07/2015
2015006687;1;1;1;5;2;210;05/08/2015
2015006688;1;2;1;7;6;210;10/11/2015
2015006689;5;2;1;1;3;210;18/11/2015
2015006690;1;2;1;1;1;210;22/03/2015
2015006691;5;2;6;2;3;210;25/03/2015
2015006692;1;2;6;1;6;210;07/05/2015
2015006693;2;2;1;1;7;210;03/07/2015
2015006694;1;1;6;2;7;210;24/07/2015
2015006695;1;2;9;1;3;210;24/07/2015
2015006696;1;1;1;1;2;210;06/09/2015
2015006697;1;1;9;1;3;210;01/10/2015
2015006698;3;1;1;8;2;210;04/10/2015
2015006699;1;1;1;1;1;210;19/10/2015
2015006700;3;1;1;2;6;210;23/10/2015
2015006701;1;1;6;1;3;210;11/11/2015
2015006702;2;1;1;5;3;210;15/11/2015
2015006703;1;1;1;1;6;210;25/11/2015
2015006704;1;2;1;1;6;210;12/06/2015
2015006705;1;2;1;1;6;210;09/04/2015
2015006706;1;1;1;1;6;210;08/07/2015
2015006707;1;1;1;2;6;210;10/08/2015
2015006708;1;2;1;1;1;210;16/08/2015
2015006709;1;1;1;1;5;210;27/08/2015
2015006710;1;1;1;1;1;210;03/02/2015
2015006711;1;1;1;1;1;210;20/02/2015
2015006712;2;1;1;9;7;210;24/02/2015
2015006713;2;1;1;8;7;210;24/02/2015
2015006714;1;2;3;1;3;210;12/03/2015
2015006715;1;2;1;2;7;210;29/03/2015
2015006716;1;1;1;1;7;210;31/05/2015
2015006717;1;1;1;1;1;210;06/09/2015
2015006718;1;1;1;3;3;210;14/09/2015
2015006719;2;2;1;1;3;210;22/09/2015
2015006720;1;1;3;1;1;210;28/09/2015
2015006721;3;1;1;5;7;210;31/10/2015
2015006722;3;1;1;1;1;210;22/04/2015
2015006723;1;1;1;1;1;210;01/06/2015
2015006724;1;1;1;9;7;210;07/07/2015
2015006725;2;1;1;6;7;210;25/07/2015
2015006726;1;1;1;1;1;210;30/08/2015
2015006727;1;1;2;1;3;210;01/11/2015
2015006728;3;1;1;2;1;210;06/11/2015
2015006729;5;2;9;8;6;210;06/12/2015
2015006730;1;1;1;1;1;210;26/04/2015
2015006731;1;2;1;1;6;210;30/06/2015
2015006732;1;1;2;1;3;210;19/09/2015
2015006733;1;1;1;1;3;210;20/12/2015
2015006734;1;1;1;1;6;210;25/07/2015
2015006735;3;2;1;1;6;210;11/10/2015
2015006736;1;1;1;1;2;210;06/06/2015
2015006737;2;1;1;1;1;210;12/11/2015
2015006738;5;2;1;1;6;210;02/12/2015
2015006739;3;1;1;1;6;210;23/12/2015
2015006740;1;1;1;1;3;210;26/12/2015
2015006741;3;1;1;1;6;210;13/02/2015
2015006742;1;1;1;1;3;210;13/02/2015
2015006743;3;1;1;2;6;210;08/08/2015
2015006744;1;2;3;1;3;210;12/05/2015
2015006745;3;1;1;1;6;210;05/07/2015
2015006746;1;2;1;1;6;210;23/07/2015
2015006747;1;1;1;1;1;210;27/07/2015
2015006748;1;1;1;1;1;210;27/09/2015
2015006749;1;1;1;7;3;210;31/10/2015
2015006750;1;2;1;1;6;210;30/11/2015
2015006751;5;2;1;1;6;210;09/12/2015
2015006752;1;2;1;1;6;210;17/12/2015
2015006753;1;1;1;5;6;210;16/01/2015
2015006754;1;1;1;1;3;210;09/05/2015
2015006755;3;1;1;1;6;210;04/10/2015
2015006756;1;1;1;1;5;210;19/10/2015
2015006757;1;1;1;1;3;210;04/01/2015
2015006758;1;1;1;8;6;210;31/01/2015
2015006759;1;1;1;8;6;210;21/02/2015
2015006760;1;1;1;1;6;210;24/05/2015
2015006761;1;1;1;7;1;210;13/06/2015
2015006762;1;1;1;1;3;210;03/07/2015
2015006763;3;1;1;1;2;210;13/12/2015
2015006764;1;2;7;7;6;210;14/12/2015
2015006765;1;1;1;1;7;210;19/12/2015
2015006766;1;1;1;4;1;210;14/01/2015
2015006767;3;1;1;4;7;210;17/01/2015
2015006768;1;1;1;1;6;210;09/02/2015
2015006769;5;2;1;2;6;210;15/06/2015
2015006770;5;2;1;2;6;580;01/01/2015
2015006771;1;2;1;1;3;580;21/02/2015
2015006772;1;2;1;1;6;580;27/08/2015
2015006773;1;2;1;8;6;580;16/09/2015
2015006774;1;2;1;1;6;580;13/10/2015
2015006775;5;2;1;2;6;580;15/12/2015
2015006776;1;1;1;1;6;580;26/12/2015
2015006777;5;1;1;1;6;580;25/01/2015
2015006778;3;1;1;1;7;580;01/04/2015
2015006779;1;1;1;1;3;580;19/04/2015
2015006780;1;2;1;1;6;580;12/05/2015
2015006781;1;1;1;1;3;580;13/05/2015
2015006782;5;2;1;1;6;580;28/07/2015
2015006783;1;1;1;8;1;580;03/10/2015
2015006784;1;1;1;1;6;580;09/03/2015
2015006785;1;1;1;1;6;580;07/05/2015
2015006786;1;1;1;1;6;580;10/06/2015
2015006787;1;2;1;1;6;580;02/07/2015
2015006788;1;1;1;1;1;580;08/09/2015
2015006789;1;2;1;1;6;580;04/10/2015
2015006790;3;1;1;2;7;580;25/11/2015
2015006791;1;1;2;1;1;580;07/06/2015
2015006792;1;1;1;1;1;580;18/10/2015
2015006793;1;1;1;5;6;580;25/02/2015
2015006794;1;1;1;1;6;580;09/04/2015
2015006795;3;2;1;1;1;580;05/08/2015
2015006796;1;2;1;1;6;580;04/10/2015
2015006797;1;1;1;8;6;580;15/08/2015
2015006798;3;1;1;1;7;580;08/09/2015
2015006799;1;2;1;2;6;580;21/03/2015
2015006800;1;2;1;1;6;580;15/04/2015
2015006801;1;1;1;1;6;580;11/07/2015
2015006802;3;2;1;2;6;580;19/11/2015
2015006803;1;2;1;1;6;580;10/05/2015
2015006804;1;1;1;1;3;580;13/06/2015
2015006805;1;2;1;1;6;580;28/09/2015
2015006806;1;1;1;8;7;580;04/07/2015
2015006807;1;2;4;1;1;580;13/01/2015
2015006808;1;1;1;1;3;580;14/03/2015
2015006809;1;1;1;1;6;580;04/07/2015
2015006810;1;1;1;1;7;580;18/08/2015
2015006811;3;1;1;1;7;580;13/10/2015
2015006812;1;2;1;1;3;580;14/04/2015
2015006813;1;2;1;1;6;580;10/05/2015
2015006814;1;1;1;1;6;580;30/06/2015
2015006815;1;1;1;1;6;580;02/08/2015
2015006816;1;1;1;1;7;580;05/08/2015
2015006817;1;1;1;1;3;580;21/08/2015
2015006818;1;1;3;3;3;580;01/09/2015
2015006819;1;1;1;2;1;580;02/05/2015
2015006820;1;1;2;1;3;710;14/01/2015
2015006821;3;1;1;2;6;710;26/01/2015
2015006822;3;1;1;3;7;710;02/03/2015
2015006823;1;1;1;1;3;710;11/04/2015
2015006824;1;1;1;1;3;710;22/05/2015
2015006825;1;1;1;1;4;710;03/06/2015
2015006826;1;1;1;1;5;710;25/06/2015
2015006827;1;2;1;1;3;710;06/10/2015
2015006828;1;2;1;1;1;710;31/10/2015
2015006829;1;2;1;1;3;710;31/10/2015
2015006830;1;1;1;1;2;710;16/11/2015
2015006831;1;1;1;1;4;710;16/11/2015
2015006832;3;1;1;1;3;710;13/02/2015
2015006833;1;2;1;1;1;710;04/05/2015
2015006834;1;2;1;1;6;710;29/05/2015
2015006835;1;1;1;1;3;710;02/06/2015
2015006836;5;2;2;1;3;710;03/07/2015
2015006837;1;2;1;1;6;710;04/07/2015
2015006838;1;1;2;1;3;710;07/07/2015
2015006839;5;2;1;1;6;710;08/08/2015
2015006840;3;1;1;1;2;710;06/09/2015
2015006841;1;1;2;1;3;710;09/09/2015
2015006842;3;1;1;2;6;710;03/11/2015
2015006843;1;1;1;1;6;710;02/05/2015
2015006844;3;1;1;1;6;710;10/05/2015
2015006845;1;2;1;1;3;710;16/05/2015
2015006846;1;1;1;1;7;710;10/06/2015
2015006847;1;1;1;1;6;710;27/06/2015
2015006848;1;1;2;1;3;710;01/04/2015
2015006849;5;2;1;2;6;710;30/04/2015
2015006850;1;2;1;1;6;710;14/07/2015
2015006851;1;1;1;1;6;710;11/02/2015
2015006852;1;2;1;1;6;710;17/02/2015
2015006853;1;2;9;1;3;710;15/04/2015
2015006854;1;2;1;1;6;710;21/04/2015
2015006855;1;2;9;1;6;710;14/05/2015
2015006856;1;2;3;1;1;710;14/07/2015
2015006857;2;2;1;2;6;710;04/08/2015
2015006858;1;1;1;1;6;710;18/09/2015
2015006859;2;1;1;8;7;710;04/10/2015
2015006860;3;2;1;5;6;710;02/11/2015
2015006861;3;1;1;5;6;710;11/11/2015
2015006862;3;1;1;1;3;710;14/11/2015
2015006863;1;1;2;8;3;710;03/12/2015
2015006864;3;1;1;2;6;710;31/01/2015
2015006865;1;2;1;1;3;710;13/03/2015
2015006866;1;1;1;7;7;710;20/07/2015
2015006867;3;1;1;1;7;710;08/02/2015
2015006868;1;1;1;1;1;710;30/04/2015
2015006869;1;1;1;1;1;710;19/06/2015
2015006870;1;1;1;1;1;710;22/06/2015
2015006871;1;2;1;1;3;710;28/07/2015
2015006872;2;1;1;1;6;710;19/09/2015
2015006873;1;2;1;8;3;710;19/12/2015
2015006874;1;1;1;1;6;710;21/12/2015
2015006875;1;1;1;1;1;710;31/03/2015
2015006876;1;2;9;1;3;710;15/04/2015
2015006877;1;1;1;1;3;710;25/06/2015
2015006878;1;1;1;1;7;710;20/08/2015
2015006879;1;1;1;1;2;710;26/08/2015
2015006880;1;1;1;1;6;710;02/09/2015
2015006881;1;1;1;1;7;710;18/10/2015
2015006882;1;1;1;5;1;710;31/10/2015
2015006883;1;1;1;8;6;710;19/11/2015
2015006884;5;2;1;1;6;710;06/12/2015
2015006885;1;2;2;1;3;710;07/05/2015
2015006886;1;2;1;1;3;710;29/05/2015
2015006887;2;2;1;1;6;710;06/06/2015
2015006888;1;1;1;1;1;710;20/07/2015
2015006889;1;2;1;1;2;710;30/08/2015
2015006890;3;1;1;2;3;710;08/12/2015
2015006891;3;2;1;1;6;710;18/12/2015
2015006892;3;1;1;2;5;710;21/11/2015
2015006893;1;1;1;5;7;710;27/11/2015
2015006894;1;1;1;1;1;710;13/02/2015
2015006895;1;1;1;2;6;710;29/07/2015
2015006896;1;1;2;1;3;710;08/09/2015
2015006897;1;2;1;8;6;710;14/09/2015
2015006898;1;2;1;1;1;710;15/04/2015
2015006899;1;2;1;7;6;710;04/07/2015
2015006900;1;1;1;1;6;710;29/07/2015
2015006901;1;2;1;1;6;710;12/12/2015
2015006902;3;1;1;2;6;710;09/01/2015
2015006903;3;1;1;2;6;710;26/02/2015
2015006904;1;2;1;1;6;710;11/04/2015
2015006905;1;2;1;1;3;710;06/06/2015
2015006906;1;2;1;1;6;710;30/06/2015
2015006907;1;1;1;1;1;710;17/09/2015
2015006908;1;1;1;1;3;710;06/12/2015
2015006909;2;1;1;1;3;710;12/02/2015
2015006910;1;1;1;1;6;710;19/04/2015
2015006911;1;1;1;1;6;710;27/05/2015
2015006912;1;1;1;1;6;710;02/06/2015
2015006913;1;1;1;1;7;710;06/06/2015
2015006914;1;2;1;1;6;710;14/10/2015
2015006915;1;2;1;1;3;710;26/12/2015
2015006916;1;1;1;1;1;710;15/05/2015
2015006917;1;1;1;1;3;710;02/06/2015
2015006918;1;2;1;1;1;710;03/06/2015
2015006919;1;1;1;2;3;710;15/06/2015
2015006920;3;1;1;1;6;710;22/06/2015
2015006921;1;1;1;1;1;710;26/08/2015
2015006922;1;1;1;1;1;710;26/08/2015
2015006923;3;1;1;5;1;710;05/10/2015
2015006924;1;1;1;1;3;710;30/10/2015
2015006925;1;1;1;1;3;710;26/11/2015
2015006926;1;1;1;1;3;710;26/11/2015
2015006927;3;1;1;8;5;710;19/12/2015
2015006928;1;1;3;1;3;710;18/03/2015
2015006929;1;1;1;7;1;710;04/06/2015
2015006930;1;1;1;1;5;710;05/07/2015
2015006931;2;1;1;1;7;710;14/07/2015
2015006932;1;2;1;1;3;710;03/04/2015
2015006933;1;1;1;5;6;710;02/11/2015
2015006934;3;1;1;1;6;710;29/03/2015
2015006935;1;1;1;1;2;710;24/04/2015
2015006936;1;1;1;1;7;710;25/06/2015
2015006937;1;1;1;1;6;710;25/07/2015
2015006938;5;2;1;1;1;710;12/08/2015
2015006939;3;1;1;2;5;710;28/01/2015
2015006940;3;1;1;1;6;710;15/02/2015
2015006941;3;1;1;2;6;710;28/03/2015
2015006942;1;1;1;7;6;710;22/04/2015
2015006943;1;1;1;2;1;710;23/08/2015
2015006944;5;2;1;1;6;710;06/11/2015
2015006945;1;1;1;5;4;890;02/01/2015
2015006946;1;1;1;5;2;890;22/02/2015
2015006947;1;1;1;2;2;890;01/03/2015
2015006948;3;1;1;1;2;890;03/03/2015
2015006949;1;1;1;1;2;890;22/05/2015
2015006950;1;1;1;1;2;890;06/06/2015
2015006951;1;1;1;1;7;890;19/09/2015
2015006952;3;1;1;1;2;890;22/10/2015
2015006953;1;1;1;1;6;890;31/10/2015
2015006954;3;1;1;1;5;890;02/11/2015
2015006955;3;1;9;5;6;890;02/01/2015
2015006956;3;1;1;4;6;890;30/01/2015
2015006957;1;1;1;1;6;890;03/02/2015
2015006958;1;1;1;1;1;890;22/02/2015
2015006959;1;1;1;1;5;890;08/05/2015
2015006960;1;1;1;1;2;890;20/07/2015
2015006961;1;1;1;1;2;890;29/08/2015
2015006962;3;1;1;8;6;890;18/10/2015
2015006963;2;1;1;5;6;890;20/10/2015
2015006964;1;1;1;1;2;890;09/11/2015
2015006965;2;1;1;3;6;890;25/11/2015
2015006966;3;1;1;3;6;890;20/02/2015
2015006967;1;2;1;7;2;890;19/02/2015
2015006968;1;2;1;1;1;890;25/04/2015
2015006969;3;1;1;1;1;890;19/12/2015
2015006970;1;1;4;1;3;890;30/06/2015
2015006971;1;1;1;8;7;890;23/12/2015
2015006972;1;1;1;9;6;890;25/01/2015
2015006973;1;2;1;2;3;890;02/02/2015
2015006974;2;2;3;1;3;890;16/02/2015
2015006975;1;2;1;1;6;890;14/03/2015
2015006976;1;2;1;1;6;890;24/07/2015
2015006977;1;1;1;8;1;890;13/09/2015
2015006978;5;1;3;1;5;890;11/12/2015
2015006979;2;2;1;2;6;890;13/12/2015
2015006980;1;1;1;1;3;890;15/05/2015