num_acc;lum;agg;inter;atm;col;dep;date
2015007561;1;1;1;1;6;130;01/08/2015
2015007562;1;1;1;1;5;130;02/08/2015
2015007563;1;1;1;1;3;130;06/09/2015
2015007564;1;1;1;1;3;130;04/09/2015
2015007565;1;1;1;1;1;130;12/09/2015
2015007566;1;1;1;1;1;130;19/09/2015
2015007567;1;1;1;8;5;130;19/10/2015
2015007568;1;1;1;1;6;130;16/11/2015
2015007569;5;1;9;1;3;130;04/12/2015
2015007570;5;1;1;1;7;130;18/12/2015
2015007571;1;2;1;1;1;130;15/05/2015
2015007572;1;1;1;1;1;130;09/08/2015
2015007573;1;2;1;1;6;130;15/08/2015
2015007574;1;1;1;1;6;130;22/08/2015
2015007575;1;1;1;1;1;130;29/10/2015
2015007576;5;2;1;1;2;130;01/11/2015
2015007577;2;1;1;1;6;130;05/01/2015
2015007578;1;1;1;1;1;130;29/03/2015
2015007579;1;2;1;1;1;130;11/04/2015
2015007580;3;1;1;1;6;130;18/07/2015
2015007581;1;2;1;1;6;130;30/01/2015
2015007582;1;1;3;1;3;130;28/02/2015
2015007583;1;1;1;1;7;130;19/04/2015
2015007584;3;1;1;1;1;130;12/09/2015
2015007585;1;1;1;1;1;130;02/02/2015
2015007586;1;1;1;2;1;130;22/03/2015
2015007587;1;1;1;1;7;130;07/04/2015
2015007588;1;2;1;1;3;130;17/04/2015
2015007589;1;2;1;1;6;130;21/05/2015
2015007590;1;2;1;1;4;130;06/06/2015
2015007591;1;2;1;1;3;130;07/10/2015
2015007592;1;1;1;1;3;130;21/11/2015
2015007593;1;2;9;1;3;130;12/12/2015
2015007594;1;1;1;1;7;130;28/08/2015
2015007595;2;1;1;1;4;130;27/10/2015
2015007596;1;2;1;1;3;130;05/01/2015
2015007597;1;1;1;1;4;130;14/04/2015
2015007598;1;1;1;1;5;130;28/04/2015
2015007599;1;1;1;1;1;130;06/06/2015
2015007600;3;1;1;1;6;130;11/07/2015
2015007601;1;1;1;1;6;130;12/09/2015
2015007602;5;2;1;1;1;130;22/12/2015
2015007603;1;2;1;1;3;130;18/01/2015
2015007604;1;1;1;1;6;130;08/03/2015
2015007605;2;1;1;6;3;130;02/04/2015
2015007606;1;1;1;1;5;130;24/07/2015
2015007607;3;1;1;1;3;130;02/10/2015
2015007608;2;2;1;1;3;130;22/10/2015
2015007609;1;1;1;1;5;130;26/11/2015
2015007610;1;2;1;1;6;130;27/03/2015
2015007611;1;1;1;1;3;130;30/04/2015
2015007612;1;2;1;1;1;130;04/05/2015
2015007613;1;2;6;1;3;130;14/11/2015
2015007614;3;1;3;1;3;130;11/11/2015
2015007615;1;1;1;1;1;130;19/11/2015
2015007616;5;2;1;1;3;130;18/12/2015
2015007617;1;1;9;9;1;130;10/06/2015
2015007618;1;1;1;1;6;40;02/05/2015
2015007619;1;1;1;1;6;40;10/05/2015
2015007620;1;1;1;1;6;40;28/05/2015
2015007621;1;1;1;1;5;40;30/05/2015
2015007622;1;1;1;1;3;40;13/06/2015
2015007623;1;1;1;1;3;40;30/07/2015
2015007624;1;1;1;1;5;40;01/08/2015
2015007625;1;1;1;1;6;40;03/08/2015
2015007626;3;1;1;2;1;40;14/08/2015
2015007627;2;1;1;1;6;40;30/08/2015
2015007628;1;1;1;1;1;40;30/08/2015
2015007629;3;1;1;1;5;40;20/10/2015
2015007630;3;1;1;1;7;40;25/12/2015
2015007631;1;1;1;1;3;40;20/01/2015
2015007632;3;1;1;2;6;40;21/01/2015
2015007633;1;1;1;1;5;40;24/03/2015
2015007634;1;1;1;1;1;40;26/04/2015
2015007635;1;1;1;1;3;40;02/05/2015
2015007636;1;1;1;1;3;40;12/05/2015
2015007637;1;1;1;1;5;40;15/06/2015
2015007638;1;1;1;1;1;40;27/06/2015
2015007639;1;1;1;1;1;40;12/07/2015
2015007640;5;2;1;1;1;40;04/08/2015
2015007641;1;1;1;1;5;40;15/09/2015
2015007642;1;1;1;1;5;40;31/10/2015
2015007643;1;1;1;1;1;40;26/11/2015
2015007644;2;1;1;1;6;40;10/05/2015
2015007645;1;2;1;1;1;40;20/06/2015
2015007646;1;1;1;1;6;40;21/06/2015
2015007647;1;2;1;1;6;40;26/06/2015
2015007648;1;1;1;1;1;40;02/07/2015
2015007649;1;1;1;1;7;40;25/07/2015
2015007650;1;1;1;1;1;40;14/08/2015
2015007651;1;2;1;1;6;40;31/12/2015
2015007652;2;1;1;2;1;40;26/01/2015
2015007653;1;1;1;1;6;40;11/04/2015
2015007654;1;1;1;7;7;40;03/06/2015
2015007655;1;1;1;1;6;40;03/07/2015
2015007656;1;1;1;1;6;40;19/07/2015
2015007657;1;1;1;1;7;40;18/09/2015
2015007658;1;2;1;1;2;40;06/07/2015
2015007659;1;1;1;1;3;40;24/06/2015
2015007660;1;1;1;1;2;40;23/07/2015
2015007661;1;1;1;1;7;40;24/07/2015
2015007662;1;1;1;1;6;40;27/08/2015
2015007663;1;1;1;1;6;40;12/04/2015
2015007664;1;1;1;1;6;40;30/05/2015
2015007665;2;1;1;1;7;40;18/09/2015
2015007666;1;1;1;1;7;40;17/01/2015
2015007667;1;1;1;1;7;40;01/07/2015
2015007668;1;1;1;1;7;40;31/07/2015
2015007669;3;1;1;1;7;40;16/08/2015
2015007670;1;1;1;1;3;40;18/08/2015
2015007671;1;1;1;1;7;40;29/06/2015
2015007672;1;1;1;1;7;40;11/08/2015
2015007673;1;1;1;1;6;40;10/09/2015
2015007674;1;2;1;1;2;40;12/09/2015
2015007675;1;1;1;2;7;40;01/05/2015
2015007676;1;1;1;1;7;40;06/06/2015
2015007677;1;1;1;1;6;40;12/06/2015
2015007678;1;1;1;1;1;40;12/06/2015
2015007679;3;1;1;1;6;40;24/06/2015
2015007680;1;1;1;1;6;40;07/08/2015
2015007681;3;1;1;4;7;40;15/03/2015
2015007682;1;1;1;1;2;40;25/07/2015
2015007683;3;1;1;1;1;40;11/02/2015
2015007684;1;1;1;1;7;40;12/05/2015
2015007685;1;1;1;1;1;40;14/06/2015
2015007686;1;1;1;1;6;40;28/06/2015
2015007687;3;1;1;1;6;40;01/07/2015
2015007688;1;1;1;1;2;40;02/07/2015
2015007689;1;1;1;1;1;40;17/07/2015
2015007690;1;1;1;1;2;40;03/08/2015
2015007691;1;1;1;1;7;40;28/08/2015
2015007692;1;1;2;1;3;40;18/09/2015
2015007693;1;1;1;1;7;40;23/09/2015
2015007694;1;1;1;7;6;40;26/11/2015
2015007695;2;1;1;1;5;40;13/01/2015
2015007696;3;1;1;1;2;40;15/01/2015
2015007697;1;1;1;1;6;40;04/03/2015
2015007698;2;1;1;1;6;40;15/05/2015
2015007699;1;1;1;1;6;40;13/07/2015
2015007700;1;1;1;1;5;40;05/08/2015
2015007701;1;1;1;1;6;40;20/08/2015
2015007702;1;1;1;1;3;40;01/10/2015
2015007703;1;1;1;1;3;40;31/05/2015
2015007704;1;1;1;1;7;40;09/08/2015
2015007705;1;1;1;1;6;40;11/09/2015
2015007706;1;1;1;1;3;40;27/09/2015
2015007707;1;1;1;1;1;40;19/06/2015
2015007708;3;1;1;1;1;40;07/01/2015
2015007709;1;2;1;7;6;40;11/01/2015
2015007710;4;2;1;1;6;40;25/02/2015
2015007711;1;2;1;1;6;40;06/04/2015
2015007712;1;1;6;8;3;40;16/04/2015
2015007713;1;1;1;1;4;40;24/07/2015
2015007714;5;2;1;1;3;40;06/08/2015
2015007715;1;1;1;1;1;40;02/12/2015
2015007716;1;2;1;1;6;40;16/12/2015
2015007717;3;1;1;1;6;40;06/02/2015
2015007718;1;2;1;1;7;40;18/07/2015
2015007719;2;1;1;8;1;50;14/01/2015
2015007720;2;1;3;1;1;50;08/04/2015
2015007721;3;1;3;1;1;50;07/05/2015
2015007722;1;1;1;1;3;50;11/05/2015
2015007723;1;2;1;1;6;50;16/06/2015
2015007724;1;2;1;1;6;50;10/11/2015
2015007725;1;1;1;1;6;50;29/03/2015
2015007726;1;1;1;1;6;50;28/05/2015
2015007727;1;2;3;1;3;50;29/06/2015
2015007728;2;1;1;1;6;50;09/08/2015
2015007729;1;2;1;1;6;50;10/08/2015
2015007730;1;1;1;1;7;50;08/10/2015
2015007731;3;1;1;1;6;50;11/10/2015
2015007732;3;1;9;1;3;50;31/10/2015
2015007733;1;2;1;8;6;50;24/12/2015
2015007734;1;1;3;1;2;50;27/06/2015
2015007735;1;1;4;1;3;50;16/08/2015
2015007736;1;1;1;1;1;50;21/11/2015
2015007737;2;1;1;1;6;50;03/06/2015
2015007738;1;1;1;1;7;50;10/09/2015
2015007739;3;1;1;1;7;50;21/09/2015
2015007740;1;1;3;1;3;50;23/10/2015
2015007741;1;2;1;2;1;50;27/10/2015
2015007742;3;1;1;1;6;50;28/11/2015
2015007743;1;1;1;1;5;50;18/12/2015
2015007744;2;1;1;4;3;50;21/02/2015
2015007745;1;2;3;1;3;50;30/05/2015
2015007746;1;1;1;1;1;50;29/05/2015
2015007747;5;2;1;1;1;50;18/07/2015
2015007748;1;1;1;1;1;50;13/08/2015
2015007749;2;1;1;1;3;50;10/09/2015
2015007750;3;1;1;1;6;50;06/12/2015
2015007751;1;1;1;1;1;50;04/10/2015
2015007752;3;1;1;1;6;50;26/01/2015
2015007753;1;1;3;1;2;50;29/06/2015
2015007754;1;1;1;1;1;50;05/08/2015
2015007755;1;1;1;1;2;50;07/08/2015
2015007756;1;1;1;1;7;50;16/08/2015
2015007757;1;1;1;1;2;50;27/09/2015
2015007758;3;1;1;4;7;50;22/11/2015
2015007759;1;1;1;1;7;50;08/02/2015
2015007760;1;1;1;8;7;50;25/02/2015
2015007761;1;1;1;1;1;50;21/09/2015
2015007762;2;2;1;2;6;50;06/10/2015
2015007763;1;2;1;1;6;50;28/10/2015
2015007764;1;1;1;1;1;50;11/06/2015
2015007765;1;2;1;1;6;50;05/07/2015
2015007766;1;1;1;8;7;50;21/07/2015
2015007767;1;1;1;1;7;50;29/07/2015
2015007768;1;1;1;1;1;50;02/08/2015
2015007769;3;1;1;1;7;50;21/08/2015
2015007770;1;1;1;1;7;50;30/05/2015
2015007771;1;1;1;1;7;50;02/06/2015
2015007772;1;1;1;1;3;50;23/06/2015
2015007773;1;1;3;1;3;50;28/06/2015
2015007774;1;1;1;1;7;50;09/07/2015
2015007775;1;1;1;1;6;50;17/08/2015
2015007776;1;1;1;1;1;50;08/12/2015
2015007777;1;1;1;1;1;60;12/04/2015
2015007778;1;1;1;1;5;60;05/07/2015
2015007779;1;2;1;1;2;60;26/07/2015
2015007780;1;2;1;1;1;60;05/09/2015
2015007781;3;1;1;1;6;60;11/09/2015
2015007782;3;1;1;1;6;60;08/01/2015
2015007783;3;1;1;1;6;60;09/03/2015
2015007784;1;1;1;1;3;60;27/03/2015
2015007785;1;1;1;1;1;60;28/03/2015
2015007786;1;1;1;1;6;60;29/03/2015
2015007787;1;1;1;2;6;60;25/07/2015
2015007788;1;1;1;9;7;60;12/06/2015
2015007789;1;2;1;8;1;60;23/07/2015
2015007790;1;1;1;1;6;60;16/10/2015
2015007791;1;1;1;1;1;60;25/01/2015
2015007792;1;1;1;1;1;60;31/01/2015
2015007793;1;1;1;1;1;60;27/02/2015
2015007794;3;1;1;1;1;60;13/03/2015
2015007795;1;1;1;1;1;60;09/07/2015
2015007796;1;1;1;1;4;60;18/12/2015
2015007797;1;2;1;1;3;60;30/01/2015
2015007798;1;1;1;1;3;60;01/04/2015
2015007799;1;1;1;1;7;60;28/04/2015
2015007800;1;1;1;1;6;60;09/06/2015
2015007801;3;1;1;1;1;60;14/08/2015
2015007802;1;2;1;1;1;60;28/08/2015
2015007803;5;2;1;1;7;60;07/02/2015
2015007804;1;2;1;1;1;60;27/03/2015
2015007805;1;2;1;1;7;60;06/09/2015
2015007806;1;2;1;3;3;60;21/01/2015
2015007807;1;2;1;1;1;60;25/01/2015
2015007808;1;2;1;1;1;60;19/02/2015
2015007809;1;1;1;1;3;60;28/02/2015
2015007810;1;2;1;1;6;60;01/04/2015
2015007811;1;2;1;1;3;60;08/04/2015
2015007812;1;1;1;2;3;60;22/04/2015
2015007813;1;1;1;7;1;60;29/04/2015
2015007814;1;2;6;1;3;60;20/05/2015
2015007815;1;1;1;1;1;60;19/05/2015
2015007816;1;2;1;1;3;60;08/06/2015
2015007817;5;2;1;1;6;60;17/07/2015
2015007818;1;1;1;1;1;60;26/06/2015
2015007819;5;1;1;1;6;60;27/06/2015
2015007820;1;1;1;1;6;60;24/07/2015
2015007821;1;1;3;1;1;60;18/09/2015
2015007822;1;2;1;1;6;60;19/09/2015
2015007823;1;1;1;1;2;60;21/09/2015
2015007824;1;2;9;1;6;60;06/10/2015
2015007825;2;2;1;1;6;60;01/11/2015
2015007826;5;2;1;1;4;60;08/12/2015
2015007827;1;1;1;1;7;60;10/01/2015
2015007828;1;1;1;1;1;60;13/04/2015
2015007829;1;1;1;1;1;60;09/05/2015
2015007830;5;2;1;1;6;60;30/05/2015
2015007831;1;1;1;2;6;60;23/07/2015
2015007832;3;1;1;1;3;60;25/07/2015
2015007833;3;1;1;1;7;60;16/08/2015
2015007834;3;1;1;1;6;60;10/10/2015
2015007835;1;2;1;1;1;60;15/10/2015
2015007836;5;1;1;1;7;60;30/10/2015
2015007837;1;2;1;1;6;60;15/04/2015
2015007838;1;2;1;1;3;60;28/04/2015
2015007839;5;2;1;1;1;60;06/09/2015
2015007840;3;1;1;1;1;60;07/11/2015
2015007841;5;2;1;1;3;60;05/11/2015
2015007842;4;2;1;1;1;60;30/11/2015
2015007843;1;2;1;1;3;60;12/02/2015
2015007844;5;1;6;2;6;60;04/03/2015
2015007845;1;1;1;1;1;60;11/03/2015
2015007846;1;2;1;1;1;60;27/03/2015
2015007847;1;1;1;1;1;60;11/12/2015
2015007848;1;1;1;1;6;60;07/05/2015
2015007849;1;1;1;1;7;60;20/06/2015
2015007850;1;2;1;1;1;60;28/04/2015
2015007851;1;1;1;1;2;60;16/05/2015
2015007852;1;1;1;1;1;60;02/08/2015
2015007853;1;2;1;1;6;60;04/08/2015
2015007854;1;1;1;1;3;60;09/08/2015
2015007855;1;2;1;1;1;60;03/09/2015
2015007856;5;1;1;1;6;60;08/10/2015
2015007857;1;2;1;1;5;60;30/10/2015
2015007858;1;1;1;1;1;60;06/09/2015
2015007859;1;1;1;1;7;60;09/03/2015
2015007860;1;1;1;1;6;60;08/05/2015
2015007861;1;1;1;1;1;60;08/05/2015
2015007862;1;1;1;1;7;60;26/07/2015
2015007863;1;1;1;1;7;60;08/09/2015
2015007864;1;1;1;1;6;60;03/03/2015
2015007865;1;1;1;1;1;60;27/05/2015
2015007866;1;1;1;1;6;60;27/01/2015
2015007867;1;1;1;1;1;60;18/03/2015
2015007868;1;1;1;1;1;830;12/04/2015
2015007869;1;1;1;1;3;830;30/06/2015
2015007870;1;1;1;1;5;830;12/11/2015
2015007871;1;2;1;1;6;830;13/11/2015
2015007872;1;1;1;1;1;830;15/11/2015
2015007873;1;1;1;1;6;830;19/12/2015
2015007874;2;1;1;1;6;830;03/01/2015
2015007875;1;2;1;1;1;830;11/04/2015
2015007876;1;1;1;1;3;830;22/04/2015
2015007877;1;1;1;1;1;830;28/05/2015
2015007878;5;1;1;1;6;830;07/06/2015
2015007879;1;1;1;1;6;830;06/06/2015
2015007880;1;1;1;1;7;830;07/06/2015
2015007881;1;1;1;1;1;830;10/09/2015
2015007882;1;1;1;1;6;830;04/11/2015
2015007883;3;1;1;1;6;830;18/01/2015
2015007884;1;1;1;1;1;830;19/01/2015
2015007885;1;1;1;2;6;830;15/02/2015
2015007886;1;1;1;1;3;830;06/03/2015
2015007887;1;1;1;1;6;830;26/04/2015
2015007888;1;1;1;1;3;830;01/05/2015
2015007889;5;1;1;1;1;830;08/05/2015
2015007890;1;1;1;1;6;830;11/06/2015
2015007891;1;1;1;1;1;830;08/07/2015
2015007892;1;1;1;1;2;830;15/08/2015
2015007893;1;1;1;1;3;830;28/08/2015
2015007894;3;1;1;1;1;830;16/09/2015
2015007895;3;1;1;1;6;830;23/09/2015
2015007896;1;1;1;1;1;830;16/11/2015
2015007897;1;1;1;1;2;830;02/12/2015
2015007898;1;1;1;1;3;830;25/06/2015
2015007899;3;1;1;1;6;830;11/04/2015
2015007900;1;1;1;1;6;830;05/10/2015
2015007901;1;1;1;1;2;830;14/01/2015
2015007902;2;1;1;8;1;830;30/01/2015
2015007903;5;2;1;1;6;830;30/01/2015
2015007904;1;1;1;1;1;830;11/02/2015
2015007905;1;1;1;1;7;830;16/02/2015
2015007906;1;1;1;1;7;830;16/02/2015
2015007907;3;1;1;1;3;830;02/03/2015
2015007908;5;1;1;3;3;830;15/03/2015
2015007909;2;1;1;2;3;830;15/03/2015
2015007910;1;1;1;1;3;830;07/06/2015
2015007911;1;1;1;1;7;830;14/06/2015
2015007912;1;1;1;1;3;830;20/06/2015
2015007913;5;2;1;1;7;830;05/09/2015
2015007914;2;1;1;1;4;830;09/11/2015
2015007915;1;1;1;1;6;830;15/11/2015
2015007916;3;1;1;1;6;830;26/11/2015
2015007917;1;1;1;1;7;830;20/01/2015
2015007918;1;1;1;1;1;830;27/05/2015
2015007919;1;2;9;1;3;830;28/05/2015
2015007920;3;2;1;1;6;830;19/08/2015
2015007921;1;1;1;1;1;830;26/10/2015
2015007922;5;2;1;2;6;830;04/02/2015
2015007923;1;2;1;2;2;830;17/02/2015
2015007924;1;2;1;1;3;830;19/05/2015
2015007925;1;1;1;1;6;830;02/06/2015
2015007926;1;1;1;1;1;830;04/06/2015
2015007927;3;1;1;1;1;830;30/06/2015
2015007928;1;1;1;1;3;830;15/07/2015
2015007929;1;1;1;1;3;830;27/07/2015
2015007930;1;1;1;1;1;830;14/08/2015
2015007931;1;1;3;1;1;830;14/08/2015
2015007932;1;2;1;1;6;830;15/08/2015
2015007933;1;2;2;1;3;830;04/12/2015
2015007934;1;1;1;1;2;830;07/03/2015
2015007935;1;1;1;1;2;830;01/04/2015
2015007936;1;1;1;1;1;830;22/05/2015
2015007937;1;1;1;1;3;830;07/07/2015
2015007938;3;1;1;1;7;830;29/07/2015
2015007939;1;1;1;1;1;830;12/09/2015
2015007940;5;1;1;1;7;830;27/09/2015
2015007941;1;1;1;1;7;830;27/09/2015
2015007942;1;1;1;1;3;830;28/11/2015
2015007943;1;1;1;1;7;830;11/01/2015
2015007944;1;1;1;1;3;830;01/03/2015
2015007945;3;1;1;1;6;830;02/05/2015
2015007946;3;1;1;1;6;830;24/05/2015
2015007947;1;2;1;1;6;830;08/06/2015
2015007948;1;1;1;1;1;830;09/06/2015
2015007949;1;1;1;1;5;830;14/07/2015
2015007950;1;1;1;1;6;830;19/07/2015
2015007951;1;1;1;1;7;830;21/07/2015
2015007952;1;1;1;1;6;830;07/09/2015
2015007953;3;1;1;1;6;830;11/01/2015
2015007954;1;1;2;3;3;830;15/02/2015
2015007955;1;1;1;1;1;830;17/02/2015
2015007956;1;1;1;1;2;830;26/03/2015
2015007957;1;1;1;1;5;830;26/05/2015
2015007958;3;1;1;1;6;830;07/06/2015
2015007959;1;1;1;1;5;830;21/06/2015
2015007960;5;2;1;1;6;830;08/08/2015
2015007961;1;1;1;1;1;830;12/08/2015
2015007962;1;2;1;1;7;830;05/09/2015
2015007963;1;2;7;1;6;830;01/10/2015
2015007964;1;1;1;1;1;830;04/10/2015
2015007965;3;1;1;1;6;830;07/10/2015
2015007966;1;1;1;1;1;830;11/11/2015
2015007967;3;1;1;1;3;830;17/12/2015
2015007968;1;2;1;4;6;830;03/02/2015
2015007969;1;1;1;1;1;830;24/02/2015
2015007970;1;1;1;1;2;830;19/06/2015
2015007971;1;1;1;1;6;830;28/07/2015
2015007972;1;1;1;1;6;830;11/08/2015
2015007973;1;1;1;1;1;830;22/08/2015
2015007974;1;1;1;1;1;830;08/10/2015
2015007975;1;1;1;1;1;830;10/10/2015
2015007976;5;2;1;1;6;830;07/11/2015
2015007977;1;1;1;1;6;830;21/11/2015
2015007978;3;1;1;1;6;830;29/11/2015
2015007979;1;1;1;2;5;830;05/12/2015
2015007980;3;1;1;1;1;830;16/12/2015
2015007981;1;1;9;1;6;830;18/12/2015
2015007982;1;1;1;1;1;830;19/12/2015
2015007983;3;1;1;1;7;830;25/01/2015
2015007984;1;1;1;1;3;830;01/02/2015
2015007985;1;2;1;1;6;830;31/03/2015
2015007986;3;1;1;1;1;830;11/06/2015
2015007987;1;2;1;1;5;830;14/06/2015
2015007988;1;1;1;1;1;830;16/06/2015
2015007989;1;2;1;1;1;830;06/07/2015
2015007990;3;1;1;1;7;830;19/07/2015
2015007991;1;1;1;1;6;830;10/08/2015
2015007992;1;2;1;1;7;830;11/08/2015
2015007993;1;2;1;1;5;830;15/08/2015
2015007994;1;1;1;1;4;830;28/08/2015
2015007995;5;2;1;1;6;830;26/11/2015
2015007996;1;2;1;1;6;830;06/01/2015
2015007997;1;1;1;1;3;830;30/01/2015
2015007998;2;2;1;1;6;830;30/01/2015
2015007999;1;1;1;1;1;830;24/02/2015
2015008000;1;1;1;1;1;830;27/02/2015
2015008001;5;2;6;2;6;830;24/03/2015
2015008002;1;1;1;1;3;830;09/05/2015
2015008003;1;2;1;1;1;830;10/05/2015
2015008004;1;1;1;1;3;830;22/05/2015
2015008005;1;1;1;1;1;830;05/06/2015
2015008006;5;1;1;1;6;830;28/06/2015
2015008007;1;2;1;1;6;830;04/08/2015
2015008008;5;1;1;1;1;830;05/08/2015
2015008009;1;1;6;1;1;830;06/08/2015
2015008010;1;1;1;1;3;830;03/09/2015
2015008011;1;1;1;1;1;830;24/10/2015
2015008012;1;1;1;1;5;830;20/11/2015
2015008013;5;2;1;3;6;830;21/01/2015
2015008014;3;1;1;1;3;830;22/01/2015
2015008015;1;2;1;1;2;830;27/01/2015
2015008016;1;1;1;6;1;830;01/04/2015
2015008017;1;2;1;1;7;830;18/04/2015
2015008018;1;2;1;1;6;830;06/05/2015
2015008019;1;2;6;1;3;830;11/05/2015
2015008020;1;1;1;1;6;830;13/05/2015
2015008021;1;2;1;1;3;830;20/06/2015
2015008022;3;2;9;1;6;830;20/06/2015
2015008023;1;2;1;1;6;830;25/06/2015
2015008024;1;1;1;1;1;830;20/07/2015
2015008025;1;1;1;1;1;830;23/07/2015
2015008026;1;2;1;1;3;830;27/08/2015
2015008027;1;1;1;1;3;830;19/09/2015
2015008028;1;1;9;1;1;830;08/10/2015
2015008029;1;1;1;1;6;830;19/10/2015
2015008030;1;2;1;1;6;830;22/12/2015
2015008031;2;1;1;1;1;830;08/03/2015
2015008032;2;1;1;1;7;830;09/03/2015
2015008033;1;1;1;1;6;830;16/03/2015
2015008034;1;1;1;1;2;830;13/04/2015
2015008035;3;1;1;1;1;830;07/05/2015
2015008036;2;2;1;1;1;830;08/05/2015
2015008037;3;1;1;8;7;830;22/05/2015
2015008038;1;1;1;1;3;830;01/06/2015
2015008039;2;2;1;1;6;830;12/06/2015
2015008040;1;2;1;1;6;830;22/06/2015
2015008041;1;2;1;1;6;830;26/06/2015
2015008042;1;1;1;1;3;830;26/06/2015
2015008043;1;1;1;1;7;830;08/07/2015
2015008044;1;1;1;1;1;830;14/07/2015
2015008045;1;2;1;1;3;830;09/08/2015
2015008046;1;1;1;1;2;830;11/08/2015
2015008047;2;2;1;1;6;830;12/08/2015
2015008048;1;1;3;1;3;830;29/08/2015
2015008049;1;1;1;1;3;830;07/09/2015
2015008050;3;1;1;1;6;830;26/01/2015
2015008051;1;2;1;2;1;830;27/02/2015
2015008052;1;1;1;1;7;830;08/03/2015
2015008053;1;1;1;2;1;830;21/03/2015
2015008054;1;1;1;1;3;830;09/05/2015
2015008055;1;1;1;1;2;830;18/06/2015
2015008056;1;2;1;1;3;830;22/06/2015
2015008057;1;2;1;1;3;830;10/07/2015
2015008058;1;1;1;1;1;830;12/07/2015
2015008059;1;1;1;1;1;830;17/07/2015
2015008060;1;2;1;1;5;830;16/08/2015
2015008061;1;1;1;1;1;830;07/09/2015
2015008062;2;1;1;1;6;830;08/09/2015
2015008063;1;1;1;1;6;830;19/09/2015
2015008064;1;1;1;1;3;830;01/11/2015
2015008065;1;1;9;1;3;830;19/11/2015
2015008066;5;1;1;1;6;830;13/06/2015
2015008067;1;2;6;1;2;830;20/06/2015
2015008068;1;2;1;1;1;830;19/07/2015
2015008069;3;1;1;1;6;830;23/10/2015
2015008070;5;2;1;3;6;830;26/10/2015
2015008071;1;1;1;1;2;830;13/11/2015
2015008072;1;1;1;1;1;830;06/08/2015
2015008073;1;1;1;3;1;830;12/10/2015
2015008074;1;1;1;1;6;830;31/10/2015
2015008075;1;2;6;1;2;830;02/01/2015
2015008076;3;2;1;1;6;830;29/01/2015
2015008077;1;2;1;1;1;830;09/02/2015
2015008078;1;2;1;1;6;830;29/04/2015
2015008079;1;1;1;1;3;830;01/06/2015
2015008080;1;2;1;1;3;830;02/08/2015
2015008081;2;2;1;7;6;830;16/11/2015
2015008082;3;1;1;1;1;830;13/12/2015
2015008083;1;1;1;1;2;840;04/04/2015
2015008084;1;1;1;1;3;840;13/05/2015
2015008085;1;1;1;1;3;840;28/05/2015
2015008086;1;1;1;1;1;840;04/07/2015
2015008087;1;1;1;1;4;840;03/08/2015
2015008088;1;1;1;1;4;840;08/08/2015
2015008089;1;2;1;1;1;840;02/09/2015
2015008090;1;2;1;1;3;840;13/09/2015
2015008091;3;1;1;1;6;840;16/09/2015
2015008092;1;1;6;1;3;840;02/12/2015
2015008093;1;1;2;1;3;840;15/01/2015
2015008094;1;1;1;1;1;840;16/01/2015
2015008095;1;2;2;1;7;840;31/03/2015
2015008096;1;1;1;1;3;840;23/04/2015
2015008097;1;1;1;1;6;840;05/05/2015
2015008098;1;1;1;1;3;840;08/06/2015
2015008099;3;1;1;1;3;840;10/06/2015
2015008100;1;2;1;1;3;840;10/06/2015
2015008101;3;2;1;1;7;840;20/06/2015
2015008102;1;1;4;1;2;840;26/06/2015
2015008103;1;1;1;1;7;840;23/07/2015
2015008104;1;1;3;1;3;840;07/09/2015
2015008105;1;1;1;1;1;840;12/09/2015
2015008106;5;2;1;1;7;840;25/09/2015
2015008107;3;1;1;1;6;840;29/09/2015
2015008108;3;1;2;1;2;840;05/10/2015
2015008109;1;2;1;7;7;840;23/10/2015
2015008110;3;1;1;1;3;840;11/11/2015
2015008111;5;2;9;1;6;840;28/11/2015
2015008112;1;2;1;1;1;840;13/12/2015
2015008113;5;1;1;1;7;840;18/03/2015
2015008114;1;2;6;1;2;840;16/05/2015
2015008115;5;1;1;1;3;840;09/10/2015
2015008116;1;2;1;1;3;840;28/10/2015
2015008117;1;2;6;1;7;840;01/04/2015
2015008118;1;2;3;1;7;840;19/05/2015
2015008119;1;2;6;1;3;840;10/12/2015
2015008120;5;2;1;1;6;840;14/02/2015
2015008121;5;2;1;1;1;840;28/02/2015
2015008122;3;1;1;1;6;840;13/03/2015
2015008123;2;2;1;1;6;840;13/04/2015
2015008124;1;2;6;7;6;840;21/04/2015
2015008125;3;1;1;1;6;840;26/04/2015
2015008126;5;2;2;1;3;840;29/05/2015
2015008127;1;1;1;1;5;840;03/08/2015
2015008128;1;1;1;1;1;840;15/08/2015
2015008129;1;2;1;1;2;840;30/08/2015
2015008130;1;1;1;1;3;840;25/09/2015
2015008131;3;2;1;1;3;840;25/12/2015
2015008132;1;1;2;1;5;840;06/05/2015
2015008133;1;1;1;1;2;840;10/05/2015
2015008134;1;2;1;1;6;840;26/05/2015
2015008135;1;2;3;1;3;840;01/09/2015
2015008136;1;1;9;1;1;840;20/09/2015
2015008137;1;1;1;1;2;840;06/11/2015
2015008138;3;1;1;1;7;840;22/11/2015
2015008139;1;1;1;1;7;840;10/12/2015
2015008140;1;1;1;8;1;840;13/12/2015
2015008141;3;1;1;1;1;840;15/04/2015
2015008142;1;1;1;1;3;840;23/05/2015
2015008143;2;1;9;1;4;840;19/06/2015
2015008144;1;1;1;1;7;840;15/08/2015
2015008145;1;1;1;1;6;840;10/01/2015
2015008146;1;2;9;1;2;840;30/03/2015
2015008147;1;1;1;1;1;840;02/04/2015