num_acc;lum;agg;inter;atm;col;dep;date
2015008728;1;1;1;1;1;660;15/04/2015
2015008729;1;1;1;1;4;660;02/05/2015
2015008730;1;1;1;1;3;660;14/08/2015
2015008731;1;1;1;1;6;660;26/09/2015
2015008732;3;1;1;1;2;660;24/10/2015
2015008733;1;1;1;1;1;660;31/10/2015
2015008734;2;1;1;1;7;660;14/12/2015
2015008735;1;2;1;1;6;660;23/05/2015
2015008736;1;2;1;1;7;660;21/06/2015
2015008737;1;2;6;7;1;660;28/12/2015
2015008738;1;2;1;1;6;660;10/02/2015
2015008739;1;2;1;1;3;660;05/03/2015
2015008740;1;1;1;1;2;660;15/04/2015
2015008741;3;1;1;1;1;660;20/06/2015
2015008742;1;1;1;1;7;660;14/07/2015
2015008743;1;2;1;1;1;660;21/07/2015
2015008744;3;1;1;1;6;660;14/08/2015
2015008745;1;2;1;1;6;660;21/12/2015
2015008746;4;2;1;1;6;660;13/02/2015
2015008747;1;1;1;1;2;660;07/03/2015
2015008748;1;2;1;6;6;660;14/03/2015
2015008749;1;1;1;1;1;660;26/04/2015
2015008750;1;1;1;1;3;660;30/04/2015
2015008751;2;1;1;1;7;660;04/05/2015
2015008752;1;1;1;1;7;660;08/05/2015
2015008753;2;1;1;1;7;660;02/07/2015
2015008754;1;1;1;1;1;660;04/07/2015
2015008755;1;1;1;1;3;660;23/07/2015
2015008756;5;2;1;1;1;660;24/10/2015
2015008757;1;2;1;7;6;660;10/11/2015
2015008758;1;1;1;1;6;660;11/02/2015
2015008759;1;1;1;1;7;660;01/08/2015
2015008760;1;2;1;1;6;660;23/11/2015
2015008761;1;2;1;1;6;660;02/01/2015
2015008762;1;1;1;1;5;660;07/06/2015
2015008763;3;2;1;1;6;660;12/07/2015
2015008764;5;2;1;3;1;660;31/07/2015
2015008765;1;2;6;7;6;660;16/12/2015
2015008766;3;1;1;1;6;660;20/04/2015
2015008767;3;1;1;1;1;660;04/06/2015
2015008768;1;1;1;1;6;660;10/08/2015
2015008769;3;1;1;1;6;660;07/09/2015
2015008770;3;1;1;1;5;660;02/10/2015
2015008771;3;1;1;1;7;660;10/11/2015
2015008772;2;1;1;1;3;660;18/04/2015
2015008773;1;1;1;1;2;660;10/05/2015
2015008774;1;2;1;1;6;660;02/06/2015
2015008775;3;1;1;1;7;660;05/07/2015
2015008776;1;1;1;1;1;660;16/07/2015
2015008777;1;1;1;1;1;660;24/07/2015
2015008778;2;1;1;8;3;660;24/07/2015
2015008779;1;2;1;1;3;660;26/08/2015
2015008780;1;2;1;1;6;660;19/12/2015
2015008781;1;1;1;7;7;660;02/03/2015
2015008782;1;1;1;1;1;660;11/06/2015
2015008783;3;1;1;1;6;660;11/08/2015
2015008784;1;1;1;1;2;660;20/11/2015
2015008785;2;1;1;1;3;660;19/06/2015
2015008786;1;2;2;1;6;660;22/01/2015
2015008787;2;1;1;8;1;660;01/03/2015
2015008788;1;1;1;1;6;660;24/05/2015
2015008789;1;1;1;2;1;660;18/08/2015
2015008790;1;1;1;1;3;660;23/05/2015
2015008791;1;2;1;1;6;660;02/06/2015
2015008792;1;2;1;1;6;660;03/07/2015
2015008793;1;1;2;1;1;660;30/11/2015
2015008794;1;1;1;1;3;201;24/01/2015
2015008795;3;2;1;2;7;201;16/03/2015
2015008796;1;2;1;1;6;201;30/11/2015
2015008797;1;1;1;1;3;201;13/05/2015
2015008798;1;1;3;1;3;201;19/06/2015
2015008799;1;1;1;3;1;201;21/06/2015
2015008800;1;1;1;1;2;201;06/07/2015
2015008801;1;1;1;1;6;201;24/07/2015
2015008802;1;1;9;7;3;201;03/08/2015
2015008803;3;1;1;1;7;201;28/09/2015
2015008804;1;1;1;1;1;201;03/10/2015
2015008805;1;1;1;1;1;201;07/11/2015
2015008806;1;1;1;1;1;201;11/11/2015
2015008807;1;2;1;1;5;201;23/11/2015
2015008808;1;1;1;1;1;201;26/12/2015
2015008809;1;1;1;1;6;201;22/06/2015
2015008810;1;1;1;1;1;201;22/09/2015
2015008811;1;2;1;1;7;201;12/05/2015
2015008812;3;1;1;1;7;201;29/08/2015
2015008813;1;2;1;1;6;201;10/09/2015
2015008814;3;1;1;3;7;201;09/10/2015
2015008815;1;1;1;2;1;201;10/10/2015
2015008816;1;2;1;1;6;201;22/12/2015
2015008817;3;1;1;1;2;201;11/01/2015
2015008818;1;1;1;1;2;201;23/01/2015
2015008819;1;1;1;1;1;201;12/02/2015
2015008820;1;1;1;1;6;201;19/02/2015
2015008821;1;2;2;1;1;201;29/03/2015
2015008822;5;2;1;1;6;201;01/05/2015
2015008823;1;1;1;1;1;201;11/05/2015
2015008824;3;1;1;1;2;201;30/06/2015
2015008825;1;1;1;1;3;201;18/07/2015
2015008826;1;1;1;1;3;201;28/07/2015
2015008827;3;1;1;1;7;201;25/08/2015
2015008828;3;2;1;1;7;201;30/08/2015
2015008829;5;2;4;1;1;201;27/09/2015
2015008830;1;1;1;1;1;201;01/10/2015
2015008831;5;2;1;1;1;201;08/10/2015
2015008832;1;1;1;1;1;201;25/10/2015
2015008833;3;1;1;1;6;201;09/12/2015
2015008834;1;1;1;7;1;201;29/06/2015
2015008835;1;1;1;1;2;201;21/07/2015
2015008836;1;1;1;1;3;201;17/09/2015
2015008837;1;1;1;1;1;201;06/06/2015
2015008838;1;1;1;1;7;201;21/04/2015
2015008839;1;1;1;1;1;201;23/01/2015
2015008840;1;2;1;1;2;201;13/02/2015
2015008841;1;2;1;1;6;201;27/11/2015
2015008842;3;1;1;1;6;201;27/11/2015
2015008843;1;1;1;1;1;202;08/03/2015
2015008844;1;2;1;1;1;202;09/04/2015
2015008845;1;1;1;1;2;202;05/05/2015
2015008846;2;1;1;1;1;202;18/05/2015
2015008847;3;1;3;1;3;202;29/05/2015
2015008848;1;1;1;1;6;202;05/08/2015
2015008849;1;1;1;1;3;202;21/08/2015
2015008850;1;2;1;1;1;202;27/09/2015
2015008851;2;1;1;2;1;202;01/10/2015
2015008852;1;1;1;1;6;202;03/10/2015
2015008853;1;1;1;1;6;202;22/10/2015
2015008854;1;2;1;1;3;202;24/10/2015
2015008855;1;1;1;1;1;202;01/11/2015
2015008856;1;1;1;1;3;202;24/11/2015
2015008857;5;2;1;1;1;202;28/11/2015
2015008858;5;2;1;8;1;202;28/10/2015
2015008859;5;2;1;8;6;202;04/11/2015
2015008860;1;2;1;3;6;202;16/02/2015
2015008861;1;1;1;1;7;202;21/05/2015
2015008862;1;2;1;1;7;202;24/08/2015
2015008863;1;2;1;1;3;202;31/08/2015
2015008864;3;1;1;1;6;202;11/09/2015
2015008865;1;1;1;1;7;202;14/12/2015
2015008866;1;1;1;1;1;202;24/12/2015
2015008867;1;1;1;1;3;202;14/04/2015
2015008868;2;2;1;1;6;202;22/07/2015
2015008869;1;2;1;1;6;202;26/07/2015
2015008870;1;2;1;1;3;202;09/08/2015
2015008871;1;1;1;7;2;202;11/05/2015
2015008872;1;1;1;1;1;202;19/06/2015
2015008873;1;1;1;1;5;202;25/06/2015
2015008874;2;2;1;1;7;202;09/08/2015
2015008875;3;1;1;1;5;202;04/12/2015
2015008876;1;1;1;1;6;202;14/01/2015
2015008877;1;2;1;1;3;202;10/03/2015
2015008878;1;1;1;1;1;202;13/03/2015
2015008879;1;1;1;2;6;202;25/03/2015
2015008880;3;1;1;1;1;202;13/04/2015
2015008881;1;2;1;1;6;202;05/05/2015
2015008882;1;2;9;1;2;202;11/05/2015
2015008883;3;1;1;1;7;202;11/05/2015
2015008884;1;2;1;1;6;202;16/06/2015
2015008885;1;1;1;1;6;202;11/07/2015
2015008886;1;1;1;1;6;202;03/08/2015
2015008887;1;2;1;1;7;202;06/08/2015
2015008888;1;1;1;8;5;202;13/09/2015
2015008889;1;1;1;1;1;202;15/09/2015
2015008890;1;1;1;1;4;202;19/09/2015
2015008891;1;1;1;1;1;202;29/09/2015
2015008892;3;1;1;1;7;202;21/12/2015
2015008893;1;1;1;1;7;202;03/06/2015
2015008894;1;1;1;1;3;202;14/08/2015
2015008895;3;1;1;1;6;202;14/12/2015
2015008896;3;1;1;3;7;202;06/02/2015
2015008897;1;1;1;3;7;202;16/02/2015
2015008898;2;1;1;3;5;202;14/03/2015
2015008899;2;1;1;2;1;202;18/03/2015
2015008900;1;1;1;1;3;202;21/05/2015
2015008901;1;1;1;1;7;202;25/05/2015
2015008902;1;1;1;1;1;202;26/05/2015
2015008903;1;1;1;1;5;202;19/06/2015
2015008904;1;1;1;1;7;202;21/07/2015
2015008905;1;1;1;1;6;202;17/08/2015
2015008906;3;1;1;1;7;202;28/08/2015
2015008907;1;1;1;1;5;202;29/09/2015
2015008908;3;1;1;1;7;202;01/11/2015
2015008909;1;1;1;1;1;202;06/01/2015
2015008910;1;2;1;1;2;202;25/01/2015
2015008911;3;1;1;1;6;202;25/01/2015
2015008912;1;2;1;1;2;202;10/03/2015
2015008913;1;2;1;1;5;202;08/04/2015
2015008914;5;2;9;1;1;202;02/08/2015
2015008915;1;1;1;1;1;202;31/08/2015
2015008916;1;1;1;1;7;202;03/09/2015
2015008917;1;1;1;1;1;202;29/06/2015
2015008918;5;2;1;1;3;202;17/07/2015
2015008919;1;1;1;1;7;202;08/08/2015
2015008920;1;1;1;1;7;202;20/10/2015
2015008921;1;1;1;1;6;202;10/11/2015
2015008922;2;1;6;2;6;202;04/03/2015
2015008923;1;2;9;1;6;202;18/06/2015
2015008924;1;2;6;1;6;202;25/06/2015
2015008925;1;1;1;1;3;202;15/08/2015
2015008926;1;2;1;1;6;202;08/10/2015
2015008927;1;1;1;1;1;202;22/10/2015
2015008928;1;1;1;1;1;202;16/12/2015
2015008929;2;1;1;1;7;50;16/03/2015
2015008930;5;2;1;4;6;50;20/01/2015
2015008931;2;1;1;4;1;50;30/01/2015
2015008932;1;2;4;1;3;50;24/05/2015
2015008933;1;2;1;1;5;50;05/03/2015
2015008934;1;2;3;1;3;50;17/06/2015
2015008935;1;2;6;1;6;50;05/07/2015
2015008936;1;2;9;1;2;50;08/07/2015
2015008937;1;1;3;1;6;50;08/07/2015
2015008938;1;2;3;1;3;50;28/09/2015
2015008939;1;2;4;1;3;50;01/11/2015
2015008940;1;2;1;1;6;50;30/10/2015
2015008941;1;2;6;1;6;50;14/12/2015
2015008942;2;2;1;1;3;50;29/12/2015
2015008943;1;2;1;1;2;50;15/03/2015
2015008944;1;1;2;1;3;50;19/03/2015
2015008945;1;2;4;1;3;50;03/04/2015
2015008946;1;2;1;1;6;50;28/04/2015
2015008947;1;1;1;1;1;50;11/05/2015
2015008948;1;2;1;1;3;50;11/05/2015
2015008949;1;2;1;1;2;50;13/05/2015
2015008950;1;2;1;1;6;50;20/05/2015
2015008951;1;2;2;1;3;50;04/06/2015
2015008952;3;1;1;1;7;50;22/06/2015
2015008953;1;2;3;1;3;50;27/06/2015
2015008954;1;2;1;1;6;50;10/07/2015
2015008955;1;1;1;1;3;50;05/08/2015
2015008956;1;2;1;1;6;50;11/09/2015
2015008957;1;2;1;1;1;50;18/09/2015
2015008958;1;2;2;1;3;50;18/09/2015
2015008959;1;2;1;1;6;50;02/09/2015
2015008960;5;2;3;1;3;50;01/10/2015
2015008961;1;2;6;1;3;50;10/10/2015
2015008962;2;2;4;1;6;50;10/11/2015
2015008963;1;2;1;1;3;50;06/11/2015
2015008964;2;2;3;1;3;50;18/11/2015
2015008965;2;2;3;1;6;50;26/11/2015
2015008966;2;2;3;1;3;50;04/12/2015
2015008967;5;2;6;1;5;50;24/12/2015
2015008968;3;1;1;1;5;50;28/12/2015
2015008969;5;2;1;1;6;50;07/01/2015
2015008970;1;2;1;1;6;50;07/02/2015
2015008971;1;2;1;1;4;50;05/03/2015
2015008972;1;2;6;1;3;50;09/03/2015
2015008973;1;2;1;1;6;50;11/03/2015
2015008974;3;1;1;3;7;780;15/12/2015
2015008975;1;2;1;1;6;780;12/04/2015
2015008976;1;1;1;1;3;780;20/04/2015
2015008977;2;2;1;1;6;780;19/07/2015
2015008978;1;2;1;1;3;780;21/08/2015
2015008979;1;2;1;1;6;780;26/09/2015
2015008980;1;1;1;1;6;780;12/10/2015
2015008981;1;2;1;8;7;780;24/12/2015
2015008982;3;1;1;1;1;780;02/01/2015
2015008983;1;1;1;1;2;780;05/04/2015
2015008984;1;1;2;1;3;780;03/07/2015
2015008985;5;2;1;1;6;780;06/12/2015
2015008986;3;1;1;1;3;780;13/01/2015
2015008987;1;2;1;1;3;780;12/04/2015
2015008988;3;1;1;1;6;780;07/08/2015
2015008989;1;1;1;1;5;780;16/10/2015
2015008990;1;1;1;1;2;780;25/03/2015
2015008991;1;2;1;1;6;780;25/05/2015
2015008992;1;1;3;1;1;780;04/06/2015
2015008993;1;1;3;1;3;780;15/06/2015
2015008994;1;2;1;1;1;780;10/09/2015
2015008995;5;2;2;1;3;780;10/10/2015
2015008996;1;2;1;7;3;780;09/01/2015
2015008997;1;1;1;1;3;780;02/03/2015
2015008998;2;1;1;1;1;780;27/03/2015
2015008999;1;2;1;1;6;780;28/04/2015
2015009000;1;1;1;1;6;780;16/05/2015
2015009001;1;2;1;1;2;780;01/07/2015
2015009002;3;1;1;1;6;780;15/07/2015
2015009003;1;1;1;7;7;780;04/08/2015
2015009004;1;2;6;1;3;780;16/09/2015
2015009005;1;1;1;1;2;780;17/12/2015
2015009006;1;2;1;1;3;780;25/01/2015
2015009007;2;1;1;2;7;780;26/08/2015
2015009008;1;1;1;1;5;780;30/09/2015
2015009009;1;2;1;7;6;780;03/10/2015
2015009010;5;2;1;2;1;780;08/12/2015
2015009011;4;2;1;5;6;780;05/01/2015
2015009012;1;1;1;1;6;780;09/10/2015
2015009013;1;1;1;1;6;780;03/08/2015
2015009014;1;1;1;1;1;780;07/12/2015
2015009015;1;2;1;1;2;780;21/07/2015
2015009016;1;2;1;1;2;780;28/10/2015
2015009017;1;1;1;1;1;780;31/10/2015
2015009018;1;1;1;1;5;780;15/11/2015
2015009019;1;2;1;1;3;780;28/11/2015
2015009020;5;2;1;1;6;780;04/01/2015
2015009021;1;1;9;1;2;780;25/05/2015
2015009022;3;1;1;1;1;780;19/09/2015
2015009023;1;1;1;1;1;780;06/10/2015
2015009024;5;2;1;1;1;780;09/10/2015
2015009025;1;1;1;1;1;780;04/11/2015
2015009026;2;1;1;5;4;780;02/11/2015
2015009027;1;2;1;1;6;780;23/12/2015
2015009028;1;1;1;1;1;780;22/12/2015
2015009029;1;2;1;1;2;780;02/09/2015
2015009030;3;1;1;1;3;780;04/11/2015
2015009031;1;1;1;1;6;780;15/11/2015
2015009032;1;2;1;8;6;780;10/12/2015
2015009033;1;1;1;1;1;780;04/04/2015
2015009034;1;1;1;1;7;780;18/04/2015
2015009035;1;1;1;1;1;780;05/07/2015
2015009036;1;1;1;1;1;780;07/07/2015
2015009037;1;1;1;1;7;780;20/07/2015
2015009038;3;1;1;2;1;780;14/08/2015
2015009039;1;1;1;1;7;780;31/08/2015
2015009040;1;1;1;8;2;780;18/11/2015
2015009041;1;1;1;1;1;780;04/12/2015
2015009042;1;2;6;1;3;910;23/07/2015
2015009043;5;2;1;1;6;910;01/01/2015
2015009044;1;1;1;8;2;910;16/05/2015
2015009045;1;2;1;2;6;910;15/10/2015
2015009046;1;1;9;1;5;910;06/03/2015
2015009047;1;1;1;1;5;910;05/04/2015
2015009048;1;2;6;1;2;910;25/03/2015
2015009049;1;2;1;1;5;910;09/11/2015
2015009050;3;1;6;2;6;910;21/12/2015
2015009051;1;2;1;1;3;910;28/07/2015
2015009052;5;2;1;1;6;910;13/08/2015
2015009053;2;2;1;1;3;910;28/08/2015
2015009054;1;1;1;7;6;910;30/09/2015
2015009055;1;1;1;1;6;910;06/06/2015
2015009056;1;2;1;1;3;910;17/06/2015
2015009057;3;1;1;1;3;910;02/08/2015
2015009058;1;1;1;1;1;910;10/08/2015
2015009059;1;1;1;1;7;910;29/09/2015
2015009060;2;1;1;1;2;910;15/07/2015
2015009061;3;1;1;2;6;910;28/07/2015
2015009062;1;1;1;1;1;910;04/08/2015
2015009063;2;1;1;1;6;910;25/09/2015
2015009064;1;2;2;1;5;910;18/03/2015
2015009065;5;2;1;2;3;910;13/01/2015
2015009066;1;1;1;1;2;910;07/04/2015
2015009067;1;1;1;2;3;910;26/04/2015
2015009068;1;1;1;7;2;910;04/06/2015
2015009069;1;1;1;1;3;910;12/06/2015
2015009070;1;2;1;1;6;910;21/12/2015
2015009071;5;2;1;1;6;910;12/01/2015
2015009072;1;2;6;2;3;910;22/06/2015
2015009073;1;1;6;1;3;910;25/07/2015
2015009074;5;2;1;8;6;910;26/11/2015
2015009075;1;1;3;1;1;910;27/01/2015
2015009076;2;1;1;2;1;910;29/01/2015
2015009077;1;1;2;1;1;910;03/03/2015
2015009078;3;1;1;9;7;910;22/02/2015
2015009079;3;1;1;1;1;910;05/03/2015
2015009080;2;1;1;1;6;910;16/03/2015
2015009081;1;1;1;3;3;910;02/05/2015
2015009082;1;1;1;1;6;910;22/05/2015
2015009083;1;1;1;1;1;910;04/06/2015
2015009084;3;1;1;1;3;910;11/06/2015
2015009085;1;1;1;1;2;910;19/06/2015
2015009086;2;2;1;1;3;910;25/06/2015
2015009087;2;1;1;1;3;910;26/06/2015
2015009088;2;2;6;1;6;910;28/06/2015
2015009089;1;1;1;8;1;910;08/07/2015
2015009090;1;1;1;1;3;910;18/07/2015
2015009091;1;2;6;1;2;910;22/08/2015
2015009092;1;1;1;3;6;910;27/08/2015
2015009093;1;1;1;1;3;910;11/09/2015
2015009094;1;1;1;1;2;910;21/09/2015
2015009095;1;1;1;1;7;910;26/09/2015
2015009096;1;1;1;1;1;910;03/10/2015
2015009097;1;1;1;1;3;910;09/10/2015
2015009098;3;1;1;2;7;910;11/10/2015
2015009099;1;1;3;2;3;910;22/10/2015
2015009100;1;1;1;1;2;910;07/11/2015
2015009101;1;2;1;5;2;910;12/11/2015
2015009102;1;1;6;1;2;910;30/11/2015
2015009103;5;2;1;2;6;910;18/12/2015
2015009104;1;2;9;2;3;910;30/04/2015
2015009105;3;1;1;1;3;910;12/05/2015
2015009106;5;2;1;2;6;910;25/10/2015
2015009107;4;1;6;1;6;910;21/01/2015
2015009108;1;1;1;1;2;910;16/04/2015
2015009109;1;2;1;1;3;910;17/04/2015
2015009110;1;1;1;1;2;910;11/06/2015
2015009111;1;1;3;1;3;910;12/07/2015
2015009112;2;2;1;2;5;910;03/01/2015
2015009113;5;2;6;1;6;910;07/02/2015
2015009114;1;1;3;1;3;910;21/04/2015
2015009115;1;1;1;1;6;910;06/05/2015
2015009116;1;1;9;1;3;910;09/05/2015
2015009117;1;2;1;1;6;910;11/06/2015
2015009118;1;1;1;3;4;910;22/06/2015
2015009119;1;1;6;3;6;910;12/09/2015
2015009120;1;2;1;1;3;910;27/09/2015
2015009121;1;2;1;7;1;910;09/10/2015
2015009122;3;2;1;1;6;910;21/12/2015
2015009123;3;1;1;2;6;910;24/12/2015
2015009124;1;1;1;1;6;950;10/07/2015
2015009125;1;1;1;1;7;950;31/08/2015
2015009126;3;1;1;2;6;950;21/10/2015
2015009127;3;1;1;2;6;950;18/12/2015
2015009128;5;2;1;1;1;950;27/12/2015
2015009129;2;1;1;5;6;950;18/02/2015
2015009130;2;1;1;2;6;950;29/03/2015
2015009131;1;1;2;1;3;950;17/06/2015
2015009132;3;1;1;1;1;950;03/01/2015
2015009133;2;1;1;3;1;950;27/08/2015
2015009134;1;1;1;1;3;950;20/09/2015
2015009135;3;1;1;2;6;950;16/10/2015
2015009136;3;1;1;1;1;950;11/12/2015
2015009137;1;2;1;1;6;950;10/03/2015
2015009138;1;2;1;1;3;950;18/04/2015
2015009139;1;2;1;2;6;950;26/04/2015
2015009140;2;1;1;1;6;950;16/05/2015
2015009141;2;1;1;1;1;950;06/07/2015
2015009142;1;1;2;1;5;950;01/11/2015
2015009143;2;2;1;1;6;950;11/01/2015
2015009144;3;2;1;1;6;950;22/01/2015
2015009145;5;2;1;1;6;950;15/02/2015
2015009146;3;1;1;5;1;950;21/02/2015
2015009147;1;1;1;2;6;950;26/04/2015
2015009148;1;1;1;1;4;950;27/04/2015
2015009149;1;1;1;1;1;950;26/05/2015
2015009150;1;1;1;1;7;950;28/05/2015
2015009151;1;1;1;1;7;950;08/07/2015
2015009152;2;1;1;1;5;950;17/12/2015
2015009153;1;2;1;1;6;950;24/05/2015
2015009154;1;2;1;1;1;950;04/06/2015
2015009155;1;1;1;1;1;950;16/06/2015
2015009156;1;1;1;1;2;950;23/07/2015
2015009157;1;2;1;1;2;950;22/07/2015
2015009158;1;2;1;7;6;950;07/11/2015
2015009159;3;1;1;1;4;950;17/04/2015
2015009160;1;1;1;1;4;950;02/05/2015
2015009161;1;2;1;1;2;950;19/12/2015
2015009162;2;1;6;2;6;950;02/02/2015
2015009163;1;2;1;1;3;950;25/04/2015
2015009164;3;1;1;1;1;770;11/02/2015
2015009165;1;2;1;2;6;770;11/04/2015
2015009166;1;1;1;1;7;770;18/04/2015
2015009167;1;1;3;1;3;770;27/04/2015
2015009168;1;1;1;3;5;770;04/05/2015
2015009169;1;1;4;1;5;770;02/07/2015
2015009170;1;1;1;1;1;770;07/07/2015
2015009171;1;1;2;3;3;770;15/09/2015
2015009172;3;1;1;2;6;770;13/09/2015
2015009173;1;1;1;1;3;770;18/09/2015
2015009174;1;1;1;1;1;770;02/10/2015
2015009175;3;1;1;2;6;770;22/10/2015
2015009176;3;1;1;5;6;770;26/10/2015
2015009177;1;1;1;2;3;770;29/01/2015
2015009178;1;1;2;1;3;770;21/03/2015
2015009179;1;2;1;7;3;770;18/04/2015
2015009180;1;1;1;3;6;770;30/04/2015
2015009181;1;1;1;7;3;770;22/08/2015
2015009182;1;1;1;1;1;770;18/09/2015
2015009183;1;2;1;1;6;770;10/11/2015
2015009184;3;2;1;2;6;770;20/11/2015
2015009185;1;1;1;1;7;770;12/12/2015
2015009186;3;1;1;1;1;770;17/12/2015
2015009187;1;2;1;1;1;770;07/05/2015
2015009188;1;1;1;1;7;770;04/06/2015
2015009189;1;1;1;1;1;770;05/08/2015
2015009190;3;1;1;1;6;770;14/09/2015
2015009191;3;1;1;1;6;770;30/11/2015
2015009192;3;1;1;1;5;770;24/04/2015
2015009193;5;1;1;1;6;770;31/05/2015
2015009194;1;1;1;1;1;770;21/09/2015
2015009195;5;1;3;1;1;770;02/01/2015
2015009196;2;1;1;1;1;770;31/07/2015
2015009197;1;1;1;1;7;770;19/08/2015
2015009198;3;1;1;3;6;770;27/08/2015
2015009199;5;1;1;1;7;770;06/12/2015
2015009200;5;2;9;1;6;770;14/12/2015
2015009201;1;1;3;1;3;770;08/03/2015
2015009202;1;1;1;1;2;770;05/06/2015
2015009203;2;2;1;1;3;770;10/07/2015
2015009204;1;1;3;1;1;770;16/07/2015
2015009205;1;1;1;1;7;770;31/08/2015
2015009206;3;1;1;1;7;770;25/10/2015
2015009207;5;1;1;1;6;770;16/11/2015
2015009208;5;1;1;1;3;770;09/04/2015
2015009209;1;2;1;1;3;770;23/05/2015
2015009210;3;1;1;1;6;770;24/05/2015
2015009211;2;1;1;1;6;770;30/05/2015
2015009212;1;1;1;1;6;770;01/06/2015
2015009213;1;2;1;1;1;770;01/06/2015
2015009214;1;1;1;1;1;770;11/07/2015
2015009215;1;1;1;1;5;770;26/08/2015
2015009216;5;2;1;1;6;770;10/10/2015
2015009217;3;1;1;2;6;770;22/10/2015
2015009218;1;2;1;1;6;770;02/11/2015
2015009219;3;1;1;1;3;770;30/12/2015
2015009220;1;1;1;1;5;770;19/04/2015
2015009221;1;2;1;1;3;770;11/05/2015
2015009222;1;1;1;1;5;770;21/07/2015
2015009223;3;1;2;1;3;770;28/08/2015
2015009224;1;1;1;1;7;770;29/08/2015
2015009225;3;1;1;1;7;770;08/09/2015
2015009226;3;1;3;1;3;770;29/09/2015
2015009227;3;1;1;1;3;770;31/10/2015
2015009228;3;1;1;1;2;770;26/12/2015
2015009229;1;1;1;2;7;770;28/03/2015
2015009230;1;1;1;3;1;770;16/09/2015
2015009231;3;1;1;3;7;770;06/10/2015
2015009232;1;2;2;1;3;770;03/11/2015
2015009233;2;1;1;2;6;770;08/01/2015
2015009234;1;1;2;2;3;770;26/01/2015
2015009235;1;1;1;2;2;770;27/01/2015
2015009236;1;1;2;1;1;770;03/03/2015
2015009237;1;1;1;1;4;770;01/04/2015
2015009238;1;1;1;2;1;770;27/04/2015
2015009239;5;2;1;1;6;770;12/07/2015
2015009240;1;1;1;1;3;770;02/08/2015
2015009241;3;1;1;2;2;770;19/09/2015
2015009242;2;2;1;2;7;770;22/09/2015
2015009243;3;1;1;1;7;770;14/12/2015
2015009244;1;2;2;1;1;770;14/05/2015
2015009245;1;1;1;1;3;770;21/03/2015
2015009246;1;1;1;1;1;770;26/04/2015
2015009247;1;1;1;8;1;770;27/04/2015
2015009248;1;2;1;1;3;770;28/05/2015
2015009249;1;1;1;1;7;770;04/06/2015
2015009250;1;1;1;1;2;770;21/06/2015
2015009251;1;2;2;1;2;770;24/06/2015
2015009252;1;1;1;1;4;770;04/08/2015
2015009253;1;1;1;1;2;770;17/01/2015
2015009254;3;1;1;2;7;770;29/01/2015
2015009255;1;1;1;1;6;770;15/01/2015
2015009256;1;1;1;8;6;770;04/04/2015
2015009257;1;1;3;1;1;770;18/04/2015
2015009258;1;1;1;1;7;770;17/05/2015
2015009259;1;1;2;1;3;770;04/07/2015
2015009260;1;1;1;1;2;770;24/07/2015
2015009261;1;2;1;1;6;770;21/08/2015
2015009262;1;1;1;1;6;770;05/09/2015
2015009263;3;1;1;1;5;770;04/10/2015
2015009264;1;1;1;1;6;770;27/10/2015
2015009265;3;1;1;1;1;770;18/01/2015
2015009266;1;1;1;1;1;770;01/06/2015
2015009267;1;1;9;1;2;770;15/06/2015
2015009268;1;2;7;1;6;770;27/06/2015
2015009269;1;2;1;1;3;770;21/07/2015
2015009270;1;2;1;1;3;770;10/08/2015
2015009271;1;2;1;2;6;770;18/09/2015
2015009272;3;1;2;1;3;770;25/01/2015
2015009273;1;1;1;8;6;770;14/02/2015
2015009274;1;1;1;1;5;770;22/04/2015
2015009275;1;2;1;1;7;770;27/04/2015
2015009276;1;1;1;1;1;770;18/08/2015
2015009277;5;2;1;1;1;770;09/10/2015
2015009278;1;1;1;1;1;770;03/11/2015
2015009279;3;1;1;1;5;770;02/12/2015
2015009280;1;1;1;1;2;770;23/12/2015
2015009281;2;1;1;1;1;770;31/12/2015
2015009282;3;1;1;9;1;770;05/02/2015
2015009283;2;1;1;5;3;770;16/02/2015
2015009284;1;1;1;1;1;770;28/06/2015
2015009285;1;1;1;1;6;770;10/07/2015
2015009286;1;1;1;2;1;770;25/08/2015
2015009287;2;1;1;1;6;770;20/09/2015
2015009288;5;2;3;1;1;770;12/10/2015
2015009289;3;1;2;2;3;770;17/12/2015
2015009290;1;1;1;1;1;770;16/04/2015
2015009291;3;1;1;1;1;770;01/05/2015
2015009292;1;1;2;1;5;770;20/06/2015
2015009293;1;1;1;7;1;770;30/06/2015
2015009294;1;2;1;1;6;770;16/07/2015
2015009295;1;1;1;1;1;770;07/08/2015
2015009296;1;1;1;1;7;770;22/08/2015
2015009297;1;1;1;1;1;770;25/08/2015
2015009298;1;1;1;2;1;770;12/09/2015
2015009299;2;1;3;1;3;770;13/10/2015
2015009300;1;1;1;1;7;770;15/10/2015
2015009301;1;1;1;1;7;770;20/10/2015
2015009302;1;1;1;1;7;770;01/11/2015
2015009303;3;1;1;1;1;770;27/12/2015
2015009304;1;1;1;1;1;770;13/01/2015
2015009305;2;1;4;9;5;770;19/02/2015
2015009306;1;1;1;1;6;770;31/03/2015
2015009307;1;2;1;2;1;770;02/04/2015
2015009308;3;1;1;1;1;770;16/06/2015