num_acc;lum;agg;inter;atm;col;dep;date
2015009309;1;1;1;1;1;770;27/06/2015
2015009310;1;1;1;1;6;770;01/07/2015
2015009311;2;1;1;1;1;770;11/07/2015
2015009312;1;1;1;2;7;770;04/08/2015
2015009313;1;1;1;1;7;770;04/09/2015
2015009314;1;1;1;1;6;770;01/10/2015
2015009315;1;2;1;1;7;770;28/10/2015
2015009316;3;1;1;1;1;770;15/12/2015
2015009317;2;1;1;2;6;770;03/03/2015
2015009318;1;1;1;2;1;770;04/04/2015
2015009319;1;1;1;1;5;770;04/09/2015
2015009320;3;1;1;1;6;770;10/10/2015
2015009321;3;1;1;1;6;770;02/11/2015
2015009322;1;2;8;1;3;770;21/04/2015
2015009323;1;1;1;1;6;770;25/04/2015
2015009324;1;1;1;1;6;770;30/08/2015
2015009325;3;1;1;1;2;770;05/12/2015
2015009326;1;2;2;2;6;450;28/01/2015
2015009327;2;2;1;8;1;450;30/01/2015
2015009328;1;1;1;1;1;450;05/04/2015
2015009329;1;1;1;1;7;450;17/05/2015
2015009330;1;2;1;1;6;450;08/07/2015
2015009331;4;1;1;1;5;450;01/10/2015
2015009332;1;2;2;1;3;450;20/10/2015
2015009333;1;2;1;3;6;450;20/11/2015
2015009334;1;1;1;1;1;450;06/12/2015
2015009335;3;1;1;8;6;450;29/03/2015
2015009336;5;1;1;2;6;450;26/02/2015
2015009337;1;2;3;1;1;450;14/04/2015
2015009338;3;1;1;1;6;450;17/05/2015
2015009339;1;1;1;1;5;450;12/06/2015
2015009340;1;1;3;1;2;450;20/09/2015
2015009341;1;1;1;1;6;450;29/11/2015
2015009342;5;2;3;1;3;450;11/12/2015
2015009343;1;2;3;1;6;450;01/10/2015
2015009344;1;1;1;1;7;450;08/11/2015
2015009345;1;1;1;1;6;450;09/06/2015
2015009346;1;2;1;1;7;450;29/06/2015
2015009347;3;1;1;1;6;450;28/08/2015
2015009348;1;1;1;1;2;450;29/09/2015
2015009349;1;1;3;1;3;450;28/10/2015
2015009350;1;1;1;1;5;450;05/11/2015
2015009351;3;1;1;2;1;450;04/01/2015
2015009352;5;1;1;1;6;450;06/02/2015
2015009353;1;2;2;2;6;450;04/04/2015
2015009354;1;1;1;7;1;450;30/06/2015
2015009355;1;1;1;1;7;450;29/06/2015
2015009356;5;2;3;1;1;450;03/11/2015
2015009357;1;1;1;1;1;450;28/11/2015
2015009358;1;1;1;1;2;450;04/12/2015
2015009359;3;1;1;1;7;450;07/03/2015
2015009360;1;2;3;1;1;450;22/05/2015
2015009361;3;2;9;1;6;450;12/06/2015
2015009362;2;1;1;1;1;450;15/06/2015
2015009363;3;2;1;1;6;450;16/08/2015
2015009364;3;1;1;1;6;450;18/11/2015
2015009365;5;2;3;2;3;450;14/01/2015
2015009366;5;2;3;1;3;450;06/02/2015
2015009367;1;1;1;1;1;450;20/03/2015
2015009368;5;2;3;1;3;450;17/07/2015
2015009369;3;1;1;1;1;450;20/10/2015
2015009370;3;1;2;1;6;450;26/12/2015
2015009371;1;1;1;2;1;450;04/04/2015
2015009372;1;2;4;8;3;450;25/04/2015
2015009373;3;2;1;1;6;450;22/05/2015
2015009374;1;1;1;1;6;450;03/06/2015
2015009375;3;1;1;1;6;450;14/11/2015
2015009376;1;1;1;1;6;450;15/05/2015
2015009377;1;2;1;1;3;450;24/07/2015
2015009378;1;1;1;1;6;450;29/07/2015
2015009379;1;1;3;6;2;450;24/08/2015
2015009380;3;1;1;1;6;450;20/09/2015
2015009381;1;1;1;8;6;450;22/09/2015
2015009382;1;1;1;1;2;450;11/10/2015
2015009383;2;1;1;8;1;450;30/01/2015
2015009384;1;1;3;1;3;450;21/03/2015
2015009385;1;1;1;1;6;450;12/04/2015
2015009386;1;2;6;1;3;450;20/04/2015
2015009387;1;1;1;1;2;450;11/05/2015
2015009388;2;1;2;1;1;450;25/09/2015
2015009389;1;2;1;1;6;450;04/10/2015
2015009390;3;1;1;1;6;450;25/10/2015
2015009391;3;1;2;2;3;450;15/02/2015
2015009392;5;1;1;3;6;450;26/02/2015
2015009393;1;2;3;1;3;450;19/06/2015
2015009394;1;1;1;1;6;450;14/07/2015
2015009395;1;1;1;1;1;450;15/09/2015
2015009396;3;1;1;1;6;450;25/10/2015
2015009397;1;1;2;1;3;450;14/11/2015
2015009398;3;1;1;5;2;450;20/01/2015
2015009399;3;1;1;1;6;450;12/07/2015
2015009400;1;1;1;1;3;450;17/07/2015
2015009401;1;1;1;1;7;450;17/07/2015
2015009402;3;1;1;1;6;450;30/08/2015
2015009403;1;1;1;1;1;450;01/11/2015
2015009404;1;1;1;8;6;450;09/01/2015
2015009405;3;1;1;1;6;450;11/01/2015
2015009406;1;2;1;1;6;450;15/04/2015
2015009407;1;1;1;1;7;450;30/05/2015
2015009408;1;2;1;1;1;450;30/06/2015
2015009409;1;1;1;3;6;450;27/08/2015
2015009410;1;2;2;1;3;450;30/09/2015
2015009411;5;1;6;1;6;450;27/10/2015
2015009412;3;1;2;2;3;450;15/01/2015
2015009413;1;2;1;2;6;450;03/01/2015
2015009414;1;2;1;1;5;450;06/03/2015
2015009415;1;2;1;8;6;450;30/03/2015
2015009416;1;2;3;1;6;450;10/04/2015
2015009417;1;1;1;3;6;450;01/05/2015
2015009418;1;1;1;1;3;450;02/07/2015
2015009419;1;1;1;1;6;450;24/07/2015
2015009420;1;2;1;1;6;450;07/09/2015
2015009421;5;2;1;1;6;450;11/11/2015
2015009422;3;1;2;1;3;450;15/11/2015
2015009423;5;2;4;1;3;450;01/12/2015
2015009424;1;1;1;5;6;450;31/12/2015
2015009425;1;2;1;1;6;450;08/05/2015
2015009426;1;2;1;1;6;450;23/05/2015
2015009427;1;1;1;1;1;450;31/05/2015
2015009428;3;1;1;1;6;450;04/07/2015
2015009429;3;1;1;1;1;450;09/11/2015
2015009430;5;2;1;2;6;450;21/01/2015
2015009431;3;1;1;1;1;450;05/02/2015
2015009432;2;2;6;1;6;450;26/04/2015
2015009433;1;1;1;1;7;450;11/08/2015
2015009434;1;2;1;1;1;450;29/08/2015
2015009435;1;2;6;1;3;450;10/09/2015
2015009436;1;1;1;1;6;180;09/03/2015
2015009437;3;1;1;1;6;180;22/08/2015
2015009438;1;1;1;1;6;180;30/09/2015
2015009439;1;1;1;1;6;180;30/10/2015
2015009440;1;1;1;5;6;180;13/12/2015
2015009441;1;2;1;1;6;180;18/08/2015
2015009442;1;1;2;1;6;180;09/10/2015
2015009443;1;1;1;8;1;180;17/09/2015
2015009444;1;1;1;2;6;180;22/10/2015
2015009445;1;2;1;1;6;180;14/12/2015
2015009446;1;2;1;1;6;180;08/03/2015
2015009447;1;1;1;1;6;180;17/09/2015
2015009448;1;1;1;2;1;180;12/09/2015
2015009449;3;1;1;2;6;180;09/05/2015
2015009450;1;1;2;1;3;180;11/05/2015
2015009451;2;2;1;1;3;180;08/12/2015
2015009452;2;2;6;7;3;180;15/04/2015
2015009453;1;2;8;1;3;180;02/09/2015
2015009454;1;1;3;1;2;180;22/12/2015
2015009455;1;1;2;7;3;180;29/12/2015
2015009456;1;1;1;1;7;180;25/04/2015
2015009457;1;2;7;8;6;180;14/05/2015
2015009458;1;2;1;1;6;180;23/05/2015
2015009459;1;2;1;1;2;180;20/07/2015
2015009460;3;2;1;1;6;180;11/10/2015
2015009461;3;1;2;1;3;180;25/10/2015
2015009462;2;1;1;1;6;180;06/12/2015
2015009463;1;1;1;1;6;180;18/12/2015
2015009464;1;1;1;2;6;180;04/04/2015
2015009465;1;1;1;1;6;180;23/05/2015
2015009466;1;2;5;7;3;180;17/06/2015
2015009467;3;1;1;1;2;180;23/07/2015
2015009468;1;1;1;1;5;280;04/03/2015
2015009469;1;1;1;1;1;280;12/03/2015
2015009470;1;1;1;7;6;280;08/04/2015
2015009471;1;1;1;7;2;280;23/04/2015
2015009472;2;1;1;1;6;280;08/05/2015
2015009473;1;1;1;1;1;280;30/05/2015
2015009474;1;1;1;1;1;280;01/06/2015
2015009475;1;1;1;1;1;280;04/06/2015
2015009476;1;1;1;1;3;280;06/07/2015
2015009477;1;2;6;1;3;280;15/07/2015
2015009478;3;1;1;1;6;280;21/07/2015
2015009479;1;1;1;1;2;280;20/08/2015
2015009480;1;1;2;1;1;280;04/09/2015
2015009481;3;1;1;1;7;280;09/09/2015
2015009482;1;1;1;1;3;280;21/09/2015
2015009483;1;1;3;1;1;280;23/09/2015
2015009484;5;1;1;1;7;280;29/10/2015
2015009485;5;2;1;1;6;280;30/10/2015
2015009486;1;1;1;1;2;280;21/12/2015
2015009487;3;1;1;1;7;280;18/05/2015
2015009488;1;1;2;1;3;280;17/06/2015
2015009489;1;2;2;1;3;280;30/08/2015
2015009490;1;1;1;1;3;280;14/08/2015
2015009491;3;1;1;8;6;280;23/10/2015
2015009492;1;1;1;1;1;280;23/05/2015
2015009493;1;1;2;1;3;280;06/06/2015
2015009494;1;2;1;1;6;280;17/03/2015
2015009495;1;2;4;1;1;280;20/03/2015
2015009496;1;1;2;1;3;280;30/03/2015
2015009497;3;1;1;8;6;280;19/05/2015
2015009498;5;2;1;1;6;280;07/06/2015
2015009499;1;1;1;1;3;280;27/06/2015
2015009500;2;1;1;7;6;280;30/06/2015
2015009501;1;2;1;1;6;280;19/07/2015
2015009502;1;1;1;1;1;280;19/07/2015
2015009503;1;1;2;1;3;280;22/07/2015
2015009504;1;1;1;1;3;280;27/07/2015
2015009505;5;2;1;2;7;280;15/08/2015
2015009506;1;1;1;1;6;280;04/09/2015
2015009507;1;2;1;1;2;280;09/10/2015
2015009508;2;2;1;3;6;280;15/12/2015
2015009509;1;1;1;1;1;280;31/12/2015
2015009510;5;2;1;1;1;280;11/03/2015
2015009511;2;1;1;1;1;280;19/03/2015
2015009512;1;1;1;1;7;280;10/05/2015
2015009513;1;1;2;1;3;280;26/05/2015
2015009514;1;2;1;1;3;280;29/05/2015
2015009515;1;2;1;1;6;280;07/06/2015
2015009516;1;1;1;7;7;280;28/06/2015
2015009517;1;1;1;1;6;280;28/06/2015
2015009518;1;1;1;1;6;280;14/07/2015
2015009519;1;1;1;8;1;280;25/07/2015
2015009520;1;2;1;2;6;280;01/09/2015
2015009521;1;1;1;3;6;280;13/09/2015
2015009522;1;1;1;6;4;280;14/09/2015
2015009523;1;1;1;1;6;280;21/09/2015
2015009524;1;2;1;1;6;280;16/10/2015
2015009525;1;1;1;1;5;280;09/02/2015
2015009526;2;1;1;8;7;280;21/02/2015
2015009527;1;1;1;2;3;280;24/02/2015
2015009528;1;2;1;1;6;280;25/02/2015
2015009529;2;1;1;1;6;280;20/03/2015
2015009530;1;1;1;1;2;280;20/04/2015
2015009531;1;2;1;8;3;280;26/04/2015
2015009532;1;2;1;1;2;280;09/06/2015
2015009533;1;1;1;1;1;280;09/06/2015
2015009534;2;1;1;1;7;280;13/06/2015
2015009535;1;2;3;1;3;280;19/06/2015
2015009536;1;1;1;3;1;280;16/09/2015
2015009537;1;1;2;2;3;280;17/09/2015
2015009538;1;2;1;1;3;280;24/09/2015
2015009539;2;1;1;1;1;280;27/10/2015
2015009540;2;1;1;1;7;280;30/11/2015
2015009541;5;2;1;1;6;280;13/12/2015
2015009542;1;1;1;1;2;280;23/12/2015
2015009543;1;1;1;1;6;280;08/04/2015
2015009544;1;1;1;1;7;280;15/04/2015
2015009545;1;1;1;1;7;280;10/05/2015
2015009546;1;1;1;1;6;280;22/05/2015
2015009547;1;1;2;1;1;280;21/06/2015
2015009548;3;1;1;1;6;280;16/07/2015
2015009549;1;1;1;3;1;280;05/10/2015
2015009550;2;2;1;2;3;280;22/10/2015
2015009551;3;1;1;1;1;280;14/12/2015
2015009552;1;2;1;1;6;280;11/04/2015
2015009553;1;1;1;1;6;280;21/04/2015
2015009554;1;1;1;1;2;280;16/07/2015
2015009555;1;1;1;1;6;280;09/10/2015
2015009556;1;1;1;2;1;280;16/10/2015
2015009557;5;2;2;1;3;280;06/12/2015
2015009558;1;1;1;1;6;280;01/04/2015
2015009559;1;2;1;7;1;280;25/06/2015
2015009560;1;1;1;1;7;280;06/07/2015
2015009561;1;2;1;1;1;280;21/07/2015
2015009562;1;1;1;1;6;280;08/08/2015
2015009563;3;2;8;3;6;280;14/08/2015
2015009564;1;1;2;1;3;280;28/08/2015
2015009565;1;1;2;1;3;280;05/09/2015
2015009566;2;1;1;1;6;280;12/09/2015
2015009567;1;1;1;1;6;280;16/09/2015
2015009568;5;2;1;1;6;280;09/11/2015
2015009569;2;2;1;1;6;280;10/06/2015
2015009570;1;1;1;1;1;280;29/06/2015
2015009571;1;1;1;1;7;280;02/07/2015
2015009572;1;1;1;2;6;280;24/08/2015
2015009573;1;1;1;1;5;280;14/11/2015
2015009574;3;1;1;1;7;280;15/11/2015
2015009575;3;1;1;1;3;280;16/01/2015
2015009576;1;1;1;3;6;280;26/02/2015
2015009577;1;1;1;1;3;280;05/04/2015
2015009578;1;1;1;1;2;280;10/05/2015
2015009579;1;1;1;1;1;280;30/05/2015
2015009580;1;2;2;1;3;280;02/09/2015
2015009581;2;2;1;5;1;280;19/02/2015
2015009582;1;1;1;1;7;280;28/02/2015
2015009583;1;1;1;1;7;280;05/07/2015
2015009584;1;1;1;1;1;280;12/01/2015
2015009585;4;2;2;1;3;280;14/03/2015
2015009586;1;2;1;1;7;280;11/03/2015
2015009587;1;2;1;1;6;280;07/09/2015
2015009588;1;2;1;1;6;280;09/09/2015
2015009589;1;2;1;1;6;280;19/10/2015
2015009590;3;1;1;1;6;280;10/11/2015
2015009591;2;1;1;2;5;280;13/11/2015
2015009592;3;1;1;8;6;280;22/11/2015
2015009593;3;1;1;1;6;280;30/12/2015
2015009594;2;2;1;2;6;280;25/04/2015
2015009595;2;1;1;2;6;280;31/05/2015
2015009596;1;1;1;1;7;280;06/08/2015
2015009597;1;1;1;1;6;280;08/08/2015
2015009598;5;1;3;2;3;280;04/10/2015
2015009599;1;1;1;1;1;280;13/11/2015
2015009600;3;1;1;1;6;280;29/12/2015
2015009601;1;1;1;1;6;360;07/04/2015
2015009602;1;1;2;1;3;360;08/07/2015
2015009603;1;2;3;8;1;360;09/08/2015
2015009604;2;1;1;8;6;360;23/08/2015
2015009605;1;1;1;1;7;360;31/08/2015
2015009606;1;1;1;7;2;360;04/10/2015
2015009607;1;1;1;2;6;360;27/10/2015
2015009608;1;1;1;1;1;360;02/02/2015
2015009609;1;2;1;1;6;360;04/02/2015
2015009610;1;1;1;1;6;360;25/05/2015
2015009611;1;1;2;1;3;360;19/06/2015
2015009612;3;2;1;1;2;360;23/06/2015
2015009613;1;1;1;1;3;360;09/07/2015
2015009614;1;1;1;1;7;360;20/07/2015
2015009615;1;1;1;1;1;360;29/08/2015
2015009616;1;1;1;1;6;360;20/09/2015
2015009617;3;2;1;1;6;360;08/10/2015
2015009618;1;1;1;1;7;360;20/01/2015
2015009619;1;1;1;1;6;360;25/01/2015
2015009620;1;1;1;1;7;360;14/04/2015
2015009621;1;1;1;1;7;360;16/04/2015
2015009622;1;1;1;1;5;360;09/05/2015
2015009623;1;1;1;1;6;360;10/05/2015
2015009624;1;1;1;1;3;360;12/07/2015
2015009625;1;1;3;1;3;360;11/09/2015
2015009626;5;2;1;2;6;360;03/10/2015
2015009627;3;2;1;1;7;360;26/10/2015
2015009628;3;1;1;6;7;360;19/11/2015
2015009629;1;1;1;5;7;360;09/12/2015
2015009630;5;2;1;1;5;360;11/12/2015
2015009631;1;1;1;1;2;360;13/12/2015
2015009632;1;1;1;1;6;360;20/05/2015
2015009633;1;1;1;1;7;360;18/06/2015
2015009634;1;1;1;1;7;360;29/08/2015
2015009635;4;1;1;2;1;360;30/11/2015
2015009636;1;1;1;1;7;360;14/02/2015
2015009637;1;1;1;3;6;360;29/03/2015
2015009638;1;1;1;1;2;360;26/06/2015
2015009639;1;1;1;1;3;360;29/07/2015
2015009640;3;2;1;1;7;360;12/09/2015
2015009641;1;1;1;1;1;360;14/04/2015
2015009642;1;1;1;1;6;360;12/08/2015
2015009643;3;1;1;1;7;360;08/09/2015
2015009644;1;2;3;1;6;360;19/12/2015
2015009645;1;2;1;1;1;360;10/09/2015
2015009646;3;1;1;3;6;360;12/09/2015
2015009647;1;2;2;1;3;360;18/09/2015
2015009648;1;2;1;1;6;360;22/12/2015
2015009649;5;2;1;1;6;370;21/02/2015
2015009650;1;1;1;1;6;370;07/04/2015
2015009651;1;2;2;8;1;370;14/06/2015
2015009652;1;2;1;1;2;370;11/06/2015
2015009653;2;1;1;1;6;370;24/06/2015
2015009654;5;2;1;1;6;370;07/08/2015
2015009655;3;1;3;1;1;370;02/09/2015
2015009656;3;1;1;1;1;370;12/09/2015
2015009657;5;1;1;1;3;370;10/10/2015
2015009658;2;2;1;2;6;370;17/11/2015
2015009659;1;1;1;1;5;370;30/12/2015
2015009660;1;1;1;1;6;370;17/06/2015
2015009661;1;1;1;1;7;370;03/08/2015
2015009662;3;1;1;1;6;370;17/01/2015
2015009663;3;1;1;2;1;370;26/01/2015
2015009664;2;1;1;1;1;370;07/04/2015
2015009665;1;1;1;1;3;370;13/05/2015
2015009666;1;1;1;1;1;370;07/09/2015
2015009667;1;1;1;1;1;370;21/09/2015
2015009668;1;2;1;1;2;370;31/10/2015
2015009669;1;1;1;1;1;370;17/11/2015
2015009670;1;1;2;8;3;370;20/11/2015
2015009671;1;1;1;1;3;370;28/12/2015
2015009672;1;2;2;1;1;370;08/03/2015
2015009673;1;1;1;1;1;370;26/04/2015
2015009674;1;1;1;1;6;370;05/05/2015
2015009675;4;1;1;3;6;370;30/04/2015
2015009676;3;2;1;1;6;370;25/05/2015
2015009677;2;1;1;1;6;370;07/06/2015
2015009678;3;1;1;1;7;370;17/07/2015
2015009679;1;1;1;1;7;370;22/08/2015
2015009680;2;1;2;1;3;370;09/10/2015
2015009681;3;1;2;2;3;370;22/10/2015
2015009682;1;1;1;8;1;370;28/10/2015
2015009683;1;1;1;1;1;370;02/11/2015
2015009684;1;1;1;1;7;370;08/11/2015
2015009685;2;1;1;5;7;370;27/11/2015
2015009686;1;1;3;1;1;370;12/12/2015
2015009687;1;1;1;5;1;370;17/01/2015
2015009688;1;1;1;1;1;370;19/01/2015
2015009689;3;1;3;1;3;370;25/02/2015
2015009690;2;1;1;2;7;370;28/02/2015
2015009691;1;1;1;1;2;370;27/02/2015
2015009692;2;1;1;2;6;370;03/04/2015
2015009693;1;1;9;1;3;370;19/04/2015
2015009694;1;1;1;3;1;370;06/05/2015
2015009695;1;1;1;1;6;370;10/05/2015
2015009696;3;1;1;1;6;370;17/05/2015
2015009697;1;1;1;1;1;370;08/06/2015
2015009698;1;1;1;1;6;370;16/07/2015
2015009699;2;1;1;1;7;370;01/08/2015
2015009700;3;1;1;8;3;370;02/10/2015
2015009701;3;1;1;1;1;370;27/11/2015
2015009702;1;2;1;3;7;370;13/01/2015
2015009703;1;1;6;1;2;370;05/03/2015
2015009704;1;2;1;1;3;370;21/03/2015
2015009705;3;1;1;1;7;370;20/04/2015
2015009706;1;2;3;1;3;370;21/04/2015
2015009707;1;1;1;1;3;370;02/06/2015
2015009708;3;1;1;1;6;370;11/06/2015
2015009709;1;1;1;1;5;370;27/06/2015
2015009710;1;2;2;1;5;370;10/07/2015
2015009711;1;2;1;7;3;370;09/07/2015
2015009712;1;1;1;1;7;370;04/08/2015
2015009713;1;1;1;1;2;370;10/08/2015
2015009714;1;1;1;8;1;370;15/09/2015
2015009715;1;1;1;2;6;370;06/11/2015
2015009716;2;1;1;1;1;370;23/11/2015
2015009717;1;1;1;1;3;370;02/12/2015
2015009718;5;2;1;1;7;370;05/01/2015
2015009719;2;1;1;8;1;370;12/01/2015
2015009720;1;2;7;1;3;370;04/03/2015
2015009721;1;1;1;1;1;370;05/04/2015
2015009722;3;1;1;2;6;370;14/08/2015
2015009723;2;1;1;8;1;370;21/10/2015
2015009724;1;1;1;1;7;370;18/12/2015
2015009725;3;1;1;1;6;370;10/04/2015
2015009726;1;1;1;1;3;370;10/05/2015
2015009727;1;1;2;1;3;370;13/05/2015
2015009728;3;1;1;1;3;370;29/05/2015
2015009729;1;1;1;1;1;370;08/07/2015
2015009730;1;1;1;1;1;370;13/07/2015
2015009731;1;1;1;1;1;370;16/07/2015
2015009732;2;2;1;1;3;370;01/10/2015
2015009733;1;2;1;1;2;370;19/02/2015
2015009734;2;1;2;1;3;370;21/04/2015
2015009735;2;1;1;1;6;370;22/08/2015
2015009736;1;1;1;1;6;370;14/09/2015
2015009737;3;1;1;8;7;370;11/04/2015
2015009738;1;1;1;1;6;370;17/10/2015
2015009739;1;1;1;1;1;370;23/03/2015
2015009740;1;2;1;1;6;370;09/04/2015
2015009741;1;2;1;1;6;370;17/04/2015
2015009742;1;1;1;1;6;370;22/05/2015
2015009743;1;1;1;1;1;370;29/05/2015
2015009744;1;1;2;1;3;370;08/07/2015
2015009745;1;1;1;1;6;370;01/11/2015
2015009746;3;1;2;1;3;370;14/11/2015
2015009747;1;1;1;1;3;370;29/12/2015
2015009748;1;2;1;1;1;370;19/06/2015
2015009749;1;1;1;1;1;370;29/07/2015
2015009750;1;2;1;1;6;370;31/10/2015
2015009751;5;2;1;1;3;370;29/10/2015
2015009752;1;1;1;1;6;370;29/11/2015
2015009753;1;2;1;8;6;370;30/11/2015
2015009754;5;2;1;1;3;370;24/12/2015
2015009755;1;2;1;4;7;410;03/02/2015
2015009756;3;1;1;1;6;410;06/03/2015
2015009757;1;1;1;1;1;410;23/03/2015
2015009758;1;1;4;1;3;410;09/06/2015
2015009759;3;1;1;1;1;410;10/07/2015
2015009760;1;1;1;1;3;410;18/07/2015
2015009761;3;1;1;1;3;410;20/12/2015
2015009762;1;1;1;1;6;410;03/06/2015
2015009763;1;2;1;7;6;330;27/02/2015
2015009764;1;1;6;1;7;330;06/03/2015
2015009765;1;1;3;1;1;330;07/06/2015
2015009766;1;1;2;8;3;330;03/08/2015
2015009767;1;1;1;1;7;330;05/08/2015
2015009768;2;1;2;1;3;330;05/11/2015
2015009769;5;2;1;1;6;330;02/12/2015
2015009770;1;2;1;1;2;290;28/03/2015
2015009771;1;2;1;1;7;290;18/04/2015
2015009772;1;2;1;2;7;290;30/04/2015
2015009773;1;2;3;1;6;290;05/05/2015
2015009774;1;1;1;1;1;290;09/05/2015
2015009775;1;2;1;1;5;290;29/07/2015
2015009776;1;1;1;1;2;290;19/09/2015
2015009777;3;1;1;1;1;290;10/11/2015
2015009778;1;1;1;1;6;290;11/12/2015
2015009779;1;2;1;2;1;290;14/12/2015
2015009780;1;1;1;1;1;290;24/06/2015
2015009781;1;2;1;1;6;290;03/07/2015
2015009782;1;1;1;1;6;290;18/08/2015
2015009783;1;1;1;1;2;290;29/08/2015
2015009784;3;1;1;1;6;290;30/10/2015
2015009785;3;2;1;1;6;290;01/01/2015
2015009786;5;2;1;8;3;290;08/01/2015
2015009787;2;1;1;1;2;290;19/01/2015
2015009788;1;1;1;3;7;290;19/02/2015
2015009789;3;1;2;1;3;290;08/03/2015
2015009790;1;1;1;1;2;290;16/03/2015
2015009791;1;1;1;8;6;290;22/02/2015
2015009792;1;1;1;1;1;290;19/04/2015
2015009793;3;1;1;1;6;290;26/05/2015
2015009794;1;1;1;1;2;290;04/06/2015
2015009795;3;1;1;1;6;290;14/06/2015
2015009796;1;1;1;1;6;290;15/06/2015
2015009797;3;1;1;1;6;290;22/06/2015
2015009798;1;1;1;1;7;290;14/07/2015
2015009799;1;1;1;1;3;290;12/08/2015
2015009800;1;1;1;2;1;290;15/09/2015
2015009801;1;1;1;2;1;290;06/10/2015
2015009802;5;2;1;1;6;290;01/11/2015
2015009803;2;1;3;1;3;130;07/01/2015
2015009804;1;1;1;1;3;130;13/12/2015
2015009805;1;1;1;1;5;440;21/05/2015
2015009806;2;2;1;8;6;440;03/12/2015
2015009807;1;2;1;2;1;330;19/01/2015
2015009808;3;1;1;2;6;870;06/01/2015
2015009809;1;1;1;2;1;870;29/03/2015
2015009810;3;1;1;1;6;870;02/04/2015
2015009811;1;1;1;1;6;870;22/07/2015
2015009812;1;1;1;1;5;870;11/08/2015
2015009813;1;1;3;1;5;870;06/12/2015
2015009814;5;2;1;1;1;60;01/01/2015
2015009815;1;2;1;1;3;60;16/04/2015
2015009816;5;2;4;1;3;60;03/01/2015
2015009817;1;2;1;1;6;60;24/04/2015
2015009818;1;1;1;1;1;60;05/05/2015
2015009819;2;2;1;7;6;60;17/01/2015
2015009820;1;2;1;1;6;60;30/01/2015
2015009821;1;2;1;1;2;60;06/05/2015
2015009822;1;2;1;2;6;60;06/02/2015
2015009823;1;1;1;1;6;60;06/05/2015
2015009824;5;2;2;2;3;60;06/02/2015
2015009825;1;1;1;1;6;60;07/05/2015
2015009826;1;2;1;1;6;60;07/02/2015
2015009827;1;2;1;1;6;60;09/05/2015
2015009828;5;2;3;1;3;60;09/02/2015
2015009829;5;2;1;1;6;60;09/05/2015
2015009830;1;2;1;1;3;60;10/02/2015
2015009831;1;2;1;1;2;60;10/05/2015
2015009832;1;2;1;1;3;60;20/02/2015
2015009833;1;2;1;1;7;60;11/05/2015
2015009834;1;2;1;1;4;60;23/02/2015
2015009835;1;2;6;1;6;60;12/05/2015
2015009836;1;2;1;1;3;60;23/02/2015
2015009837;1;2;3;1;6;60;13/05/2015
2015009838;1;2;1;1;6;60;26/02/2015
2015009839;1;2;1;1;3;60;13/05/2015
2015009840;1;2;1;1;5;60;28/02/2015
2015009841;1;2;2;1;1;60;13/05/2015
2015009842;5;2;1;1;3;60;28/02/2015
2015009843;1;2;1;1;6;60;15/05/2015
2015009844;1;2;2;7;3;60;06/03/2015
2015009845;1;2;7;1;6;60;11/05/2015
2015009846;5;2;1;1;6;60;08/03/2015
2015009847;1;2;1;1;6;60;19/05/2015
2015009848;1;2;1;1;6;60;09/03/2015
2015009849;1;2;1;1;6;60;19/05/2015
2015009850;1;2;6;1;3;60;19/03/2015
2015009851;1;2;1;1;1;60;20/05/2015
2015009852;1;2;2;2;3;60;25/03/2015
2015009853;5;1;1;1;1;60;26/05/2015
2015009854;5;1;1;1;6;60;28/03/2015
2015009855;1;2;3;1;2;60;28/05/2015
2015009856;5;2;1;1;6;60;31/03/2015
2015009857;1;2;3;1;3;60;18/05/2015
2015009858;1;2;2;1;3;60;04/04/2015
2015009859;1;2;3;1;3;60;31/05/2015
2015009860;1;2;1;1;6;60;08/04/2015
2015009861;1;2;1;1;6;60;02/06/2015
2015009862;1;2;6;1;6;60;08/04/2015
2015009863;1;2;2;1;6;60;15/06/2015
2015009864;5;2;1;1;5;60;15/06/2015
2015009865;5;2;1;1;7;60;22/06/2015
2015009866;1;2;1;1;6;60;23/06/2015
2015009867;1;1;1;1;1;60;24/06/2015
2015009868;1;2;1;1;6;60;22/06/2015
2015009869;1;2;1;1;6;60;29/06/2015
2015009870;1;2;1;1;3;60;26/06/2015
2015009871;1;2;3;1;2;60;03/07/2015
2015009872;1;1;1;1;2;60;04/07/2015
2015009873;5;1;1;1;6;60;04/07/2015
2015009874;1;1;1;1;3;60;06/07/2015
2015009875;1;2;1;1;4;60;07/07/2015
2015009876;1;2;1;1;3;60;12/07/2015
2015009877;1;2;6;1;3;60;13/07/2015
2015009878;1;2;2;1;3;60;15/07/2015
2015009879;1;2;3;1;3;60;16/07/2015
2015009880;5;2;1;1;3;60;17/07/2015
2015009881;1;2;1;1;1;60;14/07/2015
2015009882;5;2;1;1;3;60;24/07/2015
2015009883;1;2;1;1;3;60;28/07/2015
2015009884;3;1;1;1;6;60;28/07/2015
2015009885;1;2;3;1;1;60;30/07/2015
2015009886;1;2;1;1;3;60;04/08/2015
2015009887;1;2;1;1;1;60;07/08/2015
2015009888;1;2;1;1;3;60;08/08/2015
2015009889;1;2;6;1;3;60;08/08/2015
2015009890;1;2;1;1;3;60;29/07/2015