num_acc;lum;agg;inter;atm;col;dep;date
2015010487;1;2;3;1;6;60;31/08/2015
2015010488;5;2;1;1;1;60;10/09/2015
2015010489;5;2;6;1;6;60;12/09/2015
2015010490;5;2;1;1;7;60;13/09/2015
2015010491;1;2;1;1;2;60;21/08/2015
2015010492;1;2;1;1;1;60;13/08/2015
2015010493;1;2;1;1;1;60;28/09/2015
2015010494;5;2;1;2;7;60;02/10/2015
2015010495;1;2;1;1;3;60;28/09/2015
2015010496;1;2;1;1;5;60;05/10/2015
2015010497;5;2;2;1;6;60;24/09/2015
2015010498;1;2;1;1;6;60;22/09/2015
2015010499;5;2;1;1;3;60;09/10/2015
2015010500;1;2;1;1;3;60;12/10/2015
2015010501;1;2;3;1;3;60;17/10/2015
2015010502;5;2;1;1;5;60;20/10/2015
2015010503;1;2;1;1;1;60;27/10/2015
2015010504;5;2;3;1;3;60;23/10/2015
2015010505;1;2;1;1;6;60;09/11/2015
2015010506;1;2;1;1;1;60;22/10/2015
2015010507;5;2;1;1;6;60;23/11/2015
2015010508;5;2;1;1;2;60;29/11/2015
2015010509;2;2;1;1;5;60;30/11/2015
2015010510;1;2;1;1;7;60;03/12/2015
2015010511;1;2;6;1;3;60;28/11/2015
2015010512;1;2;3;1;3;60;26/11/2015
2015010513;1;2;1;1;3;60;05/12/2015
2015010514;5;2;9;2;4;60;06/12/2015
2015010515;1;2;1;1;2;60;13/12/2015
2015010516;5;1;2;1;3;60;22/12/2015
2015010517;1;2;9;1;3;60;23/12/2015
2015010518;1;1;2;1;3;60;18/11/2015
2015010519;3;2;1;1;6;60;24/12/2015
2015010520;5;2;1;1;3;60;03/01/2015
2015010521;1;2;3;1;6;60;03/01/2015
2015010522;5;2;1;1;5;60;06/01/2015
2015010523;1;2;1;1;3;60;06/01/2015
2015010524;1;2;4;1;2;60;12/01/2015
2015010525;1;2;2;2;3;60;21/01/2015
2015010526;1;2;1;7;6;60;25/01/2015
2015010527;5;2;1;1;6;60;22/01/2015
2015010528;5;2;1;1;6;60;28/01/2015
2015010529;1;2;1;1;3;60;31/01/2015
2015010530;1;2;1;1;2;60;12/02/2015
2015010531;1;2;3;1;2;60;27/02/2015
2015010532;1;2;1;1;7;60;07/03/2015
2015010533;1;2;2;1;3;60;12/02/2015
2015010534;3;1;1;1;6;60;07/03/2015
2015010535;5;2;1;1;1;60;11/03/2015
2015010536;5;2;1;2;6;60;17/03/2015
2015010537;1;2;3;1;3;60;11/02/2015
2015010538;1;2;1;1;3;60;28/03/2015
2015010539;1;2;9;1;3;60;29/03/2015
2015010540;5;2;1;3;1;60;05/04/2015
2015010541;1;2;4;1;3;60;24/03/2015
2015010542;5;2;2;1;3;60;19/04/2015
2015010543;5;2;1;2;7;60;17/04/2015
2015010544;1;2;1;1;1;60;02/05/2015
2015010545;1;2;1;1;6;60;07/04/2015
2015010546;5;2;1;1;2;60;05/05/2015
2015010547;3;1;1;1;1;60;08/05/2015
2015010548;1;2;1;1;3;60;02/05/2015
2015010549;1;2;3;1;3;60;20/05/2015
2015010550;1;2;1;1;6;60;03/05/2015
2015010551;2;2;2;1;6;60;02/06/2015
2015010552;1;2;1;1;3;60;10/06/2015
2015010553;1;2;1;1;3;60;05/06/2015
2015010554;1;2;1;1;7;60;03/03/2015
2015010555;5;2;1;1;7;60;03/06/2015
2015010556;5;2;1;1;2;60;02/01/2015
2015010557;5;2;1;1;1;60;03/01/2015
2015010558;1;2;1;1;6;60;04/01/2015
2015010559;1;2;3;1;3;60;05/01/2015
2015010560;1;2;1;2;6;60;16/03/2015
2015010561;1;2;1;1;3;60;05/01/2015
2015010562;1;2;1;2;6;60;17/03/2015
2015010563;5;2;6;1;3;60;05/01/2015
2015010564;1;2;1;1;4;60;17/03/2015
2015010565;5;2;2;1;3;60;05/01/2015
2015010566;1;2;1;1;6;60;06/01/2015
2015010567;1;2;1;1;6;60;17/03/2015
2015010568;1;2;1;1;6;60;17/03/2015
2015010569;1;2;1;1;5;60;08/01/2015
2015010570;1;2;4;1;3;60;09/01/2015
2015010571;1;2;1;1;3;60;18/03/2015
2015010572;1;2;1;1;2;60;09/01/2015
2015010573;1;2;1;1;6;60;17/03/2015
2015010574;5;2;2;1;3;60;10/01/2015
2015010575;1;2;2;1;3;60;19/03/2015
2015010576;1;2;1;1;6;60;19/03/2015
2015010577;1;2;1;1;2;60;10/01/2015
2015010578;1;2;3;1;3;60;20/03/2015
2015010579;5;2;1;1;6;60;10/01/2015
2015010580;1;2;2;1;3;60;12/01/2015
2015010581;1;2;1;1;4;60;21/03/2015
2015010582;1;2;1;1;5;60;13/01/2015
2015010583;1;2;2;2;3;60;22/03/2015
2015010584;1;2;1;1;1;60;13/01/2015
2015010585;1;2;1;1;3;60;23/03/2015
2015010586;1;2;1;1;1;60;23/03/2015
2015010587;1;2;1;1;2;60;14/01/2015
2015010588;1;2;1;8;2;60;24/03/2015
2015010589;1;2;1;1;6;60;15/01/2015
2015010590;5;2;1;3;3;60;24/03/2015
2015010591;1;2;1;8;3;60;16/01/2015
2015010592;5;2;1;1;7;60;25/03/2015
2015010593;5;2;1;8;6;60;16/01/2015
2015010594;5;2;1;1;1;60;18/01/2015
2015010595;5;2;1;1;3;60;25/03/2015
2015010596;1;2;1;1;6;60;26/03/2015
2015010597;1;2;1;2;6;60;19/01/2015
2015010598;5;2;1;1;6;60;25/03/2015
2015010599;1;2;1;3;4;60;19/01/2015
2015010600;5;2;1;1;6;60;26/03/2015
2015010601;1;2;2;2;6;60;19/01/2015
2015010602;1;2;1;1;6;60;28/03/2015
2015010603;5;2;1;1;6;60;19/01/2015
2015010604;4;2;1;1;6;60;20/01/2015
2015010605;1;2;1;1;3;60;29/03/2015
2015010606;1;2;1;2;3;60;21/01/2015
2015010607;1;2;1;1;6;60;27/03/2015
2015010608;1;2;2;1;3;60;30/03/2015
2015010609;1;2;1;1;3;60;22/01/2015
2015010610;1;2;2;1;7;60;30/03/2015
2015010611;5;2;1;1;6;60;22/01/2015
2015010612;5;2;1;1;3;60;24/01/2015
2015010613;1;2;1;1;2;60;30/03/2015
2015010614;1;2;1;1;2;60;24/01/2015
2015010615;1;2;1;1;6;60;30/03/2015
2015010616;5;2;1;1;2;60;31/03/2015
2015010617;5;2;1;1;3;60;24/01/2015
2015010618;5;2;3;1;3;60;31/03/2015
2015010619;5;2;1;1;1;60;24/01/2015
2015010620;1;2;1;1;3;60;25/01/2015
2015010621;1;2;1;1;4;60;01/04/2015
2015010622;1;2;1;1;3;60;02/04/2015
2015010623;1;2;9;1;6;60;26/01/2015
2015010624;1;2;1;1;6;60;02/04/2015
2015010625;1;2;1;1;6;60;28/01/2015
2015010626;5;2;2;1;3;60;28/01/2015
2015010627;5;2;9;1;3;60;03/04/2015
2015010628;5;2;1;2;3;60;29/01/2015
2015010629;1;2;2;1;3;60;04/04/2015
2015010630;1;2;1;1;2;60;30/01/2015
2015010631;1;2;1;1;6;60;07/04/2015
2015010632;1;2;1;1;3;60;07/04/2015
2015010633;5;2;1;1;1;60;30/01/2015
2015010634;5;2;2;1;3;60;31/01/2015
2015010635;1;2;2;1;3;60;08/04/2015
2015010636;1;2;2;1;3;60;01/02/2015
2015010637;1;2;2;1;3;60;08/04/2015
2015010638;5;2;1;1;3;60;02/02/2015
2015010639;5;2;1;1;3;60;02/02/2015
2015010640;5;2;3;1;3;60;10/04/2015
2015010641;5;2;1;1;6;60;03/02/2015
2015010642;1;2;1;1;3;60;10/04/2015
2015010643;1;2;2;2;3;60;04/02/2015
2015010644;1;2;1;1;2;60;10/04/2015
2015010645;5;2;1;2;6;60;04/02/2015
2015010646;1;2;1;1;3;60;12/04/2015
2015010647;5;2;2;3;3;60;04/02/2015
2015010648;1;2;1;1;2;60;12/04/2015
2015010649;5;2;2;1;3;60;04/02/2015
2015010650;1;2;1;1;6;60;12/04/2015
2015010651;5;2;2;1;3;60;04/02/2015
2015010652;5;2;3;1;3;60;12/04/2015
2015010653;1;2;1;2;2;60;05/02/2015
2015010654;1;1;2;1;6;60;10/04/2015
2015010655;5;2;1;2;3;60;05/02/2015
2015010656;1;2;1;1;3;60;15/04/2015
2015010657;1;2;3;1;5;60;06/02/2015
2015010658;1;1;1;1;1;60;15/04/2015
2015010659;2;2;1;2;4;60;06/02/2015
2015010660;1;2;1;1;3;60;16/04/2015
2015010661;2;2;1;2;6;60;06/02/2015
2015010662;1;2;1;1;3;60;14/04/2015
2015010663;5;2;1;1;2;60;06/02/2015
2015010664;1;2;1;1;6;60;17/04/2015
2015010665;5;2;3;1;3;60;07/02/2015
2015010666;1;2;1;1;6;60;17/04/2015
2015010667;5;2;1;1;2;60;08/02/2015
2015010668;1;2;3;1;3;60;17/04/2015
2015010669;5;2;2;1;3;60;08/02/2015
2015010670;1;2;1;1;3;60;18/04/2015
2015010671;1;2;3;1;6;60;09/02/2015
2015010672;1;2;4;8;3;60;18/04/2015
2015010673;1;2;1;1;3;60;09/02/2015
2015010674;5;2;1;1;5;60;20/04/2015
2015010675;1;2;1;1;6;60;11/02/2015
2015010676;5;2;1;1;3;60;20/04/2015
2015010677;1;2;2;1;3;60;11/02/2015
2015010678;1;2;1;1;2;60;20/04/2015
2015010679;1;2;1;1;2;60;12/02/2015
2015010680;1;2;3;1;6;60;21/04/2015
2015010681;1;2;1;1;6;60;12/02/2015
2015010682;5;2;1;1;6;60;23/04/2015
2015010683;1;2;3;1;3;60;13/02/2015
2015010684;1;2;1;1;6;60;23/04/2015
2015010685;1;2;1;3;6;60;13/02/2015
2015010686;1;2;1;1;3;60;23/04/2015
2015010687;5;2;2;3;5;60;13/02/2015
2015010688;1;2;1;1;1;60;24/04/2015
2015010689;5;2;1;3;3;60;13/02/2015
2015010690;5;2;1;1;7;60;24/04/2015
2015010691;1;2;1;2;6;60;13/02/2015
2015010692;1;2;1;1;3;60;24/04/2015
2015010693;5;2;1;2;5;60;13/02/2015
2015010694;5;2;1;1;6;60;24/04/2015
2015010695;5;2;2;2;3;60;14/02/2015
2015010696;1;2;1;1;2;60;25/04/2015
2015010697;4;2;1;3;6;60;15/02/2015
2015010698;1;2;1;2;3;60;25/04/2015
2015010699;1;2;1;1;4;60;16/02/2015
2015010700;1;2;1;1;6;60;27/04/2015
2015010701;1;2;1;1;3;60;18/02/2015
2015010702;1;2;1;1;1;60;28/04/2015
2015010703;1;2;6;1;3;60;18/02/2015
2015010704;1;2;3;1;3;60;28/04/2015
2015010705;5;2;3;1;3;60;18/02/2015
2015010706;1;2;1;1;2;60;28/04/2015
2015010707;5;2;1;1;3;60;19/02/2015
2015010708;5;2;1;1;3;60;28/04/2015
2015010709;1;2;1;1;2;60;30/04/2015
2015010710;1;2;2;1;6;60;20/02/2015
2015010711;5;2;1;1;6;60;21/02/2015
2015010712;1;2;1;1;5;60;02/05/2015
2015010713;1;1;1;3;1;60;21/02/2015
2015010714;1;2;1;1;6;60;03/05/2015
2015010715;1;2;1;1;6;60;21/02/2015
2015010716;5;2;1;1;6;60;03/05/2015
2015010717;1;2;1;2;6;60;21/02/2015
2015010718;1;2;1;1;2;60;03/05/2015
2015010719;1;2;3;3;3;60;21/02/2015
2015010720;1;2;1;1;1;60;04/05/2015
2015010721;5;2;3;2;6;60;21/02/2015
2015010722;1;2;3;1;1;60;04/05/2015
2015010723;1;2;1;1;3;60;22/02/2015
2015010724;5;2;1;1;3;60;02/05/2015
2015010725;1;2;1;1;3;60;23/02/2015
2015010726;1;2;1;1;5;60;04/05/2015
2015010727;5;2;2;1;3;60;24/02/2015
2015010728;1;2;1;1;7;60;05/05/2015
2015010729;1;2;1;8;2;60;24/02/2015
2015010730;1;2;1;1;6;60;07/05/2015
2015010731;1;2;1;1;3;60;24/02/2015
2015010732;1;2;1;1;3;60;07/05/2015
2015010733;3;2;2;1;3;60;24/02/2015
2015010734;5;2;1;1;3;60;07/05/2015
2015010735;1;2;2;1;3;60;25/02/2015
2015010736;1;2;1;1;3;60;08/05/2015
2015010737;1;2;1;1;3;60;25/02/2015
2015010738;1;2;1;1;3;60;08/05/2015
2015010739;4;2;1;1;1;60;26/02/2015
2015010740;1;2;1;1;6;60;09/05/2015
2015010741;1;2;3;1;5;60;27/02/2015
2015010742;1;2;8;1;6;60;09/05/2015
2015010743;1;2;1;1;6;60;27/02/2015
2015010744;1;2;1;1;6;60;09/05/2015
2015010745;1;2;1;1;6;60;27/02/2015
2015010746;5;2;1;1;3;60;10/05/2015
2015010747;5;2;1;1;6;60;27/02/2015
2015010748;1;2;1;1;2;60;10/05/2015
2015010749;5;2;1;1;6;60;28/02/2015
2015010750;1;2;1;1;3;60;11/05/2015
2015010751;1;2;1;1;3;60;02/03/2015
2015010752;1;2;1;1;6;60;12/05/2015
2015010753;1;2;5;1;3;60;02/03/2015
2015010754;1;2;1;1;1;60;12/05/2015
2015010755;1;2;1;1;3;60;03/03/2015
2015010756;1;2;1;1;6;60;12/05/2015
2015010757;1;2;3;1;1;60;04/03/2015
2015010758;5;2;1;1;2;60;13/05/2015
2015010759;3;2;1;1;6;60;04/03/2015
2015010760;1;2;1;1;6;60;13/05/2015
2015010761;1;2;1;1;3;60;05/03/2015
2015010762;1;2;1;1;4;60;13/05/2015
2015010763;5;2;1;1;4;60;05/03/2015
2015010764;5;2;3;1;6;60;06/03/2015
2015010765;5;2;1;1;7;60;14/05/2015
2015010766;1;2;2;1;3;60;06/03/2015
2015010767;1;2;1;1;6;60;14/05/2015
2015010768;1;2;1;1;2;60;06/03/2015
2015010769;1;2;1;1;1;60;15/05/2015
2015010770;5;2;1;1;3;60;07/03/2015
2015010771;1;2;1;1;6;60;15/05/2015
2015010772;5;2;1;1;3;60;07/03/2015
2015010773;1;2;1;1;1;60;15/05/2015
2015010774;1;2;1;1;5;60;08/03/2015
2015010775;1;1;1;1;6;60;16/05/2015
2015010776;1;2;1;1;6;60;08/03/2015
2015010777;1;2;2;1;6;60;16/05/2015
2015010778;1;2;1;1;4;60;09/03/2015
2015010779;1;2;1;1;3;60;09/03/2015
2015010780;1;2;1;1;4;60;10/03/2015
2015010781;1;2;1;1;3;60;17/05/2015
2015010782;5;2;3;1;3;60;10/03/2015
2015010783;1;2;9;1;3;60;17/05/2015
2015010784;1;2;1;1;2;60;11/03/2015
2015010785;1;2;1;1;6;60;17/05/2015
2015010786;1;2;4;1;3;60;11/03/2015
2015010787;1;2;1;1;3;60;18/05/2015
2015010788;5;2;1;1;6;60;11/03/2015
2015010789;1;2;1;1;6;60;18/05/2015
2015010790;1;2;1;1;3;60;12/03/2015
2015010791;1;2;2;1;3;60;18/05/2015
2015010792;1;2;1;1;3;60;12/03/2015
2015010793;1;2;8;1;6;60;18/05/2015
2015010794;5;2;1;1;3;60;12/03/2015
2015010795;1;2;4;1;1;60;19/05/2015
2015010796;5;2;1;1;5;60;13/03/2015
2015010797;1;2;2;1;3;60;19/05/2015
2015010798;5;2;1;1;2;60;13/03/2015
2015010799;1;2;1;1;6;60;19/05/2015
2015010800;1;2;1;1;6;60;14/03/2015
2015010801;1;2;1;1;3;60;20/05/2015
2015010802;5;2;1;1;2;60;14/03/2015
2015010803;1;2;7;1;3;60;20/05/2015
2015010804;1;2;2;1;3;60;15/03/2015
2015010805;1;2;9;1;3;60;20/05/2015
2015010806;2;2;1;1;1;60;20/05/2015
2015010807;1;2;1;1;6;60;21/05/2015
2015010808;2;2;1;1;3;60;20/05/2015
2015010809;2;2;2;1;1;60;21/05/2015
2015010810;5;2;1;1;1;60;22/05/2015
2015010811;1;2;1;1;2;60;22/05/2015
2015010812;1;2;1;1;6;60;23/05/2015
2015010813;1;2;1;1;6;60;23/05/2015
2015010814;1;2;1;1;6;60;23/05/2015
2015010815;1;2;1;1;6;60;25/05/2015
2015010816;1;2;1;1;1;60;25/05/2015
2015010817;1;2;1;1;2;60;26/05/2015
2015010818;1;2;1;1;3;60;27/05/2015
2015010819;1;2;1;1;6;60;27/05/2015
2015010820;1;2;1;1;3;60;27/05/2015
2015010821;1;2;1;1;4;60;27/05/2015
2015010822;5;2;1;1;3;60;28/05/2015
2015010823;1;2;1;1;6;60;28/05/2015
2015010824;1;2;1;1;3;60;28/05/2015
2015010825;1;2;3;1;6;60;28/05/2015
2015010826;1;2;2;1;6;60;28/05/2015
2015010827;1;2;1;1;2;60;28/05/2015
2015010828;5;2;1;1;6;60;30/05/2015
2015010829;1;2;1;1;1;60;30/05/2015
2015010830;1;2;1;1;2;60;30/05/2015
2015010831;5;2;1;1;6;60;31/05/2015
2015010832;1;2;2;1;3;60;31/05/2015
2015010833;2;2;2;1;3;60;31/05/2015
2015010834;1;1;1;1;6;60;01/06/2015
2015010835;1;2;1;1;5;60;02/06/2015
2015010836;1;2;1;1;3;60;02/06/2015
2015010837;1;2;3;1;3;60;02/06/2015
2015010838;1;2;1;1;1;60;02/06/2015
2015010839;1;2;2;1;1;60;02/06/2015
2015010840;1;2;3;1;3;60;02/06/2015
2015010841;5;2;1;1;6;60;02/06/2015
2015010842;5;2;2;1;1;60;03/06/2015
2015010843;1;2;1;1;3;60;04/06/2015
2015010844;1;2;1;1;1;60;04/06/2015
2015010845;1;2;1;1;4;60;04/06/2015
2015010846;1;2;1;1;2;60;04/06/2015
2015010847;1;2;1;1;3;60;04/06/2015
2015010848;1;2;2;1;3;60;04/06/2015
2015010849;1;2;1;1;3;60;05/06/2015
2015010850;1;2;2;1;7;60;05/06/2015
2015010851;1;2;1;1;3;60;05/06/2015
2015010852;1;2;1;1;2;60;05/06/2015
2015010853;5;2;1;1;6;60;07/06/2015
2015010854;1;2;1;1;5;60;06/06/2015
2015010855;1;2;1;1;2;60;08/06/2015
2015010856;2;1;1;1;6;60;07/06/2015
2015010857;1;2;1;1;3;60;09/06/2015
2015010858;1;2;2;1;6;60;09/06/2015
2015010859;1;2;1;1;4;60;09/06/2015
2015010860;1;2;1;1;1;60;10/06/2015
2015010861;1;2;1;1;1;60;10/06/2015
2015010862;1;2;1;1;6;60;10/06/2015
2015010863;1;2;2;1;3;60;10/06/2015
2015010864;1;2;1;1;2;60;10/06/2015
2015010865;5;2;1;1;6;60;09/06/2015
2015010866;5;2;2;1;3;60;12/06/2015
2015010867;1;2;1;1;3;60;12/06/2015
2015010868;1;2;3;1;3;60;12/06/2015
2015010869;1;2;3;1;3;60;13/06/2015
2015010870;1;2;1;1;3;60;13/06/2015
2015010871;4;2;1;1;4;60;13/06/2015
2015010872;1;2;2;1;6;60;15/06/2015
2015010873;1;2;1;1;6;60;15/06/2015
2015010874;1;2;1;1;6;60;16/06/2015
2015010875;1;2;1;1;7;60;17/06/2015
2015010876;1;2;1;1;3;60;17/06/2015
2015010877;1;2;1;1;6;60;17/06/2015
2015010878;1;2;1;1;6;60;21/06/2015
2015010879;1;2;1;1;3;60;21/06/2015
2015010880;1;2;1;1;3;60;21/06/2015
2015010881;1;2;1;1;1;60;22/06/2015
2015010882;1;2;1;1;1;60;22/06/2015
2015010883;1;2;1;1;1;60;23/06/2015
2015010884;1;2;1;1;3;60;23/06/2015
2015010885;1;2;1;1;6;60;24/06/2015
2015010886;1;2;1;1;4;60;24/06/2015
2015010887;1;2;2;1;3;60;25/06/2015
2015010888;2;2;1;1;6;60;26/06/2015
2015010889;1;2;1;1;2;60;26/06/2015
2015010890;1;2;1;1;7;60;26/06/2015
2015010891;1;2;2;1;6;60;26/06/2015
2015010892;5;2;1;1;6;60;26/06/2015
2015010893;1;2;1;1;1;60;27/06/2015
2015010894;5;2;2;1;3;60;28/06/2015
2015010895;1;2;1;1;3;60;29/06/2015
2015010896;5;2;2;1;1;60;29/06/2015
2015010897;1;2;2;1;5;60;30/06/2015
2015010898;1;2;1;1;6;60;30/06/2015
2015010899;1;2;1;1;6;60;30/06/2015
2015010900;2;2;2;1;3;60;01/07/2015
2015010901;1;2;1;1;3;60;02/07/2015
2015010902;1;2;1;1;6;60;02/07/2015
2015010903;1;2;6;1;6;60;02/07/2015
2015010904;1;2;1;1;1;60;03/07/2015
2015010905;1;2;3;1;6;60;03/07/2015
2015010906;1;2;1;1;3;60;03/07/2015
2015010907;5;2;2;1;3;60;04/07/2015
2015010908;1;2;1;1;2;60;04/07/2015
2015010909;1;2;1;1;6;60;05/07/2015
2015010910;5;1;1;1;3;60;05/07/2015
2015010911;1;2;2;1;3;60;06/07/2015
2015010912;2;2;1;1;1;60;06/07/2015
2015010913;1;2;1;1;2;60;06/07/2015
2015010914;1;2;1;1;3;60;07/07/2015
2015010915;5;1;1;1;3;60;29/03/2015
2015010916;1;2;1;1;6;60;07/07/2015
2015010917;1;2;1;1;6;60;08/07/2015
2015010918;2;2;1;1;6;60;08/07/2015
2015010919;1;2;1;1;6;60;09/07/2015
2015010920;2;2;1;1;1;60;09/07/2015
2015010921;5;2;1;1;3;60;10/07/2015
2015010922;1;2;2;1;3;60;10/07/2015
2015010923;1;2;2;1;2;60;10/07/2015
2015010924;1;2;1;1;3;60;10/07/2015
2015010925;5;2;1;1;3;60;11/07/2015
2015010926;1;2;3;1;3;60;11/07/2015
2015010927;1;2;2;1;1;60;09/07/2015
2015010928;1;2;1;1;3;60;11/07/2015
2015010929;5;2;1;1;2;60;11/07/2015
2015010930;5;2;1;1;6;60;12/07/2015
2015010931;1;2;2;1;3;60;14/07/2015
2015010932;1;2;1;1;2;60;15/07/2015
2015010933;1;2;1;1;2;60;15/07/2015
2015010934;1;2;7;1;3;60;16/07/2015
2015010935;1;2;1;1;2;60;16/07/2015
2015010936;5;2;1;1;6;60;17/07/2015
2015010937;1;2;6;1;3;60;17/07/2015
2015010938;1;1;1;1;3;60;17/07/2015
2015010939;1;1;4;1;1;60;18/07/2015
2015010940;1;2;1;1;2;60;18/07/2015
2015010941;1;2;1;1;2;60;18/07/2015
2015010942;1;2;1;1;6;60;19/07/2015
2015010943;1;2;1;1;1;60;19/07/2015
2015010944;5;2;3;1;3;60;21/07/2015
2015010945;1;2;1;1;6;60;21/07/2015
2015010946;1;2;9;1;3;60;21/07/2015
2015010947;5;2;1;1;7;60;21/07/2015
2015010948;1;2;1;1;6;60;22/07/2015
2015010949;1;2;1;1;1;60;23/07/2015
2015010950;5;2;2;1;3;60;25/07/2015
2015010951;1;2;2;1;3;60;25/07/2015
2015010952;1;2;1;1;6;60;25/07/2015
2015010953;5;2;1;1;2;60;26/07/2015
2015010954;1;2;1;1;3;60;27/07/2015
2015010955;1;2;1;1;2;60;27/07/2015
2015010956;1;2;2;1;6;60;28/07/2015
2015010957;1;2;2;1;3;60;28/07/2015
2015010958;1;2;1;1;3;60;28/07/2015
2015010959;1;1;1;1;3;60;28/07/2015
2015010960;1;2;1;1;7;60;29/07/2015
2015010961;1;2;1;1;6;60;29/07/2015
2015010962;1;2;1;1;3;60;28/07/2015
2015010963;1;2;1;1;6;60;29/07/2015
2015010964;1;2;1;1;3;60;29/07/2015
2015010965;1;2;2;1;3;60;30/07/2015
2015010966;1;2;1;1;2;60;31/07/2015
2015010967;1;2;1;1;6;60;01/08/2015
2015010968;1;2;1;1;1;60;02/08/2015
2015010969;5;2;2;1;3;60;04/08/2015
2015010970;1;2;1;1;3;60;04/08/2015
2015010971;1;2;1;1;3;60;05/08/2015
2015010972;1;2;1;1;6;60;05/08/2015
2015010973;5;2;1;1;6;60;05/08/2015
2015010974;5;2;2;1;3;60;06/08/2015
2015010975;1;2;1;1;3;60;07/08/2015
2015010976;1;2;9;1;3;60;07/08/2015
2015010977;5;2;2;1;3;60;08/08/2015
2015010978;1;2;1;1;6;60;09/08/2015
2015010979;1;2;1;1;3;60;09/08/2015
2015010980;5;2;1;1;1;60;10/08/2015
2015010981;5;2;1;1;6;60;10/08/2015
2015010982;5;1;1;1;3;60;10/08/2015
2015010983;5;2;1;1;6;60;12/08/2015
2015010984;5;2;1;1;6;60;12/08/2015
2015010985;1;2;1;1;3;60;12/08/2015
2015010986;1;2;1;1;3;60;12/08/2015
2015010987;5;2;3;1;7;60;12/08/2015
2015010988;1;2;2;1;3;60;13/08/2015
2015010989;1;2;2;1;3;60;13/08/2015
2015010990;5;2;2;1;3;60;13/08/2015
2015010991;1;2;1;1;1;60;15/08/2015
2015010992;5;2;1;1;6;60;16/08/2015
2015010993;1;1;1;1;2;60;17/08/2015
2015010994;5;2;1;1;2;60;17/08/2015
2015010995;1;1;1;1;3;60;18/08/2015
2015010996;1;2;2;1;3;60;19/08/2015
2015010997;1;2;1;1;6;60;19/08/2015
2015010998;1;2;1;1;1;60;20/08/2015
2015010999;1;2;1;1;2;60;20/08/2015
2015011000;2;2;1;1;6;60;20/08/2015
2015011001;5;2;1;1;6;60;21/08/2015
2015011002;5;1;1;2;6;60;23/08/2015
2015011003;1;2;2;1;3;60;24/08/2015
2015011004;1;2;1;2;6;60;24/08/2015
2015011005;1;2;1;2;1;60;24/08/2015
2015011006;1;2;1;1;2;60;25/08/2015
2015011007;1;2;2;1;3;60;25/08/2015
2015011008;1;2;1;1;3;60;25/08/2015
2015011009;1;2;1;1;1;60;26/08/2015
2015011010;5;2;2;1;1;60;26/08/2015
2015011011;5;2;2;1;3;60;27/08/2015
2015011012;1;2;1;1;6;60;27/08/2015
2015011013;1;2;1;1;6;60;28/08/2015
2015011014;1;1;1;1;4;60;28/08/2015
2015011015;1;2;1;1;3;60;28/08/2015
2015011016;5;2;2;1;3;60;30/08/2015
2015011017;5;1;1;1;6;60;31/08/2015
2015011018;1;2;1;1;6;60;31/08/2015
2015011019;1;2;1;1;3;60;31/08/2015
2015011020;1;2;2;1;3;60;01/09/2015
2015011021;5;2;1;1;2;60;02/09/2015
2015011022;1;1;1;1;2;60;02/09/2015
2015011023;1;2;1;1;3;60;02/09/2015
2015011024;2;2;3;1;3;60;02/09/2015
2015011025;1;2;1;1;3;60;03/09/2015
2015011026;5;2;9;1;3;60;03/09/2015
2015011027;1;2;1;1;3;60;04/09/2015
2015011028;1;2;1;1;2;60;04/09/2015
2015011029;5;2;1;1;3;60;06/09/2015
2015011030;5;2;2;1;6;60;06/09/2015
2015011031;5;2;2;1;3;60;06/09/2015
2015011032;1;2;1;1;6;60;06/09/2015
2015011033;2;2;1;1;3;60;07/09/2015
2015011034;1;2;6;1;3;60;07/09/2015
2015011035;2;2;1;1;2;60;07/09/2015
2015011036;1;2;1;1;6;60;08/09/2015
2015011037;1;2;2;1;6;60;08/09/2015
2015011038;1;2;1;1;3;60;09/09/2015
2015011039;1;2;1;1;2;60;09/09/2015
2015011040;1;2;1;1;2;60;10/09/2015
2015011041;1;2;1;1;3;60;10/09/2015
2015011042;4;2;1;1;2;60;11/09/2015
2015011043;1;2;2;1;3;60;12/09/2015
2015011044;1;2;3;1;3;60;14/09/2015
2015011045;2;2;3;1;6;60;14/09/2015
2015011046;1;2;1;1;2;60;15/09/2015
2015011047;1;2;1;1;2;60;15/09/2015
2015011048;1;1;1;1;3;60;16/09/2015
2015011049;1;2;1;1;6;60;16/09/2015
2015011050;5;2;1;1;1;60;16/09/2015
2015011051;1;2;1;1;6;60;18/09/2015
2015011052;1;1;2;1;3;60;18/09/2015
2015011053;5;2;7;1;1;60;18/09/2015
2015011054;5;2;1;1;3;60;19/09/2015
2015011055;2;2;1;1;2;60;18/09/2015
2015011056;1;2;1;1;6;60;19/09/2015
2015011057;1;2;3;1;6;60;20/09/2015
2015011058;1;2;1;1;2;60;20/09/2015
2015011059;1;1;1;1;3;60;21/09/2015
2015011060;1;2;3;1;3;60;21/09/2015
2015011061;1;2;3;1;1;60;21/09/2015
2015011062;1;1;1;1;6;60;21/09/2015
2015011063;1;2;1;1;1;60;23/09/2015
2015011064;5;2;1;1;1;60;23/09/2015
2015011065;5;2;2;1;3;60;23/09/2015
2015011066;5;2;1;1;2;60;24/09/2015
2015011067;1;2;1;1;3;60;25/09/2015
2015011068;5;2;1;1;6;60;26/09/2015
2015011069;1;2;9;1;3;60;26/09/2015
2015011070;1;2;1;1;3;60;26/09/2015
2015011071;1;2;1;1;3;60;28/09/2015
2015011072;1;2;1;1;3;60;28/09/2015
2015011073;5;2;1;1;3;60;28/09/2015
2015011074;1;1;1;1;3;60;30/09/2015
2015011075;1;2;1;1;6;60;30/09/2015
2015011076;1;2;1;1;3;60;30/09/2015
2015011077;1;2;1;1;6;60;01/10/2015
2015011078;5;2;1;3;6;60;02/10/2015
2015011079;1;2;1;3;1;60;02/10/2015
2015011080;5;2;1;3;4;60;03/10/2015
2015011081;1;2;1;1;6;60;05/10/2015
2015011082;1;2;2;1;3;60;06/10/2015
2015011083;1;2;1;1;4;60;06/10/2015