num_acc;lum;agg;inter;atm;col;dep;date
2015012252;3;1;1;1;7;530;05/06/2015
2015012253;1;1;1;1;7;530;13/06/2015
2015012254;3;1;1;1;2;530;17/08/2015
2015012255;1;1;1;2;3;530;05/11/2015
2015012256;3;1;1;1;7;440;23/01/2015
2015012257;1;1;1;1;5;440;06/07/2015
2015012258;1;1;2;1;3;440;31/07/2015
2015012259;1;1;1;1;3;440;26/08/2015
2015012260;1;1;1;1;6;440;19/10/2015
2015012261;1;1;1;1;2;470;30/06/2015
2015012262;2;1;1;2;6;470;03/10/2015
2015012263;3;1;1;1;2;470;07/12/2015
2015012264;1;1;1;1;2;820;07/03/2015
2015012265;3;1;9;9;7;820;21/03/2015
2015012266;3;1;1;1;5;820;21/05/2015
2015012267;2;1;1;1;5;820;02/07/2015
2015012268;1;1;1;3;6;820;13/08/2015
2015012269;1;1;1;1;2;201;05/08/2015
2015012270;1;1;1;1;7;201;07/11/2015
2015012271;2;1;1;8;6;201;15/12/2015
2015012272;1;1;9;2;3;390;31/03/2015
2015012273;1;1;1;1;3;390;05/06/2015
2015012274;1;1;6;1;2;390;08/06/2015
2015012275;1;2;1;1;1;390;27/11/2015
2015012276;1;2;1;2;6;380;27/01/2015
2015012277;1;2;1;1;2;380;13/03/2015
2015012278;1;1;3;1;1;380;27/05/2015
2015012279;2;1;1;1;7;380;27/06/2015
2015012280;1;1;1;1;1;380;10/07/2015
2015012281;1;2;1;1;6;380;15/07/2015
2015012282;1;2;6;1;6;380;19/07/2015
2015012283;1;2;1;1;6;380;23/07/2015
2015012284;1;2;1;7;6;380;21/09/2015
2015012285;1;1;1;1;1;380;14/10/2015
2015012286;1;2;1;1;3;380;11/11/2015
2015012287;1;2;1;1;3;380;08/12/2015
2015012288;1;2;1;1;1;60;07/02/2015
2015012289;1;1;6;1;7;60;03/03/2015
2015012290;1;2;6;9;3;60;16/03/2015
2015012291;3;1;1;1;6;60;29/04/2015
2015012292;1;2;2;1;1;60;09/05/2015
2015012293;1;2;1;1;1;60;20/05/2015
2015012294;1;2;8;1;6;60;29/05/2015
2015012295;1;1;1;1;7;60;05/06/2015
2015012296;1;2;6;1;3;60;01/06/2015
2015012297;1;1;1;1;2;60;07/07/2015
2015012298;1;2;1;1;3;60;02/08/2015
2015012299;1;2;1;1;6;60;08/08/2015
2015012300;5;2;1;1;3;60;16/12/2015
2015012301;1;1;1;8;1;780;06/01/2015
2015012302;3;1;1;2;1;780;16/01/2015
2015012303;1;2;1;1;2;780;18/04/2015
2015012304;1;2;1;1;3;780;01/07/2015
2015012305;1;1;1;1;3;780;03/07/2015
2015012306;1;1;1;1;1;330;14/01/2015
2015012307;2;2;9;7;6;330;04/03/2015
2015012308;1;1;3;1;3;330;08/04/2015
2015012309;3;1;9;1;6;330;11/04/2015
2015012310;1;1;1;1;6;330;11/06/2015
2015012311;3;2;1;1;2;330;24/06/2015
2015012312;1;2;1;9;3;330;07/12/2015
2015012313;1;2;3;1;3;660;01/11/2015
2015012314;1;1;1;1;6;670;25/01/2015
2015012315;3;1;1;2;2;670;02/03/2015
2015012316;1;1;1;1;1;670;28/04/2015
2015012317;1;1;1;1;6;670;06/05/2015
2015012318;1;1;1;1;4;670;27/05/2015
2015012319;1;1;1;1;6;670;04/06/2015
2015012320;1;1;1;1;2;670;22/07/2015
2015012321;1;1;9;1;2;670;11/08/2015
2015012322;3;1;1;1;5;670;04/11/2015
2015012323;1;2;1;1;6;670;21/11/2015
2015012324;1;1;1;1;1;670;08/12/2015
2015012325;1;1;1;1;6;790;13/04/2015
2015012326;1;1;1;1;2;790;28/06/2015
2015012327;1;1;1;3;2;790;05/10/2015
2015012328;1;1;1;1;2;790;21/10/2015
2015012329;3;1;1;2;2;790;27/11/2015
2015012330;1;1;1;1;6;170;18/01/2015
2015012331;2;1;1;1;2;330;07/03/2015
2015012332;1;1;1;1;7;170;07/08/2015
2015012333;1;1;1;1;6;330;14/08/2015
2015012334;2;1;1;1;6;170;07/10/2015
2015012335;1;1;6;1;3;201;10/06/2015
2015012336;1;2;1;1;3;201;14/07/2015
2015012337;1;1;1;1;5;201;16/08/2015
2015012338;1;2;1;1;3;201;13/09/2015
2015012339;1;1;1;1;7;740;10/01/2015
2015012340;1;1;1;7;6;740;09/02/2015
2015012341;1;1;3;1;1;740;12/03/2015
2015012342;1;1;3;1;3;740;27/06/2015
2015012343;1;2;1;1;3;740;12/07/2015
2015012344;3;1;6;1;7;740;22/08/2015
2015012345;1;2;6;1;6;740;10/11/2015
2015012346;1;2;6;1;6;740;01/12/2015
2015012347;3;2;1;5;2;740;08/12/2015
2015012348;3;1;1;1;1;690;11/04/2015
2015012349;1;1;1;1;2;10;10/07/2015
2015012350;2;1;1;1;3;10;09/10/2015
2015012351;1;1;1;1;2;690;12/10/2015
2015012352;3;1;1;5;5;380;04/12/2015
2015012353;3;1;1;1;5;10;24/12/2015
2015012354;2;1;1;1;2;370;20/03/2015
2015012355;3;1;1;2;1;370;27/11/2015
2015012356;1;1;1;1;3;420;09/01/2015
2015012357;4;2;1;1;6;420;18/01/2015
2015012358;1;1;1;1;1;420;11/02/2015
2015012359;1;2;2;1;3;420;10/04/2015
2015012360;3;1;1;1;6;420;10/05/2015
2015012361;1;2;1;1;6;420;06/07/2015
2015012362;3;1;1;1;3;420;27/09/2015
2015012363;3;2;1;1;3;420;28/10/2015
2015012364;1;1;1;1;3;420;06/11/2015
2015012365;1;2;1;1;6;420;16/11/2015
2015012366;1;1;1;8;3;420;26/11/2015
2015012367;1;2;1;1;3;420;19/12/2015
2015012368;1;2;3;1;7;760;07/09/2015
2015012369;5;1;1;1;6;910;18/02/2015
2015012370;1;1;1;7;3;910;20/03/2015
2015012371;1;1;1;1;1;910;04/04/2015
2015012372;1;1;1;1;5;910;07/06/2015
2015012373;1;1;1;1;1;910;16/06/2015
2015012374;3;1;1;1;6;910;26/06/2015
2015012375;1;1;1;8;7;910;04/09/2015
2015012376;1;2;6;1;3;910;29/09/2015
2015012377;1;1;1;2;7;910;25/11/2015
2015012378;1;1;1;1;7;510;09/05/2015
2015012379;1;1;1;1;1;510;28/06/2015
2015012380;1;1;3;1;3;510;16/07/2015
2015012381;1;1;1;1;1;510;19/07/2015
2015012382;3;1;1;1;6;510;03/08/2015
2015012383;3;1;1;1;7;510;26/09/2015
2015012384;1;2;1;1;1;310;02/08/2015
2015012385;1;2;1;1;6;310;20/11/2015
2015012386;1;2;1;7;6;310;30/12/2015
2015012387;1;1;1;8;7;60;04/01/2015
2015012388;1;1;1;8;6;60;29/12/2015
2015012389;1;1;1;1;7;60;07/02/2015
2015012390;1;2;1;7;1;60;02/02/2015
2015012391;1;2;1;7;1;60;11/02/2015
2015012392;1;1;1;1;3;60;23/03/2015
2015012393;1;1;1;1;6;60;28/03/2015
2015012394;1;2;1;1;3;60;26/03/2015
2015012395;1;2;1;1;7;60;10/04/2015
2015012396;2;1;1;1;6;60;26/04/2015
2015012397;3;2;1;1;6;60;08/05/2015
2015012398;1;1;1;1;1;60;27/05/2015
2015012399;2;1;1;1;6;60;19/06/2015
2015012400;1;1;1;1;1;60;31/07/2015
2015012401;1;1;1;1;1;60;20/08/2015
2015012402;1;2;1;1;1;60;21/08/2015
2015012403;3;2;1;1;6;60;12/10/2015
2015012404;3;2;1;1;6;60;25/10/2015
2015012405;1;2;1;7;3;60;23/10/2015
2015012406;1;1;1;1;1;690;20/04/2015
2015012407;1;2;1;1;6;690;07/05/2015
2015012408;1;2;1;1;3;690;08/02/2015
2015012409;1;2;1;1;2;690;09/02/2015
2015012410;1;2;1;1;6;690;12/02/2015
2015012411;5;2;1;1;5;690;10/03/2015
2015012412;1;2;1;1;2;690;19/03/2015
2015012413;1;2;1;1;3;690;13/04/2015
2015012414;5;1;1;1;3;690;18/04/2015
2015012415;1;2;1;1;3;690;23/04/2015
2015012416;1;2;1;1;3;690;21/05/2015
2015012417;1;2;1;1;3;690;31/08/2015
2015012418;1;2;1;1;3;690;23/10/2015
2015012419;5;2;2;1;3;690;14/11/2015
2015012420;5;2;1;1;1;690;30/11/2015
2015012421;5;2;1;5;3;690;16/12/2015
2015012422;5;1;1;2;6;380;22/01/2015
2015012423;2;1;1;1;3;380;17/02/2015
2015012424;1;1;1;1;2;380;21/02/2015
2015012425;1;2;1;1;1;380;24/04/2015
2015012426;1;2;2;1;3;380;03/06/2015
2015012427;1;2;1;1;1;380;12/07/2015
2015012428;3;1;1;8;6;380;06/10/2015
2015012429;1;1;1;4;6;740;17/01/2015
2015012430;5;2;3;3;6;740;29/05/2015
2015012431;1;2;1;1;2;740;21/07/2015
2015012432;1;1;1;1;7;740;02/09/2015
2015012433;5;2;1;1;6;740;01/12/2015
2015012434;3;1;6;1;2;340;27/12/2015
2015012435;1;1;1;1;1;340;27/01/2015
2015012436;3;1;1;8;6;340;20/02/2015
2015012437;1;1;1;1;7;340;09/07/2015
2015012438;1;1;1;1;6;340;21/09/2015
2015012439;2;1;1;1;2;340;20/10/2015
2015012440;3;1;1;1;1;340;30/11/2015
2015012441;5;2;1;1;1;340;28/12/2015
2015012442;3;1;1;1;7;10;07/03/2015
2015012443;1;1;1;1;2;10;07/03/2015
2015012444;3;1;1;1;6;10;06/04/2015
2015012445;1;1;1;1;3;10;06/04/2015
2015012446;1;1;1;1;7;10;07/05/2015
2015012447;1;1;1;1;5;10;29/06/2015
2015012448;1;1;1;1;2;10;06/07/2015
2015012449;1;1;1;1;6;10;11/07/2015
2015012450;1;1;1;1;2;10;03/08/2015
2015012451;1;1;1;1;6;10;06/09/2015
2015012452;1;1;2;8;3;10;12/09/2015
2015012453;1;1;1;2;7;10;03/10/2015
2015012454;3;1;1;3;3;10;20/11/2015
2015012455;3;1;1;1;4;10;22/12/2015
2015012456;1;1;1;1;4;780;30/03/2015
2015012457;1;2;1;1;1;780;01/06/2015
2015012458;1;1;1;1;1;780;06/06/2015
2015012459;1;2;1;1;6;780;03/07/2015
2015012460;1;1;1;1;1;780;05/09/2015
2015012461;1;1;1;7;6;780;19/09/2015
2015012462;1;1;1;2;7;780;22/10/2015
2015012463;1;1;1;2;5;130;22/03/2015
2015012464;1;2;1;1;6;130;25/06/2015
2015012465;1;2;9;1;6;130;29/10/2015
2015012466;1;2;6;1;6;130;07/12/2015
2015012467;1;2;9;1;3;130;17/12/2015
2015012468;3;1;1;2;2;950;31/01/2015
2015012469;1;2;1;1;3;950;27/05/2015
2015012470;3;1;1;1;5;950;10/07/2015
2015012471;1;1;1;2;7;950;17/09/2015
2015012472;1;1;1;1;1;90;27/07/2015
2015012473;1;1;1;1;3;90;19/11/2015
2015012474;1;2;1;1;5;350;19/02/2015
2015012475;1;1;1;2;7;350;03/05/2015
2015012476;1;2;1;1;6;560;19/06/2015
2015012477;1;2;1;1;6;560;24/06/2015
2015012478;3;1;1;8;7;560;25/07/2015
2015012479;1;2;1;1;6;560;01/08/2015
2015012480;1;1;1;3;1;560;22/12/2015
2015012481;3;1;1;1;1;560;26/12/2015
2015012482;3;1;1;1;7;420;23/02/2015
2015012483;1;1;1;2;3;420;16/06/2015
2015012484;3;1;1;1;2;420;21/06/2015
2015012485;1;1;1;1;6;420;13/07/2015
2015012486;3;1;1;5;4;420;16/11/2015
2015012487;1;1;1;1;7;420;21/02/2015
2015012488;3;1;1;1;6;420;31/12/2015
2015012489;1;1;1;1;2;780;14/04/2015
2015012490;1;1;1;1;2;780;27/06/2015
2015012491;1;1;1;1;7;780;03/07/2015
2015012492;1;1;1;1;6;780;30/12/2015
2015012493;1;1;1;1;6;880;15/02/2015
2015012494;1;1;1;1;2;880;19/10/2015
2015012495;3;1;1;2;2;880;20/11/2015
2015012496;1;2;1;1;3;380;03/06/2015
2015012497;1;2;1;1;6;380;07/10/2015
2015012498;1;2;1;1;6;380;17/10/2015
2015012499;1;1;1;1;2;130;10/05/2015
2015012500;1;1;1;1;4;130;15/06/2015
2015012501;1;1;1;3;6;130;13/06/2015
2015012502;1;1;1;1;1;130;14/10/2015
2015012503;3;1;1;1;6;130;15/11/2015
2015012504;1;1;1;8;5;130;10/12/2015
2015012505;3;1;1;1;6;130;20/12/2015
2015012506;2;1;1;1;6;180;28/05/2015
2015012507;1;1;1;1;6;180;08/07/2015
2015012508;1;1;1;1;2;180;22/07/2015
2015012509;2;1;1;1;6;180;19/08/2015
2015012510;3;1;1;1;2;180;25/10/2015
2015012511;1;1;1;1;6;180;28/12/2015
2015012512;2;1;1;1;5;340;06/01/2015
2015012513;3;1;1;1;4;340;09/01/2015
2015012514;1;1;1;1;1;340;05/10/2015
2015012515;1;1;1;1;1;340;15/04/2015
2015012516;1;1;1;1;3;340;06/06/2015
2015012517;3;1;1;1;1;340;20/08/2015
2015012518;1;1;9;1;2;340;30/08/2015
2015012519;1;1;1;1;3;340;31/08/2015
2015012520;1;1;1;1;3;340;23/09/2015
2015012521;3;1;2;1;3;340;01/11/2015
2015012522;2;1;1;3;1;340;03/11/2015
2015012523;1;1;1;1;6;10;05/01/2015
2015012524;3;1;1;1;6;10;04/02/2015
2015012525;2;1;1;1;2;10;10/02/2015
2015012526;1;1;1;1;7;10;26/03/2015
2015012527;3;1;1;2;6;10;30/03/2015
2015012528;1;1;9;1;2;10;29/05/2015
2015012529;1;1;1;1;2;10;29/05/2015
2015012530;1;1;1;1;6;10;02/06/2015
2015012531;1;1;1;1;3;10;15/07/2015
2015012532;1;1;1;1;7;10;30/10/2015
2015012533;1;1;1;2;6;10;20/11/2015
2015012534;1;1;1;4;2;10;21/11/2015
2015012535;1;1;1;1;2;10;26/12/2015
2015012536;1;1;1;3;1;140;05/05/2015
2015012537;1;1;1;2;5;130;20/01/2015
2015012538;5;1;6;1;6;130;25/03/2015
2015012539;1;1;1;1;3;130;21/04/2015
2015012540;3;1;1;1;7;130;07/06/2015
2015012541;1;1;6;1;3;130;29/07/2015
2015012542;1;2;1;7;1;130;02/08/2015
2015012543;1;1;1;1;3;130;22/08/2015
2015012544;1;1;2;1;3;130;02/09/2015
2015012545;1;1;1;1;3;130;01/10/2015
2015012546;3;1;1;5;7;130;04/10/2015
2015012547;1;1;1;1;1;130;04/10/2015
2015012548;1;1;1;1;7;130;11/10/2015
2015012549;3;2;1;1;6;130;13/10/2015
2015012550;1;1;1;1;1;130;14/10/2015
2015012551;2;1;1;1;5;130;28/11/2015
2015012552;3;1;1;5;7;130;12/12/2015
2015012553;2;1;1;2;2;30;07/01/2015
2015012554;1;1;1;8;2;30;13/03/2015
2015012555;1;1;1;3;6;30;26/04/2015
2015012556;3;1;1;1;7;30;09/05/2015
2015012557;1;1;1;1;2;30;11/06/2015
2015012558;2;1;1;1;6;30;26/06/2015
2015012559;1;1;1;1;7;30;17/08/2015
2015012560;1;1;1;1;7;30;11/10/2015
2015012561;1;1;1;1;7;30;28/10/2015
2015012562;1;1;1;1;2;30;01/12/2015
2015012563;1;1;1;4;7;630;15/02/2015
2015012564;2;1;1;1;2;630;18/04/2015
2015012565;1;1;1;1;3;630;26/04/2015
2015012566;1;1;1;1;6;630;03/06/2015
2015012567;1;1;1;1;6;630;17/07/2015
2015012568;1;1;1;1;2;630;12/10/2015
2015012569;3;1;1;1;6;630;06/11/2015
2015012570;3;1;1;1;3;630;22/11/2015
2015012571;3;1;1;2;3;630;26/11/2015
2015012572;1;1;1;8;2;630;15/12/2015
2015012573;1;1;1;1;1;60;24/05/2015
2015012574;1;1;1;1;6;60;06/12/2015
2015012575;3;1;1;1;5;490;02/03/2015
2015012576;3;1;1;1;6;490;09/07/2015
2015012577;1;1;1;1;7;490;12/07/2015
2015012578;1;1;1;8;7;490;23/11/2015
2015012579;1;1;1;2;6;490;24/11/2015
2015012580;1;1;1;1;4;490;29/12/2015
2015012581;1;1;1;4;6;400;01/02/2015
2015012582;3;1;1;1;6;400;09/02/2015
2015012583;1;1;1;1;6;400;20/05/2015
2015012584;1;1;1;1;7;400;23/02/2015
2015012585;1;2;1;1;6;630;08/01/2015
2015012586;1;2;1;1;6;630;20/08/2015
2015012587;2;1;9;9;7;630;14/12/2015
2015012588;1;2;7;1;6;100;13/05/2015
2015012589;1;2;2;1;3;100;24/11/2015
2015012590;5;2;3;1;3;100;08/12/2015
2015012591;5;2;1;1;6;100;21/12/2015
2015012592;1;1;1;1;1;100;21/12/2015
2015012593;1;2;1;1;2;100;30/05/2015
2015012594;1;2;1;1;6;100;27/05/2015
2015012595;1;2;6;1;3;100;12/10/2015
2015012596;1;2;1;1;2;100;01/06/2015
2015012597;3;2;1;1;6;100;23/12/2015
2015012598;1;2;1;1;6;100;07/06/2015
2015012599;5;2;1;1;6;100;17/06/2015
2015012600;1;1;1;1;3;100;03/07/2015
2015012601;1;2;6;1;3;100;17/07/2015
2015012602;1;2;1;1;6;100;05/08/2015
2015012603;1;1;1;1;3;100;07/08/2015
2015012604;3;2;1;8;1;100;27/08/2015
2015012605;1;2;1;1;2;100;08/09/2015
2015012606;1;2;1;1;2;100;09/09/2015
2015012607;1;2;3;1;3;100;25/12/2015
2015012608;1;1;1;1;2;100;11/09/2015
2015012609;1;2;1;1;6;100;15/09/2015
2015012610;1;2;3;1;2;100;19/09/2015
2015012611;1;2;1;1;3;100;09/10/2015
2015012612;1;2;1;1;6;100;08/09/2015
2015012613;1;2;1;1;6;100;05/11/2015
2015012614;1;2;1;1;3;100;29/08/2015
2015012615;2;2;3;1;3;100;10/11/2015
2015012616;2;2;1;1;1;100;14/11/2015
2015012617;1;2;6;1;3;100;12/11/2015
2015012618;2;1;1;1;1;100;27/01/2015
2015012619;1;2;1;9;6;100;19/01/2015
2015012620;5;2;1;1;2;100;20/01/2015
2015012621;1;2;1;1;6;100;11/02/2015
2015012622;1;2;1;1;2;100;14/02/2015
2015012623;1;1;1;2;2;100;20/02/2015
2015012624;5;2;2;2;3;100;20/02/2015
2015012625;5;2;3;1;3;100;16/01/2015
2015012626;1;2;9;1;6;100;28/01/2015
2015012627;1;2;1;1;2;100;27/02/2015
2015012628;5;2;9;1;1;100;07/03/2015
2015012629;5;2;6;1;3;100;15/03/2015
2015012630;2;2;1;1;3;100;09/03/2015
2015012631;2;2;1;1;6;100;06/03/2015
2015012632;1;2;1;1;2;100;06/04/2015
2015012633;1;2;2;1;3;100;07/04/2015
2015012634;1;2;2;1;6;100;08/04/2015
2015012635;1;2;1;1;6;100;13/04/2015
2015012636;1;2;6;2;3;100;24/03/2015
2015012637;1;2;1;1;6;100;04/03/2015
2015012638;3;1;1;1;6;100;17/05/2015
2015012639;1;2;3;2;3;100;27/04/2015
2015012640;1;2;9;1;6;100;08/04/2015
2015012641;5;2;1;1;6;100;25/04/2015
2015012642;1;2;1;1;3;100;10/06/2015
2015012643;3;1;1;1;2;670;12/11/2015
2015012644;3;1;1;9;1;670;06/01/2015
2015012645;1;1;1;8;1;670;02/02/2015
2015012646;1;2;1;1;1;670;06/07/2015
2015012647;1;1;1;1;1;670;24/07/2015
2015012648;5;2;9;1;1;670;29/08/2015
2015012649;1;2;1;2;6;670;01/09/2015
2015012650;1;2;1;1;3;670;15/10/2015
2015012651;1;2;9;1;1;670;13/10/2015
2015012652;1;1;1;1;3;670;14/11/2015
2015012653;1;1;6;8;7;910;15/12/2015
2015012654;1;1;1;1;1;60;25/01/2015
2015012655;1;1;1;1;1;60;28/05/2015
2015012656;1;1;3;1;3;60;04/06/2015
2015012657;3;1;1;1;7;60;28/12/2015
2015012658;1;1;1;1;1;650;18/05/2015
2015012659;1;1;1;1;6;20;25/02/2015
2015012660;1;1;1;1;7;20;26/05/2015
2015012661;1;1;1;1;6;20;14/06/2015
2015012662;1;2;1;2;3;380;30/01/2015
2015012663;1;1;1;1;1;380;16/03/2015
2015012664;1;2;1;1;3;380;07/05/2015
2015012665;1;1;1;1;5;380;20/05/2015
2015012666;1;2;3;1;2;380;24/05/2015
2015012667;1;2;1;1;1;380;27/06/2015
2015012668;1;2;1;1;6;380;30/06/2015
2015012669;1;1;1;1;2;30;05/11/2015
2015012670;1;1;1;1;6;30;26/12/2015
2015012671;1;1;1;1;6;210;07/03/2015
2015012672;3;1;1;1;6;40;12/01/2015
2015012673;3;1;1;1;1;40;18/01/2015
2015012674;3;1;1;1;7;40;09/02/2015
2015012675;1;1;1;1;2;40;21/04/2015
2015012676;1;2;1;1;3;130;18/06/2015
2015012677;1;1;1;1;3;130;21/06/2015
2015012678;1;2;1;1;3;130;22/06/2015
2015012679;1;1;1;1;1;130;25/06/2015
2015012680;1;2;1;1;1;130;14/08/2015
2015012681;1;1;1;1;3;130;16/09/2015
2015012682;3;1;1;1;6;130;17/10/2015
2015012683;1;1;1;7;3;130;01/11/2015
2015012684;1;1;1;2;7;730;04/01/2015
2015012685;1;1;1;4;1;730;17/01/2015
2015012686;1;1;1;8;7;730;28/02/2015
2015012687;2;1;1;8;6;730;15/08/2015
2015012688;1;1;1;1;7;730;23/12/2015
2015012689;1;1;1;2;6;260;14/03/2015
2015012690;1;1;1;1;6;260;13/05/2015
2015012691;5;1;1;1;1;260;26/08/2015
2015012692;1;1;9;3;6;380;22/09/2015
2015012693;3;1;1;1;6;380;07/11/2015
2015012694;1;1;1;4;6;380;21/11/2015
2015012695;2;1;1;9;1;350;18/02/2015
2015012696;1;1;1;7;1;350;10/04/2015
2015012697;1;2;6;1;3;350;19/04/2015
2015012698;1;1;1;1;3;350;23/06/2015
2015012699;4;2;1;1;6;350;27/06/2015
2015012700;1;2;6;1;1;350;05/09/2015
2015012701;3;1;1;5;6;670;14/02/2015
2015012702;3;1;1;1;3;670;24/03/2015
2015012703;2;1;9;1;2;670;04/06/2015
2015012704;1;1;1;1;6;670;08/11/2015
2015012705;1;1;2;1;3;620;20/07/2015
2015012706;5;2;1;1;6;620;23/10/2015
2015012707;3;2;1;1;2;110;01/02/2015
2015012708;1;1;1;1;5;110;09/02/2015
2015012709;1;2;1;1;5;110;20/02/2015
2015012710;5;2;1;1;6;110;21/02/2015
2015012711;3;2;2;1;3;110;27/03/2015
2015012712;3;2;1;1;6;110;03/03/2015
2015012713;2;1;1;1;1;110;07/03/2015
2015012714;1;1;1;1;7;110;20/03/2015
2015012715;3;2;1;1;6;110;07/03/2015
2015012716;2;2;2;1;3;110;07/03/2015
2015012717;1;1;1;1;3;110;10/03/2015
2015012718;2;1;1;1;7;110;13/04/2015
2015012719;2;2;6;1;1;110;05/04/2015
2015012720;3;1;1;1;7;110;18/04/2015
2015012721;2;2;1;1;7;110;20/04/2015
2015012722;1;1;1;1;2;110;23/04/2015
2015012723;1;2;1;1;1;110;30/04/2015
2015012724;1;2;1;1;2;110;30/04/2015
2015012725;1;2;1;1;7;110;26/05/2015
2015012726;1;2;1;1;6;110;11/05/2015
2015012727;1;2;1;1;6;110;02/05/2015
2015012728;1;2;1;1;1;110;28/05/2015
2015012729;1;2;1;1;6;110;27/05/2015
2015012730;1;1;6;1;3;110;24/06/2015
2015012731;1;2;1;1;7;110;16/06/2015
2015012732;2;2;3;1;3;110;29/06/2015
2015012733;1;1;1;1;3;110;24/06/2015
2015012734;1;2;1;1;6;110;03/06/2015
2015012735;1;1;1;1;4;110;11/06/2015
2015012736;1;2;1;1;3;110;30/06/2015
2015012737;1;1;1;1;7;110;16/06/2015
2015012738;1;1;1;1;7;110;20/07/2015
2015012739;2;1;1;1;3;110;17/06/2015
2015012740;1;1;1;1;3;110;19/06/2015
2015012741;1;1;1;1;3;110;23/06/2015
2015012742;1;2;1;1;7;110;26/06/2015
2015012743;1;1;1;1;2;110;26/06/2015
2015012744;1;1;1;1;3;110;28/06/2015
2015012745;2;1;1;1;1;110;04/07/2015
2015012746;5;1;1;1;6;110;16/08/2015
2015012747;1;2;1;1;6;110;21/07/2015
2015012748;1;2;1;1;1;110;22/07/2015
2015012749;1;1;1;1;3;110;30/07/2015
2015012750;1;2;1;1;6;110;27/07/2015
2015012751;1;2;3;1;3;110;12/08/2015
2015012752;1;2;2;1;3;110;21/08/2015
2015012753;3;1;1;1;7;110;10/08/2015
2015012754;1;1;1;1;6;110;04/08/2015
2015012755;1;1;1;1;3;110;03/08/2015
2015012756;3;1;1;1;5;110;16/09/2015
2015012757;1;1;1;1;2;110;26/08/2015
2015012758;1;1;2;1;3;110;05/09/2015
2015012759;2;1;1;1;6;110;08/09/2015
2015012760;1;1;1;1;1;110;05/10/2015
2015012761;1;2;1;1;6;110;09/10/2015
2015012762;1;1;1;1;7;110;11/10/2015
2015012763;1;1;1;1;6;110;26/09/2015
2015012764;1;2;1;1;7;110;27/09/2015
2015012765;1;2;1;1;3;110;06/10/2015
2015012766;1;2;1;1;6;110;03/11/2015
2015012767;1;2;2;1;3;110;20/10/2015
2015012768;2;1;1;1;1;110;23/10/2015
2015012769;1;2;1;1;3;110;30/10/2015
2015012770;2;1;1;6;1;110;02/11/2015
2015012771;1;2;1;1;3;110;04/11/2015
2015012772;5;2;1;1;1;110;19/11/2015
2015012773;2;2;1;1;6;110;24/11/2015
2015012774;3;1;1;1;6;110;02/01/2015
2015012775;2;2;1;1;1;110;04/02/2015
2015012776;3;1;1;1;6;110;10/01/2015
2015012777;1;2;3;1;5;110;14/11/2015
2015012778;1;2;1;1;3;110;19/01/2015
2015012779;5;2;1;1;1;110;18/12/2015
2015012780;1;2;1;1;5;110;23/12/2015
2015012781;1;1;1;1;2;110;30/01/2015
2015012782;1;1;2;1;3;110;14/10/2015
2015012783;3;1;1;1;5;110;11/12/2015
2015012784;2;2;1;1;1;110;09/12/2015
2015012785;3;1;1;1;5;310;13/04/2015
2015012786;1;1;1;1;3;310;19/07/2015
2015012787;1;1;1;1;2;310;20/09/2015
2015012788;3;1;1;1;5;310;01/10/2015
2015012789;3;1;1;1;2;310;02/10/2015
2015012790;3;1;1;1;7;660;28/04/2015
2015012791;1;1;1;1;7;770;22/04/2015
2015012792;3;1;1;1;2;770;12/05/2015
2015012793;2;1;1;1;7;770;20/06/2015
2015012794;1;1;1;1;7;770;21/08/2015
2015012795;1;2;1;1;6;110;16/03/2015
2015012796;5;2;4;1;6;110;20/03/2015
2015012797;1;2;6;8;6;110;24/03/2015
2015012798;1;2;3;8;3;110;24/03/2015
2015012799;1;2;6;1;6;110;25/03/2015
2015012800;1;2;1;1;6;110;26/03/2015
2015012801;5;2;1;8;1;110;16/03/2015
2015012802;1;2;1;1;1;110;03/04/2015
2015012803;5;1;1;1;6;110;11/04/2015
2015012804;2;2;1;1;6;110;12/04/2015
2015012805;1;2;3;1;2;110;12/04/2015
2015012806;1;2;2;1;3;110;15/04/2015
2015012807;1;2;1;1;6;110;15/04/2015
2015012808;1;2;1;1;7;110;21/04/2015
2015012809;1;2;1;1;3;110;23/04/2015
2015012810;1;2;1;1;1;110;20/04/2015
2015012811;5;1;6;1;3;110;24/04/2015
2015012812;1;2;1;1;6;110;27/04/2015
2015012813;1;2;3;1;1;110;15/05/2015
2015012814;1;2;1;1;2;110;21/05/2015
2015012815;1;2;1;1;6;110;14/05/2015
2015012816;1;2;1;6;1;110;20/05/2015
2015012817;1;2;3;1;3;110;24/05/2015
2015012818;1;2;1;1;1;110;29/05/2015
2015012819;1;1;6;1;6;110;26/05/2015
2015012820;1;2;1;1;6;110;11/06/2015
2015012821;1;2;3;1;3;110;17/06/2015
2015012822;5;2;1;1;2;110;21/06/2015
2015012823;1;2;1;1;7;110;24/06/2015
2015012824;1;2;1;1;1;110;29/06/2015
2015012825;1;2;1;1;6;110;06/07/2015
2015012826;1;2;1;1;6;110;09/07/2015
2015012827;1;2;1;1;1;110;07/07/2015
2015012828;1;2;1;1;2;110;13/07/2015
2015012829;1;2;1;1;2;110;10/07/2015
2015012830;1;1;1;1;1;110;19/07/2015
2015012831;1;1;1;1;2;110;22/07/2015
2015012832;1;2;1;1;2;110;22/07/2015
2015012833;1;2;1;1;6;110;04/08/2015