num_acc;lum;agg;inter;atm;col;dep;date
2015013994;1;2;1;1;3;130;26/04/2015
2015013995;5;2;1;2;1;130;29/01/2015
2015013996;1;2;1;1;3;130;28/04/2015
2015013997;1;2;1;1;6;130;03/02/2015
2015013998;1;2;2;1;6;130;29/04/2015
2015013999;5;2;3;1;3;130;16/01/2015
2015014000;1;2;1;1;3;130;18/04/2015
2015014001;1;2;1;1;3;130;29/04/2015
2015014002;5;2;1;1;7;130;07/02/2015
2015014003;2;2;2;1;3;130;29/04/2015
2015014004;1;2;1;1;6;130;12/02/2015
2015014005;5;2;1;1;2;130;29/04/2015
2015014006;1;2;1;1;6;130;18/01/2015
2015014007;1;2;1;1;2;130;29/04/2015
2015014008;5;2;1;1;2;130;03/02/2015
2015014009;1;2;1;2;7;130;16/01/2015
2015014010;1;2;1;1;1;130;23/04/2015
2015014011;5;2;1;1;2;130;17/01/2015
2015014012;1;1;2;1;6;130;30/04/2015
2015014013;5;2;1;3;6;130;19/01/2015
2015014014;1;2;1;1;2;130;30/04/2015
2015014015;1;2;1;1;3;130;30/04/2015
2015014016;1;2;1;2;6;130;19/01/2015
2015014017;5;2;2;1;3;130;01/05/2015
2015014018;1;2;1;1;6;130;23/01/2015
2015014019;5;2;1;1;6;130;01/05/2015
2015014020;1;2;1;1;2;130;26/01/2015
2015014021;1;2;1;1;6;130;30/04/2015
2015014022;1;2;1;1;2;130;26/01/2015
2015014023;5;2;1;1;6;130;27/01/2015
2015014024;1;2;1;1;3;130;17/04/2015
2015014025;1;2;1;1;2;130;30/04/2015
2015014026;1;2;1;1;6;130;31/01/2015
2015014027;5;2;2;1;3;130;01/01/2015
2015014028;1;2;1;1;6;130;01/05/2015
2015014029;1;1;1;1;3;130;30/04/2015
2015014030;1;2;2;2;3;130;01/05/2015
2015014031;1;2;3;1;3;130;26/04/2015
2015014032;1;2;1;1;7;130;27/01/2015
2015014033;1;1;1;1;3;130;01/05/2015
2015014034;5;2;6;1;3;130;06/02/2015
2015014035;5;1;1;1;1;130;24/02/2015
2015014036;1;2;2;1;3;130;09/04/2015
2015014037;1;2;1;2;6;130;03/02/2015
2015014038;5;2;3;2;3;130;01/05/2015
2015014039;1;2;1;1;6;130;02/02/2015
2015014040;1;1;1;1;1;130;02/05/2015
2015014041;1;2;1;1;6;130;02/05/2015
2015014042;1;2;1;2;6;130;04/02/2015
2015014043;5;2;1;1;6;130;02/05/2015
2015014044;5;2;1;1;6;130;31/01/2015
2015014045;5;2;1;1;6;130;03/05/2015
2015014046;1;2;1;1;7;130;01/05/2015
2015014047;5;2;1;6;6;130;24/01/2015
2015014048;5;2;1;1;7;130;03/05/2015
2015014049;5;2;1;1;6;130;28/01/2015
2015014050;5;2;2;1;3;130;03/05/2015
2015014051;1;2;2;2;3;130;29/01/2015
2015014052;1;2;1;1;7;130;12/01/2015
2015014053;1;2;1;1;3;130;13/04/2015
2015014054;1;2;1;1;6;130;04/05/2015
2015014055;1;1;1;1;7;130;29/04/2015
2015014056;1;2;1;1;2;130;28/01/2015
2015014057;1;2;1;1;6;130;02/02/2015
2015014058;1;2;1;1;6;130;04/05/2015
2015014059;1;2;2;1;6;130;31/01/2015
2015014060;1;2;3;1;3;130;04/05/2015
2015014061;1;2;1;1;6;130;30/01/2015
2015014062;1;1;1;1;7;130;05/05/2015
2015014063;1;2;3;1;7;130;30/01/2015
2015014064;1;1;1;1;6;130;04/05/2015
2015014065;1;2;2;1;3;130;31/01/2015
2015014066;1;2;1;1;2;130;05/05/2015
2015014067;1;2;3;1;3;130;06/01/2015
2015014068;1;2;1;1;2;130;12/04/2015
2015014069;1;2;1;2;7;130;03/02/2015
2015014070;1;1;1;1;2;130;06/05/2015
2015014071;1;2;1;1;6;130;26/01/2015
2015014072;1;2;3;1;2;130;06/05/2015
2015014073;1;2;2;1;3;130;06/05/2015
2015014074;1;2;1;1;3;130;09/04/2015
2015014075;1;2;1;1;5;130;30/04/2015
2015014076;1;2;1;1;6;130;01/02/2015
2015014077;1;2;1;1;3;130;06/05/2015
2015014078;5;2;1;2;5;130;27/02/2015
2015014079;1;2;1;1;4;130;07/05/2015
2015014080;5;2;1;2;7;130;27/02/2015
2015014081;1;2;1;1;3;130;07/05/2015
2015014082;1;2;1;1;6;130;07/05/2015
2015014083;1;2;1;1;6;130;09/02/2015
2015014084;1;2;1;1;2;130;07/05/2015
2015014085;5;2;2;1;6;130;11/02/2015
2015014086;1;2;5;1;1;130;07/05/2015
2015014087;1;2;1;1;6;130;10/02/2015
2015014088;1;2;1;1;3;130;07/05/2015
2015014089;1;2;1;1;6;130;06/05/2015
2015014090;1;2;1;1;2;130;09/02/2015
2015014091;1;2;1;1;3;130;07/05/2015
2015014092;1;2;3;1;3;130;30/01/2015
2015014093;1;2;1;1;1;130;07/05/2015
2015014094;1;2;1;3;3;130;21/01/2015
2015014095;1;2;1;1;6;130;08/05/2015
2015014096;1;2;3;1;3;130;11/02/2015
2015014097;1;1;1;1;3;130;06/05/2015
2015014098;1;2;1;3;2;130;14/02/2015
2015014099;1;2;1;1;7;130;08/05/2015
2015014100;1;2;1;1;6;130;30/01/2015
2015014101;5;2;9;1;1;130;08/05/2015
2015014102;1;2;1;1;6;130;12/02/2015
2015014103;5;2;1;1;1;130;08/05/2015
2015014104;5;2;1;2;6;130;14/02/2015
2015014105;1;2;1;1;1;130;09/05/2015
2015014106;5;2;1;1;2;130;09/05/2015
2015014107;1;2;1;1;6;130;11/02/2015
2015014108;1;2;1;1;7;130;24/01/2015
2015014109;1;2;3;1;3;130;09/05/2015
2015014110;1;2;1;1;1;130;09/05/2015
2015014111;5;2;1;1;6;130;07/02/2015
2015014112;5;2;1;1;7;130;09/02/2015
2015014113;1;2;1;1;6;130;09/05/2015
2015014114;1;2;1;2;7;130;04/02/2015
2015014115;1;2;1;1;3;130;09/05/2015
2015014116;1;2;1;1;6;130;30/01/2015
2015014117;3;1;1;1;6;130;10/05/2015
2015014118;1;2;3;1;6;130;18/04/2015
2015014119;5;2;1;1;7;130;08/02/2015
2015014120;1;2;1;1;3;130;10/05/2015
2015014121;5;2;6;3;3;130;03/02/2015
2015014122;1;2;1;1;2;130;10/05/2015
2015014123;1;2;1;1;2;130;06/02/2015
2015014124;1;2;1;1;6;130;02/05/2015
2015014125;5;2;3;1;3;130;09/02/2015
2015014126;1;2;1;1;6;130;11/05/2015
2015014127;1;2;1;1;6;130;08/02/2015
2015014128;1;2;1;1;2;130;11/05/2015
2015014129;1;2;2;1;3;130;15/01/2015
2015014130;1;2;1;1;2;130;11/05/2015
2015014131;5;2;3;1;3;130;10/02/2015
2015014132;1;2;3;1;2;130;04/05/2015
2015014133;1;2;2;1;3;130;06/02/2015
2015014134;1;2;1;1;5;130;11/05/2015
2015014135;1;2;1;8;6;130;06/02/2015
2015014136;1;1;1;1;6;130;11/05/2015
2015014137;1;2;1;1;3;130;20/10/2015
2015014138;1;2;3;1;3;130;11/05/2015
2015014139;1;2;1;1;6;130;11/05/2015
2015014140;1;2;1;1;6;130;12/05/2015
2015014141;1;2;1;1;3;130;12/05/2015
2015014142;2;2;1;1;6;130;05/03/2015
2015014143;5;2;1;1;2;130;08/05/2015
2015014144;5;2;5;1;3;130;13/05/2015
2015014145;5;2;2;1;3;130;13/05/2015
2015014146;1;2;1;1;2;130;12/05/2015
2015014147;1;2;1;1;6;130;14/11/2015
2015014148;1;2;1;1;3;130;11/05/2015
2015014149;1;1;1;1;1;130;13/05/2015
2015014150;1;2;1;1;6;130;12/05/2015
2015014151;1;2;1;1;5;130;07/05/2015
2015014152;1;2;1;1;2;130;13/05/2015
2015014153;1;2;1;1;4;130;13/05/2015
2015014154;1;2;1;1;6;130;09/03/2015
2015014155;1;2;1;1;4;130;13/05/2015
2015014156;5;2;2;1;3;130;09/03/2015
2015014157;1;2;3;1;3;130;13/01/2015
2015014158;1;2;1;1;1;130;13/05/2015
2015014159;1;2;1;1;1;130;03/02/2015
2015014160;1;2;1;1;2;130;13/05/2015
2015014161;5;2;2;1;3;130;14/05/2015
2015014162;3;2;3;1;3;130;30/01/2015
2015014163;1;2;1;1;3;130;26/04/2015
2015014164;1;2;1;1;2;130;21/04/2015
2015014165;5;2;2;1;6;130;01/02/2015
2015014166;1;2;2;1;6;130;09/02/2015
2015014167;1;2;6;1;3;130;14/05/2015
2015014168;1;2;1;1;2;130;14/05/2015
2015014169;5;2;3;1;3;130;14/05/2015
2015014170;1;2;9;1;3;130;08/05/2015
2015014171;1;2;1;1;6;130;15/05/2015
2015014172;5;2;1;1;2;130;16/05/2015
2015014173;5;2;1;1;6;130;14/01/2015
2015014174;1;2;1;1;3;130;17/04/2015
2015014175;1;2;1;1;1;130;16/05/2015
2015014176;5;2;1;3;6;130;05/02/2015
2015014177;1;2;1;1;5;130;17/05/2015
2015014178;1;2;1;1;4;130;21/04/2015
2015014179;1;2;1;1;1;130;05/02/2015
2015014180;1;2;3;3;1;130;03/02/2015
2015014181;1;2;3;1;3;130;17/05/2015
2015014182;5;2;1;9;6;130;30/01/2015
2015014183;1;1;1;1;3;130;17/05/2015
2015014184;1;2;1;2;6;130;03/02/2015
2015014185;1;2;1;1;3;130;16/05/2015
2015014186;5;2;2;1;3;130;02/02/2015
2015014187;5;2;1;1;6;130;17/05/2015
2015014188;1;2;1;1;3;130;13/05/2015
2015014189;1;2;3;1;3;130;05/02/2015
2015014190;1;2;1;2;4;130;09/01/2015
2015014191;1;2;1;1;6;130;18/05/2015
2015014192;1;2;1;1;6;130;07/02/2015
2015014193;1;1;1;1;2;130;18/05/2015
2015014194;1;2;1;1;6;130;18/05/2015
2015014195;5;2;3;1;3;130;18/05/2015
2015014196;1;2;1;1;3;130;18/05/2015
2015014197;1;2;3;1;6;130;18/05/2015
2015014198;1;2;1;1;6;130;30/01/2015
2015014199;1;2;1;1;3;130;18/05/2015
2015014200;5;2;1;8;6;130;06/02/2015
2015014201;1;2;3;1;3;130;18/05/2015
2015014202;1;2;1;2;7;130;04/02/2015
2015014203;1;2;9;1;6;130;19/05/2015
2015014204;3;2;1;2;6;130;03/02/2015
2015014205;5;2;1;1;6;130;19/05/2015
2015014206;5;2;2;1;3;130;06/02/2015
2015014207;1;2;1;1;6;130;19/05/2015
2015014208;5;2;1;2;6;130;04/02/2015
2015014209;1;1;1;1;6;130;15/05/2015
2015014210;1;2;1;1;1;130;13/05/2015
2015014211;3;2;1;9;6;130;02/02/2015
2015014212;1;2;1;1;6;130;20/05/2015
2015014213;1;2;1;1;6;130;31/01/2015
2015014214;1;2;2;1;6;130;19/05/2015
2015014215;1;2;5;1;1;130;20/05/2015
2015014216;1;2;1;1;6;130;20/05/2015
2015014217;1;2;1;1;6;130;20/05/2015
2015014218;1;2;1;1;6;130;20/05/2015
2015014219;5;2;4;6;3;130;20/05/2015
2015014220;1;2;2;1;3;130;21/05/2015
2015014221;1;2;1;1;6;130;21/05/2015
2015014222;1;2;1;1;4;130;20/05/2015
2015014223;5;2;2;1;6;130;08/03/2015
2015014224;1;2;2;1;3;130;21/05/2015
2015014225;1;2;1;1;3;130;21/05/2015
2015014226;5;2;2;1;3;130;17/05/2015
2015014227;1;1;1;1;6;130;15/05/2015
2015014228;1;2;1;1;3;130;21/05/2015
2015014229;1;2;3;1;6;130;16/05/2015
2015014230;1;2;3;1;1;130;22/05/2015
2015014231;5;2;1;1;6;130;29/01/2015
2015014232;1;2;1;1;3;130;22/05/2015
2015014233;5;2;1;1;7;130;11/02/2015
2015014234;1;2;1;1;6;130;22/05/2015
2015014235;1;2;1;2;6;130;03/02/2015
2015014236;1;2;1;1;3;130;19/05/2015
2015014237;5;2;1;1;6;130;30/01/2015
2015014238;5;2;1;1;7;130;23/05/2015
2015014239;1;2;1;1;5;130;22/05/2015
2015014240;1;2;1;1;2;130;11/02/2015
2015014241;5;2;1;1;6;130;23/05/2015
2015014242;5;2;1;1;6;130;23/05/2015
2015014243;1;2;1;1;3;130;23/05/2015
2015014244;1;2;1;1;6;130;28/01/2015
2015014245;1;2;3;1;3;130;23/05/2015
2015014246;5;2;1;1;1;130;23/05/2015
2015014247;5;2;1;1;6;130;09/02/2015
2015014248;5;1;2;1;3;130;24/05/2015
2015014249;1;2;3;1;1;130;12/02/2015
2015014250;1;1;1;1;6;130;23/05/2015
2015014251;1;2;1;1;2;130;07/02/2015
2015014252;2;2;1;1;6;130;24/05/2015
2015014253;1;1;1;1;3;130;15/05/2015
2015014254;1;2;3;1;3;130;24/05/2015
2015014255;1;2;2;1;3;130;13/05/2015
2015014256;5;2;1;1;6;130;13/03/2015
2015014257;1;2;1;1;3;130;24/05/2015
2015014258;1;2;2;1;3;130;08/02/2015
2015014259;1;2;1;1;2;130;13/05/2015
2015014260;5;2;3;1;6;130;11/02/2015
2015014261;1;2;2;1;5;130;19/05/2015
2015014262;1;2;1;3;6;130;03/02/2015
2015014263;1;2;1;1;3;130;20/05/2015
2015014264;5;1;1;1;7;130;10/02/2015
2015014265;1;2;1;1;3;130;25/05/2015
2015014266;1;2;1;1;1;130;25/05/2015
2015014267;1;2;1;1;6;130;13/01/2015
2015014268;5;2;1;1;2;130;18/02/2015
2015014269;1;2;3;1;6;130;26/05/2015
2015014270;1;2;1;1;2;130;18/02/2015
2015014271;1;2;1;1;3;130;26/05/2015
2015014272;1;1;1;1;6;130;26/05/2015
2015014273;2;2;2;1;6;130;26/05/2015
2015014274;1;2;1;1;7;130;02/05/2015
2015014275;1;2;1;1;6;130;30/01/2015
2015014276;1;2;1;1;6;130;27/05/2015
2015014277;1;2;1;1;2;130;27/05/2015
2015014278;1;1;1;1;6;130;27/05/2015
2015014279;1;2;1;1;2;130;27/05/2015
2015014280;1;2;1;1;6;130;27/05/2015
2015014281;1;2;1;1;2;130;11/02/2015
2015014282;1;2;1;1;6;130;27/05/2015
2015014283;1;2;1;1;6;130;20/02/2015
2015014284;5;2;3;1;3;130;27/05/2015
2015014285;1;2;1;1;4;130;16/02/2015
2015014286;5;2;2;1;3;130;28/05/2015
2015014287;5;2;1;1;2;130;23/01/2015
2015014288;5;2;1;1;3;130;28/05/2015
2015014289;2;2;1;1;6;130;24/02/2015
2015014290;1;2;2;1;3;130;17/05/2015
2015014291;1;2;1;1;6;130;26/02/2015
2015014292;1;2;1;1;1;130;27/05/2015
2015014293;1;2;1;1;2;130;12/02/2015
2015014294;5;2;2;1;3;130;28/05/2015
2015014295;1;2;2;1;3;130;03/02/2015
2015014296;1;2;1;1;6;130;28/05/2015
2015014297;1;2;1;1;6;130;25/02/2015
2015014298;1;2;1;1;2;130;28/05/2015
2015014299;1;2;1;1;6;130;23/05/2015
2015014300;1;1;1;1;6;130;25/02/2015
2015014301;1;2;1;1;2;130;28/05/2015
2015014302;1;2;1;1;3;130;28/05/2015
2015014303;1;2;1;1;3;130;28/05/2015
2015014304;1;2;1;1;6;130;01/03/2015
2015014305;1;2;1;1;6;130;25/02/2015
2015014306;1;2;1;1;3;130;28/05/2015
2015014307;5;2;2;1;6;130;21/02/2015
2015014308;5;2;1;1;1;130;19/02/2015
2015014309;1;2;1;1;6;130;28/05/2015
2015014310;5;2;1;2;6;130;17/02/2015
2015014311;1;2;1;1;3;130;21/05/2015
2015014312;1;2;1;1;2;130;20/02/2015
2015014313;1;2;1;1;3;130;29/05/2015
2015014314;1;2;1;1;7;130;29/05/2015
2015014315;5;2;1;1;6;130;22/02/2015
2015014316;1;2;1;1;3;130;28/05/2015
2015014317;5;2;1;1;2;130;30/01/2015
2015014318;1;2;1;1;3;130;29/05/2015
2015014319;1;2;1;1;6;130;07/01/2015
2015014320;1;2;1;1;2;130;29/05/2015
2015014321;1;2;1;1;6;130;24/02/2015
2015014322;2;2;2;1;3;130;25/01/2015
2015014323;1;2;8;1;6;130;29/05/2015
2015014324;1;2;1;1;1;130;10/02/2015
2015014325;5;2;1;1;2;130;29/05/2015
2015014326;1;2;2;1;3;130;23/02/2015
2015014327;1;2;1;1;2;130;17/05/2015
2015014328;1;2;3;1;3;130;18/02/2015
2015014329;5;2;1;1;3;130;30/05/2015
2015014330;1;2;1;1;6;130;19/02/2015
2015014331;1;2;1;1;5;130;29/05/2015
2015014332;1;2;3;1;3;130;11/02/2015
2015014333;1;2;3;1;3;130;13/04/2015
2015014334;1;2;1;1;7;130;24/02/2015
2015014335;1;2;3;1;5;130;27/05/2015
2015014336;1;2;1;1;6;130;18/02/2015
2015014337;1;2;1;1;5;130;18/05/2015
2015014338;1;2;1;1;6;130;18/02/2015
2015014339;1;2;2;1;3;130;30/05/2015
2015014340;1;2;2;1;3;130;11/04/2015
2015014341;1;2;1;1;1;130;23/02/2015
2015014342;1;2;1;1;6;130;10/02/2015
2015014343;1;2;1;1;3;130;31/05/2015
2015014344;1;2;1;1;6;130;16/02/2015
2015014345;1;2;1;1;6;130;30/05/2015
2015014346;1;2;1;1;6;130;06/01/2015
2015014347;1;2;1;1;3;130;31/05/2015
2015014348;2;2;1;1;6;130;19/02/2015
2015014349;5;2;1;1;3;130;31/05/2015
2015014350;5;2;1;1;7;130;18/02/2015
2015014351;1;2;3;1;3;130;31/05/2015
2015014352;5;2;2;2;3;130;13/02/2015
2015014353;1;1;1;1;4;130;31/05/2015
2015014354;5;2;2;1;1;130;06/01/2015
2015014355;1;2;2;1;7;130;27/05/2015
2015014356;1;2;1;1;6;130;02/02/2015
2015014357;1;2;1;1;1;130;29/05/2015
2015014358;1;2;1;1;6;130;21/02/2015
2015014359;1;2;1;1;6;130;01/06/2015
2015014360;5;2;1;1;6;130;26/01/2015
2015014361;2;2;1;1;6;130;28/05/2015
2015014362;1;2;2;1;6;130;18/02/2015
2015014363;1;2;1;1;2;130;27/05/2015
2015014364;1;2;1;1;2;130;02/02/2015
2015014365;1;2;8;1;6;130;26/05/2015
2015014366;1;2;1;2;4;130;14/02/2015
2015014367;1;2;1;1;6;130;02/06/2015
2015014368;1;2;2;1;6;130;09/02/2015
2015014369;1;2;1;1;6;130;02/06/2015
2015014370;2;2;1;1;3;130;02/06/2015
2015014371;1;2;1;1;1;130;23/01/2015
2015014372;3;2;1;1;6;130;02/06/2015
2015014373;1;2;1;1;6;130;05/02/2015
2015014374;1;1;1;1;6;130;02/06/2015
2015014375;1;2;1;1;6;130;20/02/2015
2015014376;1;2;1;1;3;130;03/06/2015
2015014377;5;2;1;1;1;130;23/02/2015
2015014378;1;2;1;1;7;130;03/06/2015
2015014379;1;2;1;1;2;130;03/06/2015
2015014380;1;2;1;1;6;130;03/06/2015
2015014381;1;2;1;1;6;130;03/06/2015
2015014382;1;2;1;1;6;130;18/02/2015
2015014383;1;2;1;1;1;130;03/06/2015
2015014384;1;2;3;1;3;130;09/02/2015
2015014385;1;2;1;1;6;130;04/06/2015
2015014386;1;2;1;1;6;130;20/02/2015
2015014387;1;2;9;1;3;130;23/05/2015
2015014388;1;1;1;1;1;130;04/06/2015
2015014389;5;2;1;1;2;130;05/01/2015
2015014390;1;2;1;1;6;130;04/06/2015
2015014391;1;2;1;1;5;130;05/06/2015
2015014392;1;2;1;1;1;130;02/06/2015
2015014393;1;2;1;1;6;130;05/06/2015
2015014394;1;2;2;1;2;130;05/06/2015
2015014395;1;2;3;1;3;130;05/06/2015
2015014396;1;2;2;1;3;130;06/06/2015
2015014397;5;2;1;1;6;130;01/03/2015
2015014398;5;2;1;1;3;130;07/06/2015
2015014399;2;2;2;2;3;130;27/02/2015
2015014400;5;1;1;1;2;130;07/06/2015
2015014401;5;2;1;1;1;130;07/06/2015
2015014402;1;2;1;1;2;130;02/02/2015
2015014403;1;2;1;1;6;130;06/06/2015
2015014404;1;2;1;1;6;130;01/03/2015
2015014405;2;2;3;1;5;130;06/06/2015
2015014406;5;2;1;1;6;130;28/02/2015
2015014407;1;1;1;1;3;130;07/06/2015
2015014408;1;2;3;1;3;130;25/02/2015
2015014409;1;2;2;1;3;130;03/06/2015
2015014410;5;2;1;1;1;130;18/02/2015
2015014411;1;2;2;1;6;130;07/06/2015
2015014412;2;2;1;2;1;130;27/02/2015
2015014413;1;2;1;1;1;130;07/06/2015
2015014414;1;2;1;1;7;130;12/02/2015
2015014415;5;1;1;1;1;130;21/03/2015
2015014416;1;2;1;1;6;130;16/02/2015
2015014417;5;2;1;1;3;130;07/06/2015
2015014418;1;2;1;1;6;130;07/06/2015
2015014419;1;2;1;1;4;130;08/02/2015
2015014420;1;2;1;1;6;130;01/06/2015
2015014421;1;2;1;1;6;130;19/02/2015
2015014422;1;2;1;1;3;130;08/06/2015
2015014423;1;2;2;8;3;130;14/02/2015
2015014424;1;2;1;1;3;130;08/06/2015
2015014425;1;2;1;1;7;130;26/01/2015
2015014426;5;2;2;1;3;130;08/06/2015
2015014427;1;2;3;1;6;130;19/02/2015
2015014428;2;2;1;1;6;130;08/06/2015
2015014429;1;2;1;1;6;130;06/02/2015
2015014430;1;2;3;1;4;130;09/06/2015
2015014431;1;2;1;1;2;130;12/02/2015
2015014432;1;2;1;1;2;130;09/06/2015
2015014433;1;2;1;1;6;130;12/02/2015
2015014434;1;2;1;1;3;130;09/06/2015
2015014435;1;2;1;1;4;130;17/02/2015
2015014436;1;2;1;3;3;130;09/06/2015
2015014437;1;2;1;1;6;130;12/02/2015
2015014438;5;2;1;1;2;130;09/06/2015
2015014439;1;2;2;3;3;130;14/02/2015
2015014440;1;2;1;1;2;130;09/06/2015
2015014441;1;2;1;1;2;130;26/02/2015
2015014442;5;2;1;1;6;130;09/06/2015
2015014443;5;2;1;1;5;130;06/02/2015
2015014444;1;2;1;1;2;130;03/07/2015
2015014445;1;2;1;1;7;130;23/07/2015
2015014446;1;2;3;1;3;130;10/06/2015
2015014447;1;2;3;1;6;130;10/06/2015
2015014448;1;2;1;1;3;130;05/06/2015
2015014449;5;2;1;1;5;130;10/06/2015
2015014450;1;2;1;1;3;130;11/06/2015
2015014451;1;2;3;1;3;130;11/06/2015
2015014452;1;2;1;1;2;130;11/06/2015
2015014453;1;2;3;1;3;130;11/06/2015
2015014454;1;2;1;1;3;130;18/05/2015
2015014455;5;2;1;1;6;130;08/03/2015
2015014456;1;2;1;1;6;130;11/06/2015
2015014457;1;2;1;1;6;130;11/02/2015
2015014458;1;2;1;1;6;130;11/06/2015
2015014459;2;2;1;1;1;130;23/01/2015
2015014460;5;2;1;1;1;130;06/06/2015
2015014461;5;2;1;1;7;130;06/03/2015
2015014462;1;2;1;1;6;130;11/06/2015
2015014463;2;2;1;1;6;130;25/02/2015
2015014464;2;2;2;1;1;130;09/06/2015
2015014465;1;2;1;1;6;130;03/03/2015
2015014466;1;2;1;3;2;130;12/06/2015
2015014467;1;2;1;1;6;130;09/03/2015
2015014468;1;2;3;1;3;130;12/06/2015
2015014469;1;2;1;1;6;130;27/02/2015
2015014470;1;2;1;1;2;130;13/06/2015
2015014471;1;2;1;2;6;130;01/03/2015
2015014472;1;2;1;1;3;130;13/06/2015
2015014473;2;2;3;1;1;130;10/06/2015
2015014474;1;2;1;1;6;130;04/03/2015
2015014475;5;2;3;3;6;130;14/06/2015
2015014476;5;2;1;1;7;130;05/01/2015
2015014477;1;2;1;1;3;130;13/06/2015
2015014478;1;2;1;1;6;130;11/02/2015
2015014479;1;2;1;1;2;130;11/06/2015
2015014480;1;2;1;1;6;130;02/03/2015
2015014481;1;2;1;1;6;130;27/05/2015
2015014482;1;2;1;1;3;130;13/06/2015
2015014483;5;2;1;1;6;130;04/03/2015
2015014484;1;2;1;1;6;130;12/02/2015
2015014485;1;2;1;1;6;130;14/05/2015
2015014486;1;2;1;1;6;130;11/03/2015
2015014487;1;2;1;1;2;130;14/06/2015
2015014488;1;2;4;1;6;130;11/03/2015
2015014489;1;2;3;1;3;130;14/06/2015
2015014490;1;2;1;1;1;130;11/03/2015
2015014491;1;2;1;1;6;130;14/06/2015
2015014492;1;2;1;1;6;130;11/03/2015
2015014493;1;2;7;1;1;130;14/06/2015
2015014494;5;1;1;1;3;130;14/06/2015
2015014495;1;2;2;2;6;130;27/02/2015
2015014496;1;2;1;1;6;130;14/06/2015
2015014497;1;2;2;1;3;130;11/03/2015
2015014498;1;1;1;1;6;130;12/06/2015
2015014499;1;2;1;1;6;130;13/03/2015
2015014500;1;2;3;1;3;130;10/06/2015
2015014501;1;2;2;1;3;130;15/06/2015
2015014502;1;2;1;1;6;130;25/01/2015
2015014503;1;1;1;1;3;130;15/06/2015
2015014504;1;2;1;1;2;130;16/06/2015
2015014505;1;2;1;1;6;130;15/06/2015
2015014506;1;2;1;1;6;130;23/02/2015
2015014507;1;2;1;1;2;130;15/06/2015
2015014508;5;2;2;2;3;130;16/06/2015
2015014509;2;2;1;1;6;130;17/05/2015
2015014510;1;2;2;2;3;130;15/03/2015
2015014511;1;2;1;1;6;130;19/02/2015
2015014512;5;2;1;2;3;130;16/06/2015
2015014513;1;2;1;2;3;130;16/06/2015
2015014514;1;1;1;1;5;130;17/06/2015
2015014515;1;2;1;1;2;130;17/06/2015
2015014516;1;2;1;1;1;130;17/06/2015
2015014517;1;2;1;7;6;130;17/06/2015
2015014518;1;2;1;1;7;130;17/06/2015
2015014519;1;2;1;1;3;130;17/06/2015
2015014520;2;2;3;1;2;130;17/06/2015
2015014521;1;2;1;1;6;130;05/03/2015
2015014522;1;2;1;1;3;130;17/06/2015
2015014523;1;2;1;1;2;130;18/06/2015
2015014524;1;2;1;1;3;130;30/05/2015
2015014525;1;2;3;1;2;130;18/06/2015
2015014526;1;2;1;1;3;130;18/06/2015
2015014527;5;2;2;1;3;130;19/06/2015
2015014528;5;2;1;1;6;130;19/06/2015
2015014529;1;2;1;1;3;130;16/06/2015
2015014530;1;2;1;1;6;130;07/03/2015
2015014531;1;2;1;1;3;130;19/06/2015
2015014532;1;2;1;1;6;130;28/02/2015
2015014533;1;2;1;1;2;130;19/06/2015
2015014534;5;1;1;1;3;130;15/03/2015
2015014535;5;2;1;2;2;130;14/03/2015
2015014536;1;1;1;1;6;130;19/06/2015
2015014537;5;2;1;1;6;130;20/06/2015
2015014538;1;2;1;1;7;130;19/06/2015
2015014539;1;2;1;1;2;130;08/06/2015
2015014540;1;2;1;1;4;130;27/02/2015
2015014541;1;2;1;1;3;130;18/06/2015
2015014542;1;2;3;1;3;130;28/02/2015
2015014543;1;2;1;1;6;130;19/06/2015
2015014544;1;2;2;1;3;130;07/03/2015
2015014545;1;2;2;1;3;130;20/06/2015
2015014546;1;2;1;1;2;130;04/03/2015
2015014547;2;2;3;2;1;130;10/06/2015
2015014548;5;2;1;1;6;130;03/03/2015
2015014549;1;2;1;1;6;130;20/06/2015
2015014550;1;2;1;1;6;130;11/03/2015
2015014551;1;2;1;1;3;130;20/06/2015
2015014552;1;2;1;1;6;130;20/06/2015
2015014553;1;2;3;1;3;130;06/03/2015
2015014554;1;2;1;1;2;130;21/06/2015
2015014555;1;2;1;1;6;130;02/03/2015
2015014556;5;2;9;1;6;130;21/06/2015
2015014557;5;2;1;1;6;130;01/03/2015
2015014558;3;2;1;1;3;130;22/06/2015
2015014559;1;2;1;1;6;130;05/03/2015
2015014560;1;2;1;1;3;130;09/06/2015
2015014561;1;2;1;1;3;130;20/06/2015
2015014562;1;2;1;1;6;130;02/03/2015
2015014563;1;2;1;1;3;130;16/06/2015
2015014564;1;2;2;1;3;130;07/03/2015
2015014565;1;2;1;1;6;130;22/06/2015
2015014566;1;2;3;1;2;130;13/02/2015
2015014567;1;2;3;1;3;130;22/06/2015
2015014568;5;2;1;1;4;130;13/03/2015
2015014569;1;2;1;1;3;130;16/06/2015
2015014570;1;2;1;1;6;130;26/02/2015
2015014571;1;1;1;1;2;130;22/06/2015
2015014572;1;2;1;1;3;130;02/03/2015
2015014573;1;2;2;1;3;130;22/06/2015