num_acc;lum;agg;inter;atm;col;dep;date
2015014574;1;2;1;1;6;130;07/03/2015
2015014575;1;2;3;1;3;130;22/06/2015
2015014576;1;2;3;1;6;130;11/02/2015
2015014577;1;2;1;1;2;130;22/06/2015
2015014578;1;2;1;1;6;130;23/06/2015
2015014579;5;2;1;1;6;130;07/03/2015
2015014580;1;2;1;1;6;130;23/06/2015
2015014581;1;2;6;1;3;130;11/06/2015
2015014582;1;1;1;1;3;130;15/06/2015
2015014583;1;2;1;1;6;130;24/06/2015
2015014584;1;2;1;1;2;130;04/03/2015
2015014585;1;2;2;1;6;130;24/06/2015
2015014586;1;2;3;1;3;130;10/03/2015
2015014587;1;1;1;1;3;130;04/06/2015
2015014588;1;2;1;1;6;130;10/03/2015
2015014589;1;2;1;1;2;130;20/06/2015
2015014590;1;2;1;1;2;130;30/01/2015
2015014591;1;2;1;1;6;130;24/06/2015
2015014592;1;2;1;1;2;130;13/03/2015
2015014593;1;1;1;1;2;130;24/06/2015
2015014594;1;2;1;1;6;130;24/06/2015
2015014595;1;2;2;1;1;130;24/06/2015
2015014596;5;2;3;1;3;130;12/03/2015
2015014597;2;2;1;1;2;130;24/06/2015
2015014598;1;2;1;1;6;130;13/03/2015
2015014599;5;1;2;1;2;130;24/06/2015
2015014600;5;2;1;2;6;130;10/03/2015
2015014601;1;2;3;1;3;130;24/06/2015
2015014602;5;2;1;1;6;130;05/02/2015
2015014603;1;2;1;1;6;130;02/06/2015
2015014604;1;2;1;1;6;130;18/02/2015
2015014605;1;2;1;1;3;130;31/05/2015
2015014606;1;2;3;1;3;130;25/06/2015
2015014607;5;2;1;1;6;130;13/03/2015
2015014608;5;1;2;1;3;130;26/06/2015
2015014609;5;2;1;1;6;130;24/06/2015
2015014610;1;2;3;1;6;130;25/06/2015
2015014611;2;2;2;1;3;130;06/03/2015
2015014612;1;2;3;1;6;130;26/06/2015
2015014613;1;2;2;1;3;130;17/06/2015
2015014614;1;1;1;1;6;130;22/02/2015
2015014615;1;2;1;1;6;130;26/06/2015
2015014616;1;2;3;1;6;130;24/02/2015
2015014617;1;2;1;1;3;130;10/06/2015
2015014618;2;2;1;1;3;130;26/05/2015
2015014619;5;2;2;1;3;130;13/03/2015
2015014620;3;2;1;1;3;130;27/06/2015
2015014621;5;2;1;1;1;130;27/06/2015
2015014622;1;2;1;1;6;130;16/03/2015
2015014623;5;2;1;1;7;130;27/06/2015
2015014624;1;2;1;1;3;130;27/06/2015
2015014625;1;2;1;1;6;130;27/06/2015
2015014626;1;2;1;1;6;130;14/03/2015
2015014627;1;2;1;1;7;130;27/06/2015
2015014628;5;2;1;1;7;130;27/06/2015
2015014629;1;2;3;1;4;130;10/06/2015
2015014630;1;2;1;1;2;130;24/04/2015
2015014631;1;2;1;1;4;130;28/06/2015
2015014632;1;2;1;1;6;130;01/02/2015
2015014633;1;2;1;1;2;130;28/06/2015
2015014634;5;2;1;1;7;130;29/06/2015
2015014635;1;2;1;1;6;130;22/06/2015
2015014636;1;2;1;1;6;130;29/06/2015
2015014637;1;2;2;1;3;130;29/06/2015
2015014638;1;2;1;1;7;130;10/03/2015
2015014639;1;2;3;1;6;130;29/06/2015
2015014640;1;2;1;1;1;130;17/06/2015
2015014641;1;2;3;1;3;130;25/06/2015
2015014642;1;2;1;1;3;130;26/06/2015
2015014643;1;2;1;1;3;130;29/06/2015
2015014644;1;2;1;1;6;130;13/03/2015
2015014645;1;2;3;1;2;130;29/06/2015
2015014646;2;2;2;1;7;130;14/03/2015
2015014647;1;1;2;1;1;130;29/06/2015
2015014648;1;2;3;1;6;130;11/03/2015
2015014649;5;2;1;1;2;130;30/06/2015
2015014650;1;1;1;1;3;130;30/06/2015
2015014651;1;2;1;1;3;130;29/06/2015
2015014652;1;2;2;1;3;130;30/06/2015
2015014653;2;2;1;1;6;130;30/06/2015
2015014654;1;2;2;1;5;130;15/03/2015
2015014655;2;2;1;1;2;130;30/06/2015
2015014656;1;2;1;1;6;130;12/03/2015
2015014657;5;2;1;1;2;130;01/07/2015
2015014658;1;2;1;1;6;130;25/07/2015
2015014659;1;2;1;1;6;130;01/07/2015
2015014660;1;2;3;1;3;130;01/07/2015
2015014661;5;2;1;1;6;130;01/07/2015
2015014662;5;2;1;1;6;130;02/07/2015
2015014663;1;2;1;1;1;130;30/06/2015
2015014664;1;2;3;1;3;130;01/07/2015
2015014665;1;2;1;1;2;130;02/07/2015
2015014666;1;2;1;1;3;130;02/07/2015
2015014667;1;2;1;1;3;130;01/07/2015
2015014668;1;2;1;1;4;130;02/07/2015
2015014669;5;2;1;1;7;130;01/01/2015
2015014670;3;2;2;1;3;130;30/06/2015
2015014671;1;2;3;1;3;130;04/03/2015
2015014672;1;2;1;1;2;130;01/07/2015
2015014673;1;2;1;1;6;130;02/07/2015
2015014674;1;1;1;1;6;130;03/07/2015
2015014675;1;2;1;1;1;130;02/07/2015
2015014676;1;2;1;1;3;130;26/06/2015
2015014677;2;1;1;1;3;130;30/05/2015
2015014678;1;2;1;1;6;130;03/07/2015
2015014679;1;2;1;1;6;130;03/07/2015
2015014680;1;2;1;1;3;130;03/07/2015
2015014681;2;2;3;2;6;130;14/03/2015
2015014682;1;2;1;1;3;130;03/07/2015
2015014683;1;1;1;1;6;130;03/07/2015
2015014684;1;2;1;1;3;130;03/07/2015
2015014685;1;2;1;1;4;130;03/07/2015
2015014686;5;2;1;1;3;130;27/06/2015
2015014687;1;2;1;1;2;130;03/07/2015
2015014688;3;2;1;1;1;130;03/07/2015
2015014689;1;1;1;1;7;130;02/07/2015
2015014690;5;2;1;1;2;130;04/07/2015
2015014691;1;2;3;1;6;130;03/07/2015
2015014692;1;2;1;1;1;130;04/07/2015
2015014693;1;2;1;1;1;130;04/07/2015
2015014694;1;2;3;1;3;130;04/07/2015
2015014695;1;2;1;1;6;130;13/03/2015
2015014696;2;2;1;1;1;130;04/07/2015
2015014697;1;2;1;1;3;130;04/07/2015
2015014698;1;2;9;1;6;130;22/06/2015
2015014699;1;2;1;1;2;130;05/07/2015
2015014700;1;1;1;1;6;130;30/06/2015
2015014701;1;2;1;3;3;130;12/06/2015
2015014702;1;2;1;1;7;130;05/07/2015
2015014703;1;2;1;1;6;130;05/07/2015
2015014704;1;2;1;1;3;130;06/07/2015
2015014705;1;2;2;1;3;130;30/06/2015
2015014706;1;2;4;1;6;130;06/07/2015
2015014707;5;2;1;1;7;130;03/07/2015
2015014708;1;2;1;1;6;130;07/07/2015
2015014709;1;2;1;1;3;130;06/07/2015
2015014710;5;2;1;1;1;130;07/07/2015
2015014711;1;2;1;1;3;130;07/07/2015
2015014712;1;2;1;1;2;130;07/07/2015
2015014713;1;2;1;1;1;130;25/06/2015
2015014714;1;2;2;1;3;130;27/02/2015
2015014715;1;2;1;1;2;130;20/06/2015
2015014716;1;2;1;1;3;130;07/07/2015
2015014717;1;2;2;1;3;130;08/07/2015
2015014718;1;2;1;1;1;130;08/07/2015
2015014719;1;2;1;6;7;130;08/07/2015
2015014720;1;2;1;1;6;130;13/06/2015
2015014721;1;2;1;1;6;130;09/07/2015
2015014722;1;2;1;1;6;130;09/07/2015
2015014723;2;2;2;1;6;130;09/07/2015
2015014724;5;2;2;1;3;130;22/06/2015
2015014725;1;2;1;1;6;130;10/07/2015
2015014726;2;2;3;1;6;130;23/01/2015
2015014727;1;2;1;1;6;130;10/07/2015
2015014728;1;2;3;1;6;130;26/02/2015
2015014729;1;2;1;1;2;130;10/07/2015
2015014730;1;2;3;1;6;130;24/07/2015
2015014731;5;2;1;2;7;130;15/02/2015
2015014732;1;2;1;1;3;130;09/07/2015
2015014733;5;2;1;1;3;130;26/06/2015
2015014734;1;2;1;1;6;130;08/07/2015
2015014735;1;2;2;1;5;130;11/07/2015
2015014736;1;2;7;1;3;130;11/07/2015
2015014737;5;2;1;1;7;130;11/07/2015
2015014738;2;2;2;1;3;130;11/07/2015
2015014739;1;2;4;1;3;130;09/07/2015
2015014740;2;2;1;1;2;130;28/02/2015
2015014741;1;2;1;1;3;130;06/07/2015
2015014742;1;2;1;1;3;130;07/07/2015
2015014743;1;2;1;1;1;130;02/07/2015
2015014744;1;2;1;1;2;130;06/02/2015
2015014745;1;2;1;1;3;130;12/07/2015
2015014746;1;1;1;1;1;130;12/07/2015
2015014747;5;2;1;1;3;130;26/06/2015
2015014748;1;2;1;1;7;130;14/03/2015
2015014749;1;2;1;1;7;130;13/07/2015
2015014750;1;2;1;1;6;130;01/06/2015
2015014751;5;2;1;1;3;130;14/07/2015
2015014752;5;2;1;1;1;130;14/07/2015
2015014753;1;2;1;1;6;130;14/07/2015
2015014754;5;1;1;1;3;130;14/07/2015
2015014755;5;2;1;1;6;130;14/07/2015
2015014756;2;2;2;1;3;130;14/07/2015
2015014757;2;2;3;1;3;130;07/07/2015
2015014758;1;2;1;1;1;130;14/07/2015
2015014759;5;2;1;1;7;130;12/07/2015
2015014760;1;2;1;1;3;130;18/06/2015
2015014761;1;2;1;1;2;130;15/07/2015
2015014762;1;2;1;1;1;130;15/07/2015
2015014763;1;2;7;1;6;130;08/07/2015
2015014764;2;2;1;1;6;130;25/06/2015
2015014765;1;2;1;1;6;130;09/07/2015
2015014766;1;2;1;1;7;130;27/05/2015
2015014767;1;2;1;1;3;130;16/07/2015
2015014768;5;2;1;1;6;130;16/07/2015
2015014769;5;2;1;1;1;130;17/07/2015
2015014770;1;2;1;1;3;130;16/07/2015
2015014771;1;2;1;1;5;130;17/07/2015
2015014772;1;2;1;1;2;130;17/07/2015
2015014773;5;2;1;1;6;130;17/07/2015
2015014774;5;2;1;1;6;130;17/07/2015
2015014775;1;2;1;1;2;130;16/07/2015
2015014776;1;2;1;1;6;130;18/07/2015
2015014777;1;2;1;1;3;130;17/07/2015
2015014778;1;2;2;1;3;130;18/07/2015
2015014779;1;2;1;1;3;130;19/07/2015
2015014780;5;2;6;1;6;130;19/07/2015
2015014781;5;2;1;1;2;130;19/07/2015
2015014782;5;2;1;1;6;130;19/07/2015
2015014783;3;2;1;1;2;130;20/07/2015
2015014784;1;1;1;1;1;130;19/07/2015
2015014785;1;2;2;1;3;130;25/06/2015
2015014786;5;2;1;1;6;130;15/07/2015
2015014787;1;2;1;1;6;130;13/07/2015
2015014788;1;2;1;1;3;130;21/07/2015
2015014789;1;2;1;1;1;130;21/07/2015
2015014790;1;2;1;1;2;130;20/07/2015
2015014791;1;2;1;1;6;130;21/07/2015
2015014792;1;2;1;1;2;130;12/06/2015
2015014793;1;2;3;1;1;130;21/07/2015
2015014794;1;2;3;1;3;130;22/07/2015
2015014795;1;2;1;1;2;130;22/07/2015
2015014796;1;1;1;1;2;130;22/07/2015
2015014797;1;2;3;1;1;130;16/07/2015
2015014798;1;2;2;1;6;130;13/03/2015
2015014799;1;2;1;1;6;130;22/07/2015
2015014800;5;1;1;2;6;130;01/03/2015
2015014801;1;2;3;1;3;130;22/07/2015
2015014802;1;2;1;1;6;130;22/07/2015
2015014803;1;2;3;1;3;130;23/07/2015
2015014804;1;2;1;1;3;130;23/07/2015
2015014805;5;2;2;1;3;130;23/07/2015
2015014806;1;2;1;1;2;130;24/07/2015
2015014807;1;2;1;1;7;130;17/07/2015
2015014808;5;2;1;1;2;130;24/07/2015
2015014809;2;2;1;2;3;130;12/06/2015
2015014810;1;2;1;1;6;130;24/07/2015
2015014811;1;2;3;1;3;130;14/07/2015
2015014812;1;2;1;1;1;130;13/07/2015
2015014813;1;2;1;1;6;130;21/01/2015
2015014814;1;2;1;1;6;130;19/07/2015
2015014815;5;1;2;1;1;130;25/07/2015
2015014816;1;2;2;1;3;130;25/07/2015
2015014817;2;2;4;1;6;130;26/07/2015
2015014818;1;1;1;1;2;130;26/07/2015
2015014819;1;2;1;1;4;130;26/07/2015
2015014820;3;1;1;1;7;130;26/07/2015
2015014821;5;2;2;1;3;130;26/07/2015
2015014822;5;2;2;1;3;130;26/07/2015
2015014823;5;2;1;1;6;130;26/05/2015
2015014824;1;2;1;1;2;130;27/07/2015
2015014825;1;2;1;1;7;130;27/07/2015
2015014826;1;2;1;1;6;130;20/02/2015
2015014827;1;2;1;1;5;130;27/07/2015
2015014828;1;2;2;1;6;130;15/03/2015
2015014829;5;2;1;1;6;130;27/07/2015
2015014830;1;2;1;1;2;130;28/06/2015
2015014831;1;2;1;1;6;130;27/07/2015
2015014832;1;2;1;1;6;130;28/07/2015
2015014833;1;2;1;1;3;130;27/07/2015
2015014834;1;1;1;1;2;130;28/07/2015
2015014835;1;2;1;1;3;130;27/07/2015
2015014836;1;2;1;1;2;130;28/07/2015
2015014837;1;2;1;1;2;130;28/07/2015
2015014838;1;2;1;1;2;130;27/07/2015
2015014839;5;2;1;1;3;130;28/07/2015
2015014840;5;2;3;1;3;130;28/07/2015
2015014841;2;2;1;1;6;130;28/07/2015
2015014842;1;2;1;1;4;130;28/07/2015
2015014843;1;2;1;1;1;130;28/07/2015
2015014844;1;2;1;1;6;130;29/07/2015
2015014845;5;2;2;1;3;130;06/06/2015
2015014846;5;2;1;1;2;130;29/07/2015
2015014847;1;2;3;1;3;130;30/07/2015
2015014848;1;2;1;1;1;130;30/07/2015
2015014849;1;2;1;1;3;130;25/07/2015
2015014850;1;2;1;1;6;130;30/07/2015
2015014851;1;2;1;1;3;130;30/07/2015
2015014852;3;2;1;1;5;130;30/07/2015
2015014853;5;2;1;1;7;130;31/07/2015
2015014854;1;1;1;1;3;130;29/07/2015
2015014855;1;2;1;1;6;130;30/07/2015
2015014856;1;2;3;1;3;130;30/07/2015
2015014857;1;2;1;1;2;130;31/07/2015
2015014858;1;2;1;1;6;130;22/01/2015
2015014859;1;2;1;1;6;130;31/07/2015
2015014860;1;2;1;1;7;130;31/07/2015
2015014861;1;2;1;1;1;130;31/07/2015
2015014862;5;2;1;1;6;130;31/07/2015
2015014863;5;2;1;2;6;130;01/08/2015
2015014864;1;2;6;1;2;130;01/08/2015
2015014865;5;2;1;1;6;130;01/08/2015
2015014866;5;2;1;1;2;130;01/08/2015
2015014867;5;2;1;1;3;130;01/08/2015
2015014868;1;2;2;1;1;130;19/07/2015
2015014869;1;2;9;1;6;130;02/08/2015
2015014870;1;2;1;1;6;130;02/08/2015
2015014871;1;2;4;1;6;130;02/08/2015
2015014872;5;2;1;1;6;130;28/07/2015
2015014873;5;2;1;1;3;130;02/08/2015
2015014874;1;2;1;1;2;130;28/07/2015
2015014875;5;2;2;1;1;130;21/07/2015
2015014876;1;2;2;1;3;130;03/08/2015
2015014877;1;2;1;1;6;130;03/08/2015
2015014878;2;2;1;1;3;130;03/08/2015
2015014879;1;2;1;1;6;130;03/08/2015
2015014880;1;1;1;1;4;130;03/08/2015
2015014881;1;2;3;1;3;130;30/07/2015
2015014882;1;2;1;1;3;130;31/07/2015
2015014883;1;2;2;1;6;130;04/08/2015
2015014884;5;2;2;1;3;130;04/08/2015
2015014885;5;2;1;1;2;130;04/08/2015
2015014886;1;2;1;1;6;130;03/03/2015
2015014887;5;2;1;1;6;130;04/08/2015
2015014888;2;2;6;1;6;130;05/08/2015
2015014889;1;2;1;1;3;130;04/08/2015
2015014890;1;2;1;1;3;130;04/08/2015
2015014891;1;2;1;1;6;130;06/08/2015
2015014892;1;2;1;1;7;130;06/08/2015
2015014893;1;2;1;1;6;130;06/08/2015
2015014894;5;2;1;1;6;130;06/08/2015
2015014895;1;2;1;3;1;130;17/02/2015
2015014896;5;2;3;1;3;130;06/08/2015
2015014897;1;2;1;1;6;130;05/08/2015
2015014898;1;2;1;1;7;130;07/08/2015
2015014899;1;2;2;1;2;130;06/08/2015
2015014900;1;2;1;1;6;130;01/08/2015
2015014901;1;2;3;1;3;130;07/08/2015
2015014902;1;1;1;1;3;130;07/08/2015
2015014903;1;2;1;1;3;130;07/08/2015
2015014904;1;2;1;1;2;130;03/08/2015
2015014905;5;2;1;1;3;130;07/08/2015
2015014906;1;2;1;1;6;130;07/08/2015
2015014907;1;2;6;1;6;130;25/06/2015
2015014908;1;2;3;1;6;130;08/08/2015
2015014909;1;2;1;1;6;130;08/08/2015
2015014910;5;2;1;1;3;130;09/08/2015
2015014911;3;1;1;1;7;130;09/08/2015
2015014912;1;2;1;1;3;130;21/07/2015
2015014913;1;2;1;1;6;130;09/08/2015
2015014914;2;2;3;1;6;130;09/08/2015
2015014915;1;2;3;1;3;130;10/08/2015
2015014916;1;2;1;1;6;130;10/08/2015
2015014917;1;2;2;1;3;130;06/08/2015
2015014918;1;2;3;1;3;130;10/08/2015
2015014919;1;2;1;1;3;130;06/08/2015
2015014920;5;2;1;1;2;130;10/08/2015
2015014921;5;2;1;1;6;130;11/08/2015
2015014922;5;2;3;1;3;130;10/08/2015
2015014923;5;2;2;1;3;130;10/08/2015
2015014924;1;2;1;1;6;130;04/08/2015
2015014925;1;2;1;1;6;130;11/08/2015
2015014926;1;2;1;1;7;130;11/08/2015
2015014927;1;2;1;1;2;130;10/08/2015
2015014928;1;2;4;1;3;130;11/08/2015
2015014929;5;2;1;1;6;130;19/07/2015
2015014930;5;2;6;1;7;130;01/08/2015
2015014931;5;2;1;1;3;130;11/08/2015
2015014932;1;2;1;1;6;130;12/03/2015
2015014933;5;2;1;1;7;130;12/08/2015
2015014934;1;2;1;1;6;130;04/08/2015
2015014935;1;2;1;1;3;130;07/08/2015
2015014936;1;2;1;1;3;130;11/08/2015
2015014937;1;2;1;1;3;130;31/07/2015
2015014938;1;2;1;1;3;130;12/08/2015
2015014939;2;2;1;1;6;130;12/08/2015
2015014940;1;2;1;1;3;130;04/08/2015
2015014941;1;2;9;1;6;130;13/08/2015
2015014942;1;2;1;1;6;130;02/07/2015
2015014943;1;2;2;1;3;130;07/08/2015
2015014944;5;2;1;1;6;130;13/08/2015
2015014945;5;2;1;1;3;130;14/08/2015
2015014946;1;2;1;1;2;130;14/08/2015
2015014947;1;2;1;1;6;130;14/08/2015
2015014948;1;2;3;1;6;130;05/08/2015
2015014949;1;2;1;1;6;130;14/08/2015
2015014950;1;2;1;1;6;130;14/08/2015
2015014951;5;2;1;1;1;130;14/08/2015
2015014952;5;1;1;1;1;130;15/08/2015
2015014953;2;2;1;1;6;130;15/08/2015
2015014954;5;2;2;1;3;130;16/08/2015
2015014955;1;2;1;1;6;130;16/08/2015
2015014956;1;2;1;1;3;130;15/08/2015
2015014957;5;2;1;1;2;130;10/08/2015
2015014958;1;2;2;1;1;130;11/08/2015
2015014959;2;2;1;1;3;130;16/08/2015
2015014960;1;2;1;1;7;130;16/08/2015
2015014961;1;2;1;1;1;130;16/08/2015
2015014962;1;2;1;1;3;130;16/08/2015
2015014963;5;2;2;1;3;130;16/08/2015
2015014964;1;2;1;1;1;130;11/03/2015
2015014965;1;2;2;1;1;130;11/08/2015
2015014966;1;2;1;1;5;130;17/08/2015
2015014967;1;2;9;1;2;130;29/07/2015
2015014968;1;2;3;1;3;130;17/08/2015
2015014969;1;2;1;1;6;130;17/08/2015
2015014970;2;2;1;1;3;130;17/08/2015
2015014971;5;2;2;1;3;130;17/08/2015
2015014972;4;2;1;1;6;130;17/08/2015
2015014973;1;2;1;1;1;130;12/08/2015
2015014974;5;2;1;1;2;130;15/08/2015
2015014975;1;2;1;1;3;130;17/08/2015
2015014976;1;2;1;1;7;130;07/08/2015
2015014977;1;2;1;1;2;130;19/08/2015
2015014978;5;2;1;1;3;130;19/08/2015
2015014979;5;2;3;1;6;130;20/08/2015
2015014980;1;2;1;1;6;130;27/07/2015
2015014981;1;2;1;1;1;130;19/08/2015
2015014982;1;2;1;1;7;130;20/08/2015
2015014983;1;2;1;1;6;130;20/08/2015
2015014984;1;2;1;1;2;130;17/08/2015
2015014985;5;2;1;1;2;130;21/08/2015
2015014986;5;2;3;1;3;130;21/08/2015
2015014987;5;2;1;1;6;130;22/08/2015
2015014988;1;2;1;1;2;130;21/08/2015
2015014989;5;2;1;1;2;130;23/08/2015
2015014990;5;2;1;1;6;130;23/08/2015
2015014991;1;2;1;1;6;130;23/08/2015
2015014992;1;1;1;1;4;130;22/08/2015
2015014993;1;2;1;1;3;130;24/08/2015
2015014994;5;2;1;1;3;130;24/08/2015
2015014995;1;2;3;1;3;130;24/08/2015
2015014996;1;2;1;1;6;130;25/08/2015
2015014997;1;2;1;1;6;130;25/08/2015
2015014998;2;2;1;1;3;130;25/08/2015
2015014999;1;2;1;1;6;130;26/08/2015
2015015000;1;2;7;1;6;130;22/08/2015
2015015001;5;2;1;1;1;130;26/08/2015
2015015002;1;1;1;1;3;130;27/08/2015
2015015003;1;2;1;1;3;130;27/08/2015
2015015004;1;2;1;1;3;130;27/08/2015
2015015005;1;2;1;1;3;130;27/08/2015
2015015006;1;2;1;1;3;130;27/08/2015
2015015007;1;2;1;1;2;130;27/08/2015
2015015008;1;2;1;1;3;130;27/08/2015
2015015009;1;2;1;1;3;130;24/07/2015
2015015010;1;2;2;1;1;130;28/08/2015
2015015011;1;2;1;1;1;130;28/08/2015
2015015012;1;2;1;1;6;130;28/08/2015
2015015013;5;2;1;1;5;130;28/08/2015
2015015014;1;2;6;1;6;130;12/03/2015
2015015015;5;2;1;1;7;130;29/08/2015
2015015016;1;2;1;1;1;130;29/08/2015
2015015017;5;2;1;1;2;130;30/08/2015
2015015018;1;2;1;1;2;130;10/08/2015
2015015019;1;2;1;1;2;130;27/08/2015
2015015020;1;1;1;1;6;130;31/08/2015
2015015021;1;2;1;1;5;130;31/08/2015
2015015022;5;2;1;1;7;130;31/08/2015
2015015023;1;2;3;1;3;130;01/09/2015
2015015024;1;2;1;1;3;130;01/09/2015
2015015025;1;2;3;1;2;130;01/09/2015
2015015026;1;2;1;1;3;130;01/09/2015
2015015027;1;2;2;1;6;130;02/09/2015
2015015028;1;2;1;1;1;130;02/09/2015
2015015029;5;2;2;1;3;130;02/09/2015
2015015030;1;2;1;1;6;130;03/09/2015
2015015031;1;2;1;1;2;130;03/09/2015
2015015032;5;2;6;1;7;130;04/09/2015
2015015033;1;2;1;1;2;130;03/09/2015
2015015034;1;2;1;1;6;130;03/09/2015
2015015035;5;2;1;1;6;130;04/09/2015
2015015036;5;2;1;1;3;130;04/09/2015
2015015037;1;1;1;1;1;130;03/09/2015
2015015038;1;2;1;1;1;130;03/09/2015
2015015039;2;2;1;1;3;130;29/08/2015
2015015040;1;2;1;1;3;130;03/09/2015
2015015041;1;2;1;1;6;130;06/09/2015
2015015042;2;2;1;1;6;130;06/09/2015
2015015043;1;2;1;1;2;130;02/09/2015
2015015044;1;2;1;1;4;130;06/09/2015
2015015045;1;2;1;1;3;130;06/09/2015
2015015046;1;2;1;1;4;130;06/09/2015
2015015047;5;2;2;1;6;130;28/02/2015
2015015048;1;2;1;1;7;130;07/09/2015
2015015049;1;2;1;1;1;130;07/09/2015
2015015050;1;2;2;1;1;130;07/09/2015
2015015051;1;2;1;1;6;130;07/09/2015
2015015052;1;2;1;1;6;130;07/09/2015
2015015053;2;2;1;1;3;130;07/09/2015
2015015054;1;2;1;1;6;130;08/09/2015
2015015055;1;2;1;1;6;130;08/09/2015
2015015056;1;2;1;1;2;130;08/09/2015
2015015057;5;2;1;2;6;130;15/03/2015
2015015058;1;2;3;1;3;130;08/09/2015
2015015059;5;2;1;1;2;130;08/09/2015
2015015060;5;1;1;1;6;130;09/09/2015
2015015061;1;2;1;1;1;130;07/09/2015
2015015062;1;2;1;1;3;130;09/09/2015
2015015063;1;2;1;1;3;130;09/09/2015
2015015064;1;2;3;1;1;130;09/09/2015
2015015065;2;1;1;1;4;130;19/08/2015
2015015066;1;2;1;1;6;130;09/09/2015
2015015067;1;1;1;1;2;130;09/09/2015
2015015068;5;2;1;1;2;130;28/02/2015
2015015069;1;2;3;1;3;130;09/09/2015
2015015070;5;2;1;1;6;130;09/09/2015
2015015071;1;1;1;1;6;130;09/09/2015
2015015072;1;2;1;1;3;130;10/09/2015
2015015073;1;2;2;1;6;130;10/09/2015
2015015074;1;1;1;1;2;130;10/09/2015
2015015075;1;2;2;1;3;130;09/09/2015
2015015076;1;2;1;1;3;130;10/09/2015
2015015077;5;2;1;1;6;130;10/09/2015
2015015078;1;2;1;1;6;130;10/09/2015
2015015079;1;2;1;1;5;130;11/09/2015
2015015080;5;2;2;1;3;130;24/08/2015
2015015081;1;2;1;1;6;130;09/09/2015
2015015082;5;2;1;1;6;130;11/09/2015
2015015083;1;2;1;1;7;130;11/09/2015
2015015084;5;2;1;2;6;130;12/09/2015
2015015085;1;2;1;1;2;130;31/08/2015
2015015086;1;2;2;1;3;130;11/09/2015
2015015087;1;2;1;1;2;130;03/09/2015
2015015088;1;2;1;1;6;130;11/09/2015
2015015089;1;2;1;1;3;130;11/09/2015
2015015090;1;2;1;1;3;130;31/08/2015
2015015091;1;2;1;1;2;130;25/08/2015
2015015092;1;2;1;1;4;130;12/09/2015
2015015093;1;2;1;1;3;130;12/09/2015
2015015094;2;2;1;1;3;130;12/09/2015
2015015095;1;2;1;1;3;130;18/08/2015
2015015096;2;2;1;1;6;130;19/08/2015
2015015097;1;2;1;1;6;130;13/09/2015
2015015098;1;2;1;1;3;130;14/08/2015
2015015099;1;2;1;1;3;130;13/09/2015
2015015100;1;2;1;1;2;130;13/09/2015
2015015101;1;2;1;1;2;130;11/09/2015
2015015102;1;1;1;1;4;130;11/09/2015
2015015103;1;1;1;1;3;130;14/09/2015
2015015104;1;2;1;1;3;130;14/09/2015
2015015105;1;2;1;1;6;130;14/09/2015
2015015106;1;2;1;1;6;130;14/09/2015
2015015107;1;2;1;1;6;130;15/09/2015
2015015108;1;2;1;1;2;130;14/09/2015
2015015109;1;2;1;1;1;130;15/09/2015
2015015110;1;2;1;1;5;130;12/09/2015
2015015111;1;2;1;1;2;130;15/09/2015
2015015112;1;2;1;8;4;130;15/09/2015
2015015113;2;2;1;2;7;130;16/09/2015
2015015114;1;2;1;8;3;130;16/09/2015
2015015115;1;2;1;8;7;130;16/09/2015
2015015116;1;2;2;1;3;130;16/09/2015
2015015117;1;2;3;1;6;130;16/09/2015
2015015118;1;2;5;1;7;130;11/09/2015
2015015119;2;2;1;1;2;130;10/09/2015
2015015120;1;2;1;1;3;130;17/08/2015
2015015121;1;2;3;1;2;130;17/09/2015
2015015122;1;2;1;1;3;130;11/09/2015
2015015123;1;2;1;2;2;130;17/09/2015
2015015124;1;2;3;1;3;130;14/09/2015
2015015125;1;2;1;1;6;130;17/09/2015
2015015126;1;2;2;1;6;130;01/08/2015
2015015127;1;2;1;1;3;130;17/09/2015
2015015128;1;2;1;1;3;130;17/09/2015
2015015129;5;2;1;1;7;130;18/09/2015
2015015130;1;2;1;1;2;130;18/09/2015
2015015131;1;2;1;1;3;130;18/09/2015
2015015132;1;2;1;1;5;130;18/09/2015
2015015133;1;2;3;1;3;130;18/09/2015
2015015134;1;2;1;1;6;130;24/01/2015
2015015135;1;2;1;1;3;130;18/09/2015
2015015136;1;2;1;1;2;130;18/09/2015
2015015137;1;2;1;1;2;130;18/09/2015
2015015138;1;2;3;1;6;130;19/09/2015
2015015139;1;2;1;1;3;130;19/09/2015
2015015140;1;2;2;1;3;130;19/09/2015
2015015141;1;2;1;1;6;130;19/09/2015
2015015142;5;2;1;1;3;130;19/09/2015
2015015143;1;2;1;1;2;130;21/08/2015
2015015144;1;1;1;1;6;130;08/09/2015
2015015145;2;2;1;1;3;130;20/09/2015
2015015146;1;2;1;1;1;130;21/09/2015
2015015147;1;2;1;1;3;130;21/09/2015
2015015148;1;2;1;1;6;130;21/09/2015
2015015149;1;2;3;1;2;130;18/09/2015
2015015150;1;2;1;1;1;130;21/09/2015
2015015151;1;2;1;1;1;130;21/09/2015
2015015152;5;2;1;1;6;130;21/09/2015
2015015153;1;2;3;1;3;130;21/09/2015