num_acc;lum;agg;inter;atm;col;dep;date
2015015734;1;2;6;1;2;130;17/12/2015
2015015735;1;2;2;1;3;130;07/12/2015
2015015736;1;2;1;1;3;130;11/12/2015
2015015737;2;2;1;1;6;130;18/12/2015
2015015738;1;2;4;1;3;130;13/12/2015
2015015739;1;2;1;1;6;130;18/12/2015
2015015740;5;2;2;1;2;130;17/12/2015
2015015741;5;2;1;1;2;130;18/12/2015
2015015742;1;2;3;1;1;130;18/12/2015
2015015743;1;2;1;1;2;130;19/12/2015
2015015744;1;2;1;1;2;130;15/12/2015
2015015745;1;2;1;1;3;130;14/12/2015
2015015746;1;1;1;1;5;130;19/12/2015
2015015747;5;2;1;1;3;130;19/12/2015
2015015748;5;2;1;1;6;130;19/12/2015
2015015749;3;1;1;1;6;130;19/12/2015
2015015750;5;2;1;1;2;130;19/12/2015
2015015751;5;2;1;1;6;130;20/12/2015
2015015752;1;2;1;2;2;130;20/12/2015
2015015753;2;2;1;1;6;130;22/12/2015
2015015754;1;2;1;8;6;130;22/12/2015
2015015755;1;2;1;1;6;130;22/12/2015
2015015756;5;2;1;1;6;130;22/12/2015
2015015757;1;2;1;1;6;130;19/12/2015
2015015758;1;2;3;1;1;130;11/12/2015
2015015759;1;2;1;1;3;130;20/12/2015
2015015760;2;2;1;1;2;130;18/12/2015
2015015761;5;2;1;1;7;130;23/12/2015
2015015762;5;2;1;1;6;130;23/12/2015
2015015763;1;1;1;2;6;130;21/12/2015
2015015764;1;2;1;1;3;130;24/12/2015
2015015765;5;2;1;1;6;130;22/12/2015
2015015766;5;2;1;1;1;130;24/12/2015
2015015767;5;2;1;1;6;130;25/12/2015
2015015768;1;2;3;1;5;130;26/12/2015
2015015769;1;2;1;1;3;130;21/12/2015
2015015770;1;2;1;1;6;130;27/12/2015
2015015771;2;2;1;1;2;130;09/12/2015
2015015772;5;2;1;1;6;130;27/12/2015
2015015773;5;2;3;1;2;130;17/12/2015
2015015774;1;2;1;1;6;130;28/12/2015
2015015775;2;2;1;1;6;130;28/12/2015
2015015776;1;2;3;1;3;130;10/12/2015
2015015777;1;2;2;1;6;130;29/12/2015
2015015778;1;2;1;1;3;130;29/12/2015
2015015779;1;2;1;1;2;130;29/12/2015
2015015780;1;2;1;1;3;130;29/12/2015
2015015781;1;2;1;1;3;130;29/12/2015
2015015782;1;2;1;1;1;130;29/12/2015
2015015783;5;2;1;1;4;130;29/12/2015
2015015784;5;2;1;1;3;130;29/12/2015
2015015785;1;2;1;1;6;130;23/12/2015
2015015786;1;2;1;1;3;130;29/12/2015
2015015787;1;2;6;1;1;130;28/12/2015
2015015788;1;2;1;1;2;130;30/12/2015
2015015789;1;1;1;1;3;130;30/12/2015
2015015790;5;2;1;1;6;130;29/12/2015
2015015791;5;2;1;1;6;130;30/12/2015
2015015792;5;2;1;1;3;130;31/12/2015
2015015793;1;2;9;1;7;130;31/12/2015
2015015794;1;2;1;1;2;130;31/12/2015
2015015795;1;2;1;1;6;130;20/02/2015
2015015796;1;2;1;1;5;130;04/01/2015
2015015797;5;2;1;1;7;130;26/01/2015
2015015798;1;2;1;1;2;130;12/02/2015
2015015799;1;2;1;1;6;130;07/01/2015
2015015800;5;2;1;1;6;130;15/01/2015
2015015801;1;2;1;1;6;130;23/01/2015
2015015802;5;2;1;1;6;130;03/01/2015
2015015803;1;2;1;2;6;130;29/01/2015
2015015804;5;2;1;1;6;130;09/01/2015
2015015805;1;2;1;1;6;130;23/01/2015
2015015806;1;2;1;1;4;130;28/01/2015
2015015807;1;2;1;1;6;130;04/03/2015
2015015808;1;2;1;1;2;130;05/03/2015
2015015809;1;2;1;1;6;130;12/03/2015
2015015810;1;2;1;1;6;130;11/03/2015
2015015811;1;2;1;1;1;130;10/01/2015
2015015812;1;1;1;1;2;130;18/03/2015
2015015813;1;1;1;1;3;130;02/11/2015
2015015814;5;1;1;1;1;130;24/01/2015
2015015815;1;2;1;1;6;130;10/12/2015
2015015816;1;1;1;1;2;130;09/04/2015
2015015817;1;2;1;1;2;130;28/01/2015
2015015818;1;2;1;1;6;130;17/03/2015
2015015819;1;2;1;1;3;130;22/11/2015
2015015820;3;1;1;2;1;130;29/01/2015
2015015821;3;1;1;1;7;130;07/04/2015
2015015822;1;2;1;1;6;130;10/12/2015
2015015823;1;2;1;1;6;130;09/01/2015
2015015824;1;2;1;1;6;130;05/12/2015
2015015825;1;2;1;1;5;130;23/04/2015
2015015826;1;2;1;1;6;130;09/02/2015
2015015827;1;2;1;1;6;130;22/12/2015
2015015828;1;1;1;1;4;130;26/03/2015
2015015829;1;2;1;1;6;130;10/02/2015
2015015830;1;1;1;1;2;130;25/11/2015
2015015831;1;2;1;1;3;130;04/03/2015
2015015832;1;1;1;1;2;130;23/11/2015
2015015833;1;2;1;1;2;130;17/04/2015
2015015834;1;2;3;1;3;130;01/12/2015
2015015835;1;1;1;1;3;130;10/03/2015
2015015836;1;1;1;2;6;130;27/04/2015
2015015837;5;1;1;1;6;130;25/12/2015
2015015838;1;1;1;1;3;130;12/03/2015
2015015839;1;2;1;1;2;130;15/04/2015
2015015840;1;2;3;1;3;130;08/12/2015
2015015841;1;2;1;1;3;130;22/04/2015
2015015842;1;2;1;1;6;130;17/11/2015
2015015843;1;2;1;1;6;130;08/04/2015
2015015844;2;1;1;2;1;130;08/12/2015
2015015845;1;1;1;1;5;130;10/04/2015
2015015846;1;1;1;1;3;130;30/11/2015
2015015847;1;1;1;1;2;130;17/04/2015
2015015848;2;2;1;1;6;130;10/07/2015
2015015849;1;1;1;1;2;130;06/11/2015
2015015850;1;1;1;1;2;130;16/05/2015
2015015851;3;2;1;1;1;130;11/11/2015
2015015852;1;2;1;1;6;130;25/05/2015
2015015853;1;2;1;1;6;130;30/05/2015
2015015854;1;2;1;1;6;130;20/05/2015
2015015855;1;2;1;1;6;130;16/06/2015
2015015856;1;1;1;1;2;130;23/05/2015
2015015857;2;1;1;1;6;130;27/06/2015
2015015858;2;1;1;1;2;130;20/05/2015
2015015859;1;2;1;1;1;130;03/06/2015
2015015860;1;2;1;1;1;130;13/09/2015
2015015861;1;2;2;1;2;130;15/06/2015
2015015862;1;2;1;1;5;130;05/09/2015
2015015863;1;2;6;1;3;130;14/06/2015
2015015864;1;2;1;1;2;130;24/06/2015
2015015865;1;1;1;1;2;130;29/08/2015
2015015866;1;2;1;1;1;130;08/08/2015
2015015867;1;2;1;1;6;130;13/07/2015
2015015868;1;2;1;1;4;130;15/07/2015
2015015869;1;2;1;1;7;130;05/07/2015
2015015870;1;2;1;1;6;130;23/07/2015
2015015871;1;1;1;1;6;130;22/07/2015
2015015872;1;1;1;1;1;130;07/07/2015
2015015873;1;2;1;1;3;130;02/08/2015
2015015874;1;1;1;1;3;130;06/08/2015
2015015875;2;1;1;1;5;130;07/08/2015
2015015876;5;1;1;1;1;130;08/08/2015
2015015877;5;1;1;1;1;130;21/08/2015
2015015878;1;1;1;1;5;130;31/08/2015
2015015879;1;1;1;1;1;130;15/09/2015
2015015880;1;1;1;1;3;130;10/09/2015
2015015881;1;2;1;1;1;130;02/09/2015
2015015882;1;2;1;1;1;130;26/09/2015
2015015883;1;1;1;1;7;130;25/09/2015
2015015884;1;2;1;1;6;130;04/10/2015
2015015885;1;1;1;1;2;130;15/10/2015
2015015886;1;2;1;1;3;130;16/10/2015
2015015887;1;1;3;1;1;130;01/10/2015
2015015888;1;1;1;2;1;130;12/10/2015
2015015889;1;2;1;1;1;130;15/10/2015
2015015890;2;2;3;1;3;130;23/10/2015
2015015891;5;2;1;1;6;130;09/10/2015
2015015892;1;2;1;1;5;130;28/10/2015
2015015893;1;1;1;1;6;130;17/02/2015
2015015894;1;1;1;1;6;130;16/03/2015
2015015895;1;2;1;1;6;130;03/05/2015
2015015896;1;1;1;1;2;130;09/08/2015
2015015897;2;2;3;1;3;130;15/08/2015
2015015898;1;2;4;2;3;130;18/10/2015
2015015899;3;1;6;1;1;130;23/08/2015
2015015900;1;1;9;1;3;130;24/08/2015
2015015901;3;1;1;1;1;130;30/09/2015
2015015902;5;2;4;1;4;130;06/12/2015
2015015903;1;2;1;1;6;130;07/12/2015
2015015904;1;1;1;1;7;300;02/01/2015
2015015905;1;2;1;1;7;300;18/03/2015
2015015906;1;2;1;1;2;300;03/01/2015
2015015907;1;1;1;1;6;300;20/03/2015
2015015908;1;1;1;1;7;300;04/01/2015
2015015909;1;1;1;1;3;300;08/04/2015
2015015910;1;2;2;1;6;130;06/01/2015
2015015911;1;1;1;1;3;300;30/03/2015
2015015912;1;2;1;1;2;300;09/01/2015
2015015913;1;1;1;1;7;300;08/04/2015
2015015914;1;1;1;1;2;130;12/01/2015
2015015915;1;1;1;1;7;130;18/04/2015
2015015916;3;1;1;1;2;130;14/01/2015
2015015917;1;2;1;1;6;130;18/04/2015
2015015918;5;2;1;1;6;130;15/01/2015
2015015919;1;1;1;1;7;300;21/04/2015
2015015920;3;1;1;3;1;130;16/01/2015
2015015921;1;1;1;1;7;300;23/04/2015
2015015922;1;2;3;1;3;130;21/01/2015
2015015923;1;2;2;1;3;300;24/04/2015
2015015924;1;1;3;1;3;130;23/01/2015
2015015925;1;1;1;1;5;300;28/04/2015
2015015926;1;1;1;1;7;130;23/01/2015
2015015927;1;1;1;1;4;130;28/04/2015
2015015928;1;1;2;1;3;300;24/01/2015
2015015929;1;1;1;1;7;300;08/05/2015
2015015930;1;2;1;1;3;130;30/01/2015
2015015931;1;1;1;1;7;300;09/05/2015
2015015932;3;1;1;4;7;130;04/02/2015
2015015933;3;1;1;1;7;300;09/05/2015
2015015934;1;1;1;1;7;300;09/02/2015
2015015935;1;1;1;1;1;130;15/05/2015
2015015936;1;2;1;1;6;130;09/02/2015
2015015937;1;2;1;1;1;300;17/05/2015
2015015938;1;2;1;1;6;130;12/02/2015
2015015939;1;1;1;1;6;300;18/05/2015
2015015940;1;1;1;1;3;130;13/02/2015
2015015941;1;1;1;1;3;130;19/05/2015
2015015942;5;2;1;2;1;130;14/02/2015
2015015943;1;1;1;1;7;300;19/05/2015
2015015944;1;1;1;1;7;300;25/02/2015
2015015945;1;1;1;1;6;300;26/05/2015
2015015946;1;2;1;1;2;130;28/02/2015
2015015947;1;1;2;1;3;300;20/05/2015
2015015948;1;1;1;2;7;130;01/03/2015
2015015949;1;1;1;1;7;300;01/06/2015
2015015950;1;1;1;6;7;130;05/03/2015
2015015951;1;1;1;1;6;300;02/06/2015
2015015952;2;1;1;1;6;130;12/03/2015
2015015953;1;1;1;1;3;300;04/06/2015
2015015954;1;1;1;1;3;130;14/03/2015
2015015955;1;2;2;1;3;130;04/06/2015
2015015956;2;1;1;1;7;130;15/03/2015
2015015957;1;2;1;1;3;300;05/06/2015
2015015958;1;2;1;1;6;300;06/06/2015
2015015959;1;1;1;1;7;130;08/06/2015
2015015960;1;1;2;1;3;300;12/06/2015
2015015961;1;2;1;3;5;300;16/06/2015
2015015962;1;1;2;1;3;130;17/06/2015
2015015963;1;1;2;1;2;300;19/06/2015
2015015964;1;1;1;1;7;130;19/06/2015
2015015965;1;1;1;1;7;130;22/06/2015
2015015966;1;1;1;1;7;300;22/06/2015
2015015967;1;1;1;1;3;300;23/06/2015
2015015968;1;1;1;1;1;300;23/06/2015
2015015969;1;1;6;1;3;130;25/06/2015
2015015970;1;1;1;1;7;130;25/06/2015
2015015971;5;2;1;1;1;300;07/07/2015
2015015972;1;1;1;1;3;130;07/07/2015
2015015973;5;1;1;1;7;300;09/07/2015
2015015974;2;1;1;1;7;300;07/07/2015
2015015975;1;1;1;1;7;130;12/07/2015
2015015976;1;1;1;1;3;300;15/07/2015
2015015977;1;1;1;1;3;130;18/07/2015
2015015978;1;1;1;1;7;130;19/07/2015
2015015979;1;2;1;1;6;300;20/07/2015
2015015980;2;1;1;1;3;130;21/07/2015
2015015981;1;2;1;1;6;130;22/07/2015
2015015982;1;2;1;1;6;300;25/07/2015
2015015983;1;2;1;1;3;130;31/07/2015
2015015984;2;1;1;1;7;130;03/08/2015
2015015985;1;2;1;1;2;130;11/08/2015
2015015986;3;1;1;1;6;130;15/08/2015
2015015987;3;1;1;1;7;130;15/08/2015
2015015988;1;2;6;1;3;300;16/08/2015
2015015989;5;2;1;1;7;300;16/08/2015
2015015990;1;1;1;1;7;130;15/08/2015
2015015991;1;1;1;1;1;130;25/08/2015
2015015992;1;1;1;1;7;130;28/08/2015
2015015993;1;1;2;1;3;300;28/08/2015
2015015994;2;1;1;1;3;300;28/08/2015
2015015995;1;1;6;1;3;130;01/09/2015
2015015996;1;1;1;1;7;130;04/09/2015
2015015997;1;1;2;1;3;300;04/09/2015
2015015998;3;2;9;1;3;300;06/09/2015
2015015999;1;2;1;1;1;300;08/09/2015
2015016000;1;1;1;1;3;300;10/09/2015
2015016001;1;2;1;1;6;130;15/09/2015
2015016002;1;2;3;1;3;300;17/09/2015
2015016003;1;1;4;1;3;130;18/09/2015
2015016004;1;2;1;1;2;300;01/10/2015
2015016005;1;1;1;1;6;300;03/10/2015
2015016006;1;2;1;1;3;130;07/10/2015
2015016007;1;1;1;1;6;130;17/10/2015
2015016008;1;1;1;6;7;300;22/10/2015
2015016009;1;1;6;1;7;300;23/10/2015
2015016010;1;2;1;1;1;300;02/11/2015
2015016011;1;1;6;1;1;300;10/11/2015
2015016012;3;1;1;1;1;300;10/11/2015
2015016013;3;1;1;1;1;130;13/11/2015
2015016014;3;1;1;1;7;300;15/11/2015
2015016015;1;1;1;1;7;300;25/11/2015
2015016016;1;2;1;1;7;130;04/01/2015
2015016017;1;2;6;2;3;130;20/03/2015
2015016018;1;1;1;1;5;130;05/01/2015
2015016019;5;2;1;1;1;130;21/03/2015
2015016020;1;1;1;1;2;130;06/01/2015
2015016021;1;1;1;2;2;130;21/03/2015
2015016022;1;1;1;1;2;130;07/01/2015
2015016023;1;2;3;1;7;130;23/03/2015
2015016024;3;1;1;1;6;130;23/03/2015
2015016025;2;2;3;1;3;130;10/01/2015
2015016026;1;2;9;1;3;130;19/03/2015
2015016027;1;1;1;8;3;130;13/01/2015
2015016028;1;1;1;1;1;130;24/03/2015
2015016029;1;1;3;1;7;130;13/01/2015
2015016030;1;1;1;8;2;130;16/01/2015
2015016031;1;2;1;1;3;130;09/06/2015
2015016032;1;1;1;2;6;130;16/01/2015
2015016033;1;1;1;8;2;130;25/03/2015
2015016034;3;1;1;2;7;130;16/01/2015
2015016035;1;1;1;1;7;130;01/04/2015
2015016036;3;1;1;2;6;130;19/01/2015
2015016037;5;2;1;1;1;130;28/03/2015
2015016038;5;2;1;2;5;130;19/01/2015
2015016039;1;2;1;1;2;130;04/04/2015
2015016040;1;1;1;1;2;130;23/01/2015
2015016041;1;2;1;1;3;130;04/04/2015
2015016042;5;2;1;1;6;130;31/01/2015
2015016043;1;2;1;1;7;130;05/04/2015
2015016044;1;1;1;1;2;130;02/02/2015
2015016045;1;2;3;1;6;130;07/04/2015
2015016046;3;1;1;1;6;130;04/02/2015
2015016047;1;1;1;1;2;130;07/04/2015
2015016048;1;2;2;1;3;130;03/02/2015
2015016049;1;1;4;1;4;130;08/04/2015
2015016050;2;2;1;4;2;130;05/02/2015
2015016051;1;1;1;1;7;130;06/04/2015
2015016052;1;2;1;4;2;130;05/02/2015
2015016053;3;1;1;1;3;130;29/12/2015
2015016054;1;1;1;1;1;130;04/04/2015
2015016055;1;2;2;1;2;130;05/02/2015
2015016056;1;1;1;1;6;130;14/04/2015
2015016057;1;2;1;1;5;130;07/02/2015
2015016058;1;1;3;1;3;130;18/04/2015
2015016059;1;2;1;1;2;130;10/02/2015
2015016060;1;1;9;1;6;130;21/04/2015
2015016061;1;2;4;1;3;130;10/02/2015
2015016062;1;2;2;1;3;130;22/04/2015
2015016063;1;2;1;1;2;130;11/02/2015
2015016064;1;2;3;1;1;130;22/04/2015
2015016065;1;1;1;1;2;130;12/02/2015
2015016066;1;1;1;1;2;130;23/04/2015
2015016067;1;2;4;1;1;130;16/02/2015
2015016068;1;1;1;1;2;130;24/04/2015
2015016069;1;1;1;1;7;130;17/02/2015
2015016070;5;1;1;1;1;130;24/04/2015
2015016071;1;2;3;1;3;130;22/02/2015
2015016072;1;1;1;1;4;130;28/04/2015
2015016073;1;1;1;1;6;130;24/02/2015
2015016074;1;1;1;1;2;130;28/04/2015
2015016075;1;1;9;1;3;130;24/02/2015
2015016076;1;2;3;1;2;130;30/04/2015
2015016077;1;2;1;1;7;130;23/02/2015
2015016078;1;2;2;1;1;130;01/05/2015
2015016079;1;2;9;1;6;130;25/02/2015
2015016080;1;2;1;1;2;130;04/05/2015
2015016081;1;2;1;1;6;130;27/02/2015
2015016082;1;1;1;1;7;130;08/05/2015
2015016083;5;2;1;1;6;130;02/03/2015
2015016084;1;2;1;1;2;130;09/05/2015
2015016085;1;2;1;1;7;130;02/05/2015
2015016086;5;2;1;1;6;130;07/03/2015
2015016087;2;1;1;1;7;130;12/05/2015
2015016088;1;2;1;1;3;130;12/05/2015
2015016089;1;2;1;1;6;130;08/03/2015
2015016090;1;2;1;1;2;130;10/03/2015
2015016091;1;2;1;1;6;130;13/05/2015
2015016092;2;2;1;1;2;130;10/03/2015
2015016093;1;2;1;1;7;130;15/05/2015
2015016094;1;1;1;1;2;130;11/03/2015
2015016095;1;2;1;1;1;130;16/05/2015
2015016096;1;1;6;1;3;130;11/03/2015
2015016097;1;2;1;1;2;130;20/05/2015
2015016098;2;2;1;1;3;130;12/03/2015
2015016099;1;1;1;1;2;130;24/05/2015
2015016100;5;2;1;1;7;130;13/03/2015
2015016101;1;1;1;1;3;130;27/05/2015
2015016102;1;2;1;1;3;130;28/05/2015
2015016103;1;2;4;1;6;130;28/05/2015
2015016104;1;2;2;1;3;130;28/05/2015
2015016105;1;2;1;1;3;130;29/05/2015
2015016106;1;2;1;1;2;130;29/05/2015
2015016107;1;1;1;1;6;130;30/05/2015
2015016108;1;1;1;1;6;130;01/06/2015
2015016109;1;1;1;1;2;130;01/06/2015
2015016110;1;1;1;1;3;130;03/06/2015
2015016111;1;1;1;1;1;130;03/06/2015
2015016112;1;1;1;1;3;130;04/06/2015
2015016113;1;2;1;1;2;130;04/06/2015
2015016114;1;1;1;1;2;130;06/06/2015
2015016115;1;1;1;1;7;130;07/06/2015
2015016116;1;2;1;1;6;130;09/06/2015
2015016117;1;2;1;1;3;130;10/06/2015
2015016118;1;1;1;1;1;130;11/06/2015
2015016119;1;1;1;1;6;130;11/06/2015
2015016120;1;1;1;1;3;130;11/06/2015
2015016121;1;1;1;1;2;130;15/06/2015
2015016122;1;1;2;1;3;130;22/06/2015
2015016123;1;1;1;1;2;130;23/06/2015
2015016124;1;1;3;1;3;130;29/06/2015
2015016125;3;2;1;1;7;130;29/06/2015
2015016126;1;2;1;1;3;130;02/07/2015
2015016127;1;1;2;1;3;130;02/07/2015
2015016128;1;2;1;1;3;130;03/07/2015
2015016129;1;1;1;1;1;130;10/07/2015
2015016130;1;2;1;1;2;130;11/07/2015
2015016131;1;2;1;1;2;130;13/07/2015
2015016132;1;1;9;1;3;130;16/07/2015
2015016133;1;2;3;1;3;130;16/07/2015
2015016134;5;2;1;1;1;130;17/07/2015
2015016135;1;2;1;1;3;130;18/07/2015
2015016136;1;1;1;1;6;130;23/07/2015
2015016137;1;1;9;1;3;130;24/07/2015
2015016138;1;1;1;1;2;130;23/07/2015
2015016139;3;1;3;1;1;130;27/07/2015
2015016140;1;1;1;1;2;130;29/07/2015
2015016141;1;1;1;1;5;130;31/07/2015
2015016142;1;2;3;1;3;130;01/08/2015
2015016143;1;1;1;1;3;130;02/08/2015
2015016144;1;1;1;1;4;130;02/08/2015
2015016145;1;1;3;1;3;130;05/08/2015
2015016146;1;2;6;1;7;130;06/08/2015
2015016147;1;2;3;1;3;130;08/08/2015
2015016148;1;2;1;1;2;130;10/08/2015
2015016149;1;1;1;1;7;130;10/08/2015
2015016150;1;2;9;1;6;130;10/08/2015
2015016151;2;2;1;1;3;130;10/08/2015
2015016152;1;1;1;1;6;130;13/08/2015
2015016153;1;2;1;1;6;130;12/08/2015
2015016154;1;1;2;1;3;130;14/08/2015
2015016155;1;2;1;1;2;130;15/08/2015
2015016156;5;2;1;1;7;130;16/08/2015
2015016157;1;2;3;1;3;130;20/08/2015
2015016158;1;1;1;1;6;130;21/08/2015
2015016159;1;1;1;1;7;130;28/08/2015
2015016160;1;1;1;1;5;130;29/08/2015
2015016161;5;2;1;1;7;130;30/07/2015
2015016162;1;1;1;1;7;130;31/08/2015
2015016163;1;2;1;1;2;130;01/09/2015
2015016164;1;1;4;1;2;130;02/09/2015
2015016165;1;1;1;1;4;130;01/09/2015
2015016166;1;1;1;1;6;130;03/09/2015
2015016167;1;1;1;1;7;130;07/09/2015
2015016168;1;1;1;1;1;130;08/09/2015
2015016169;3;1;1;1;7;130;08/09/2015
2015016170;2;2;1;1;3;130;10/09/2015
2015016171;1;1;1;1;3;130;10/09/2015
2015016172;1;1;1;1;3;130;10/09/2015
2015016173;1;2;1;1;2;130;11/09/2015
2015016174;1;1;6;1;1;130;04/09/2015
2015016175;1;1;1;1;2;130;18/09/2015
2015016176;1;1;2;1;1;130;19/09/2015
2015016177;1;1;1;1;1;130;23/09/2015
2015016178;1;2;1;1;2;130;24/09/2015
2015016179;5;1;1;1;2;130;24/09/2015
2015016180;2;2;2;1;3;130;24/09/2015
2015016181;1;2;2;1;2;130;25/09/2015
2015016182;1;2;3;1;3;130;25/09/2015
2015016183;3;1;1;1;6;130;27/09/2015
2015016184;1;1;1;1;1;130;27/09/2015
2015016185;1;1;1;1;2;130;28/09/2015
2015016186;1;2;3;1;1;130;29/09/2015
2015016187;1;1;1;1;2;130;30/09/2015
2015016188;1;2;1;1;6;130;02/10/2015
2015016189;3;1;1;1;7;130;02/10/2015
2015016190;1;2;2;1;3;130;02/10/2015
2015016191;1;1;1;1;3;130;02/10/2015
2015016192;1;2;1;1;6;130;05/10/2015
2015016193;2;2;1;1;6;130;06/10/2015
2015016194;1;2;1;1;1;130;08/10/2015
2015016195;2;1;3;1;3;130;08/10/2015
2015016196;5;1;1;1;2;130;10/10/2015
2015016197;1;2;1;1;3;130;08/10/2015
2015016198;1;1;9;2;3;130;12/10/2015
2015016199;1;1;1;2;1;130;19/10/2015
2015016200;3;2;1;1;6;130;19/10/2015
2015016201;1;1;1;8;6;130;19/10/2015
2015016202;1;2;6;1;3;130;23/10/2015
2015016203;1;1;1;1;1;130;23/10/2015
2015016204;1;2;6;1;3;130;24/10/2015
2015016205;1;1;1;1;2;130;26/10/2015
2015016206;1;1;2;1;3;130;26/10/2015
2015016207;2;2;1;1;6;130;29/10/2015
2015016208;1;2;6;1;1;130;29/10/2015
2015016209;1;1;1;1;2;130;30/10/2015
2015016210;1;2;6;1;6;130;31/10/2015
2015016211;1;1;2;1;3;130;31/10/2015
2015016212;1;1;1;1;3;130;02/11/2015
2015016213;1;1;1;8;7;130;03/11/2015
2015016214;1;1;1;8;7;130;03/11/2015
2015016215;5;1;3;1;1;130;04/11/2015
2015016216;1;1;1;1;2;130;05/11/2015
2015016217;1;2;1;1;2;130;05/11/2015
2015016218;1;2;1;1;3;130;05/11/2015
2015016219;5;1;1;1;2;130;05/11/2015
2015016220;5;2;6;1;2;130;06/11/2015
2015016221;1;2;1;1;6;130;06/11/2015
2015016222;5;2;1;1;6;130;07/11/2015
2015016223;3;1;1;1;4;130;03/11/2015
2015016224;2;1;1;1;1;130;12/11/2015
2015016225;1;2;1;1;2;130;16/11/2015
2015016226;1;2;6;1;3;130;18/11/2015
2015016227;1;2;1;1;4;130;19/11/2015
2015016228;1;1;2;1;1;130;20/11/2015
2015016229;1;1;6;1;3;130;15/11/2015
2015016230;1;1;1;1;6;130;21/11/2015
2015016231;1;2;6;1;3;130;25/11/2015
2015016232;1;2;3;1;3;130;18/11/2015
2015016233;1;2;3;1;3;130;26/11/2015
2015016234;1;2;1;6;6;130;26/11/2015
2015016235;1;2;1;1;3;130;26/11/2015
2015016236;2;2;1;1;2;130;27/11/2015
2015016237;5;2;2;1;3;130;30/11/2015
2015016238;1;1;1;1;2;130;01/12/2015
2015016239;1;2;6;1;1;130;01/12/2015
2015016240;1;2;1;1;3;130;02/12/2015
2015016241;1;1;1;1;7;130;03/12/2015
2015016242;1;1;1;2;7;130;05/12/2015
2015016243;5;1;1;1;6;130;05/12/2015
2015016244;1;1;1;1;6;130;06/12/2015
2015016245;5;1;1;1;6;130;27/11/2015
2015016246;2;1;1;1;6;130;06/12/2015
2015016247;5;2;1;2;7;130;08/12/2015
2015016248;3;1;1;1;6;130;09/12/2015
2015016249;1;2;6;1;6;130;11/12/2015
2015016250;5;1;1;2;6;130;13/12/2015
2015016251;1;2;2;1;3;130;17/12/2015
2015016252;1;2;2;1;3;130;17/12/2015
2015016253;5;2;1;1;3;130;17/12/2015
2015016254;1;1;1;1;6;130;18/12/2015
2015016255;5;2;1;1;6;130;20/12/2015
2015016256;1;1;1;1;2;130;21/12/2015
2015016257;1;1;1;1;2;130;22/12/2015
2015016258;1;1;9;1;3;130;23/12/2015
2015016259;5;2;1;1;6;130;25/12/2015
2015016260;4;1;1;1;1;130;24/12/2015
2015016261;5;1;2;1;2;130;26/12/2015
2015016262;1;2;1;1;2;130;29/12/2015
2015016263;1;1;1;1;7;130;30/12/2015
2015016264;1;1;1;8;6;130;31/12/2015
2015016265;1;1;1;1;3;680;30/01/2015
2015016266;3;1;1;1;3;680;08/02/2015
2015016267;1;1;1;1;7;680;11/02/2015
2015016268;1;1;1;5;4;680;13/02/2015
2015016269;1;1;1;1;2;680;19/02/2015
2015016270;1;1;1;1;2;680;24/02/2015
2015016271;1;1;1;1;6;680;26/02/2015
2015016272;1;1;1;1;2;680;02/03/2015
2015016273;1;1;1;1;6;680;20/03/2015
2015016274;1;1;1;1;4;680;09/04/2015
2015016275;3;1;1;1;7;680;12/04/2015
2015016276;3;1;1;1;3;680;10/05/2015
2015016277;1;1;1;1;5;680;11/05/2015
2015016278;1;1;1;1;2;680;05/06/2015
2015016279;1;1;1;1;2;680;06/06/2015
2015016280;1;1;6;1;6;680;10/06/2015
2015016281;1;1;1;2;2;680;15/06/2015
2015016282;1;1;1;1;6;680;26/06/2015
2015016283;1;1;1;1;2;680;02/07/2015
2015016284;2;1;1;1;2;680;04/07/2015
2015016285;1;1;1;8;6;680;16/08/2015
2015016286;1;1;1;1;2;680;20/08/2015
2015016287;3;1;1;1;7;680;12/09/2015
2015016288;1;1;1;3;3;680;17/09/2015
2015016289;1;1;1;1;4;680;02/10/2015
2015016290;2;1;1;1;3;680;13/10/2015
2015016291;3;1;1;5;6;680;31/10/2015
2015016292;1;1;1;2;2;680;20/11/2015
2015016293;1;1;3;1;3;680;26/12/2015
2015016294;1;1;1;1;2;680;28/12/2015
2015016295;3;1;1;1;6;780;19/01/2015
2015016296;1;1;1;1;6;780;12/03/2015
2015016297;1;1;1;6;7;780;16/09/2015
2015016298;1;1;1;7;1;330;02/07/2015
2015016299;1;1;1;1;5;720;27/01/2015
2015016300;1;1;1;1;7;720;31/03/2015
2015016301;1;1;1;1;7;720;19/04/2015
2015016302;1;2;1;1;3;720;10/07/2015
2015016303;2;1;1;1;3;720;21/07/2015
2015016304;1;1;1;1;1;720;23/07/2015
2015016305;1;1;1;1;6;720;03/08/2015
2015016306;1;1;1;1;5;720;29/08/2015
2015016307;1;1;1;1;6;720;13/09/2015
2015016308;1;1;1;1;6;720;25/09/2015
2015016309;1;1;1;1;7;720;03/10/2015
2015016310;4;1;1;1;3;720;02/11/2015
2015016311;3;1;1;1;7;720;05/12/2015
2015016312;1;1;1;1;3;720;08/03/2015