num_acc;lum;agg;inter;atm;col;dep;date
2015019220;1;1;1;1;6;770;20/01/2015
2015019221;2;1;1;1;7;770;08/02/2015
2015019222;1;1;2;1;3;770;04/07/2015
2015019223;5;2;1;1;6;770;04/10/2015
2015019224;1;1;1;1;7;690;09/06/2015
2015019225;1;1;1;1;1;690;09/07/2015
2015019226;1;2;1;1;6;690;14/08/2015
2015019227;1;2;1;1;3;690;22/09/2015
2015019228;5;2;1;2;3;690;21/11/2015
2015019229;5;2;1;1;6;590;01/08/2015
2015019230;2;1;1;1;1;660;12/11/2015
2015019231;1;2;1;1;4;170;08/01/2015
2015019232;1;2;1;2;2;170;20/03/2015
2015019233;1;2;1;1;7;170;24/12/2015
2015019234;5;2;1;1;7;170;09/01/2015
2015019235;1;2;1;2;7;170;27/03/2015
2015019236;5;2;1;1;7;170;15/01/2015
2015019237;1;1;1;1;7;170;31/03/2015
2015019238;1;2;3;1;3;170;13/02/2015
2015019239;1;2;2;1;3;170;24/04/2015
2015019240;5;2;2;2;3;170;16/02/2015
2015019241;1;2;2;1;3;170;04/04/2015
2015019242;5;2;1;1;7;170;25/02/2015
2015019243;1;2;1;1;2;170;14/04/2015
2015019244;1;1;1;1;1;170;25/04/2015
2015019245;1;2;1;1;2;170;08/03/2015
2015019246;3;1;1;1;1;170;13/03/2015
2015019247;1;1;1;1;2;170;14/05/2015
2015019248;5;2;2;1;3;170;14/03/2015
2015019249;1;1;1;1;2;170;22/05/2015
2015019250;5;2;1;1;6;170;15/03/2015
2015019251;1;2;1;1;7;170;24/05/2015
2015019252;1;2;1;1;6;170;30/05/2015
2015019253;1;2;2;1;3;170;04/06/2015
2015019254;1;1;1;1;7;170;11/06/2015
2015019255;1;2;1;1;4;170;29/06/2015
2015019256;1;1;1;1;2;170;07/07/2015
2015019257;2;2;2;1;3;170;22/07/2015
2015019258;1;2;2;1;3;170;24/07/2015
2015019259;1;2;1;2;7;170;25/07/2015
2015019260;2;1;1;1;3;170;25/07/2015
2015019261;1;2;6;1;3;170;28/07/2015
2015019262;5;1;1;1;2;170;31/07/2015
2015019263;1;1;2;1;3;170;01/08/2015
2015019264;1;2;3;1;3;170;01/08/2015
2015019265;1;2;1;1;3;170;15/08/2015
2015019266;1;2;1;1;7;170;20/08/2015
2015019267;1;2;6;1;3;170;20/08/2015
2015019268;1;1;1;1;4;170;21/08/2015
2015019269;1;2;1;1;3;170;29/08/2015
2015019270;3;2;1;1;7;170;06/09/2015
2015019271;1;1;1;2;1;170;18/09/2015
2015019272;1;2;1;1;7;170;25/09/2015
2015019273;1;2;1;1;7;170;27/09/2015
2015019274;1;2;2;1;3;170;01/10/2015
2015019275;1;2;2;1;3;170;05/10/2015
2015019276;1;2;2;1;3;170;19/10/2015
2015019277;5;2;1;1;2;170;23/10/2015
2015019278;5;2;1;1;1;170;26/10/2015
2015019279;1;2;1;1;7;170;28/10/2015
2015019280;5;2;4;1;7;170;14/11/2015
2015019281;1;2;2;1;3;170;18/11/2015
2015019282;1;1;1;1;7;170;17/12/2015
2015019283;1;2;1;1;3;170;05/01/2015
2015019284;5;2;1;1;3;170;29/12/2015
2015019285;1;1;1;2;7;170;10/01/2015
2015019286;2;2;1;1;2;170;13/01/2015
2015019287;1;2;1;1;3;170;14/01/2015
2015019288;1;2;1;1;6;170;25/03/2015
2015019289;1;2;1;1;3;170;15/01/2015
2015019290;1;2;1;1;6;170;25/03/2015
2015019291;5;2;2;1;3;170;21/01/2015
2015019292;1;1;1;2;2;170;21/01/2015
2015019293;1;2;2;1;3;170;26/03/2015
2015019294;3;2;2;1;3;170;26/01/2015
2015019295;1;2;2;1;3;170;27/01/2015
2015019296;5;2;6;1;6;170;01/02/2015
2015019297;1;1;1;1;4;170;27/03/2015
2015019298;5;2;1;1;6;170;01/02/2015
2015019299;1;2;1;1;3;170;02/02/2015
2015019300;1;2;2;2;3;170;30/03/2015
2015019301;2;2;1;1;7;170;11/02/2015
2015019302;1;2;2;1;3;170;01/04/2015
2015019303;5;2;2;1;3;170;15/02/2015
2015019304;2;2;3;1;2;170;16/02/2015
2015019305;5;2;1;1;6;170;02/04/2015
2015019306;1;2;1;1;6;170;28/02/2015
2015019307;1;2;1;1;6;170;05/04/2015
2015019308;2;2;1;1;7;170;06/04/2015
2015019309;4;2;1;3;6;170;01/03/2015
2015019310;2;2;4;1;3;170;06/04/2015
2015019311;1;2;2;1;3;170;03/03/2015
2015019312;1;2;1;1;6;170;07/04/2015
2015019313;1;2;1;1;2;170;05/03/2015
2015019314;1;2;2;1;3;170;07/04/2015
2015019315;3;2;1;1;7;170;04/03/2015
2015019316;1;2;1;1;6;170;08/04/2015
2015019317;1;1;1;1;4;170;11/03/2015
2015019318;1;2;1;1;3;170;08/04/2015
2015019319;1;2;1;1;6;170;08/04/2015
2015019320;1;2;1;2;2;170;10/04/2015
2015019321;1;2;1;1;6;170;14/04/2015
2015019322;1;1;1;1;2;170;14/04/2015
2015019323;1;2;1;1;2;170;15/04/2015
2015019324;1;2;1;1;6;170;16/04/2015
2015019325;1;1;1;2;3;170;16/04/2015
2015019326;2;2;1;1;6;170;18/04/2015
2015019327;1;2;1;1;1;170;19/04/2015
2015019328;1;1;1;1;4;170;20/04/2015
2015019329;1;1;1;1;2;170;21/04/2015
2015019330;1;2;1;1;3;170;22/04/2015
2015019331;5;2;1;1;7;170;23/04/2015
2015019332;1;2;1;1;2;170;24/04/2015
2015019333;1;2;1;1;3;170;25/04/2015
2015019334;1;2;1;1;1;170;25/04/2015
2015019335;1;2;3;1;3;170;27/04/2015
2015019336;1;2;1;1;6;170;28/04/2015
2015019337;1;2;1;1;1;170;03/05/2015
2015019338;2;2;1;1;3;170;03/05/2015
2015019339;1;2;1;1;7;170;10/05/2015
2015019340;5;2;1;1;2;170;13/05/2015
2015019341;1;2;1;1;3;170;19/05/2015
2015019342;1;2;1;1;3;170;24/05/2015
2015019343;5;2;1;1;7;170;25/05/2015
2015019344;1;2;1;1;6;170;25/05/2015
2015019345;1;1;1;1;5;170;27/05/2015
2015019346;5;2;1;1;6;170;28/05/2015
2015019347;1;2;2;1;3;170;28/05/2015
2015019348;1;2;2;1;3;170;28/05/2015
2015019349;1;2;6;1;3;170;30/05/2015
2015019350;1;2;2;1;3;170;01/06/2015
2015019351;1;2;1;1;4;170;02/06/2015
2015019352;1;2;1;1;2;170;03/06/2015
2015019353;1;2;3;1;1;170;04/06/2015
2015019354;1;2;1;1;3;170;04/06/2015
2015019355;1;2;1;1;7;170;07/06/2015
2015019356;1;2;1;1;2;170;10/06/2015
2015019357;5;2;1;2;6;170;12/06/2015
2015019358;1;1;1;1;4;170;12/06/2015
2015019359;1;2;6;1;6;170;12/06/2015
2015019360;1;2;2;1;3;170;15/06/2015
2015019361;1;2;2;1;3;170;18/06/2015
2015019362;1;2;1;1;2;170;17/06/2015
2015019363;1;2;1;1;2;170;19/06/2015
2015019364;1;2;1;1;7;170;20/06/2015
2015019365;1;2;1;1;1;170;22/06/2015
2015019366;1;2;1;1;6;170;22/06/2015
2015019367;1;2;2;1;3;170;23/06/2015
2015019368;1;2;1;1;3;170;26/06/2015
2015019369;5;2;2;1;3;170;01/07/2015
2015019370;1;2;1;1;2;170;02/07/2015
2015019371;1;2;1;1;6;170;03/07/2015
2015019372;1;2;1;1;3;170;07/07/2015
2015019373;5;2;2;1;7;170;09/07/2015
2015019374;1;2;1;1;1;170;09/07/2015
2015019375;1;2;1;1;2;170;09/07/2015
2015019376;1;2;1;1;6;170;10/07/2015
2015019377;1;2;1;1;3;170;11/07/2015
2015019378;5;2;3;1;7;170;12/07/2015
2015019379;5;2;1;1;7;170;12/07/2015
2015019380;5;2;2;1;3;170;13/07/2015
2015019381;1;2;1;1;6;170;14/07/2015
2015019382;5;2;1;1;4;170;15/07/2015
2015019383;1;2;1;1;7;170;15/07/2015
2015019384;1;2;1;1;6;170;15/07/2015
2015019385;1;2;2;1;1;170;22/07/2015
2015019386;1;2;1;1;2;170;22/07/2015
2015019387;1;1;1;1;7;170;22/07/2015
2015019388;1;2;3;1;4;170;24/07/2015
2015019389;5;2;1;1;7;170;25/07/2015
2015019390;1;2;1;1;6;170;27/07/2015
2015019391;1;2;1;2;2;170;28/07/2015
2015019392;1;2;1;1;6;170;30/07/2015
2015019393;1;2;1;1;2;170;30/07/2015
2015019394;1;2;1;1;2;170;31/07/2015
2015019395;1;1;1;1;7;170;01/08/2015
2015019396;1;2;1;1;2;170;04/08/2015
2015019397;1;2;2;1;3;170;05/08/2015
2015019398;1;2;1;1;3;170;10/08/2015
2015019399;1;2;1;1;2;170;10/08/2015
2015019400;1;2;1;1;3;170;10/08/2015
2015019401;5;2;1;1;7;170;12/08/2015
2015019402;1;2;1;1;6;170;14/08/2015
2015019403;1;2;9;1;7;170;14/08/2015
2015019404;1;1;1;1;4;170;15/08/2015
2015019405;1;2;6;1;2;170;17/08/2015
2015019406;1;2;1;1;6;170;20/08/2015
2015019407;1;2;1;1;3;170;20/08/2015
2015019408;1;2;1;1;2;170;21/08/2015
2015019409;5;2;6;1;2;170;21/08/2015
2015019410;1;2;2;1;3;170;22/08/2015
2015019411;1;2;2;1;3;170;29/08/2015
2015019412;1;2;1;1;2;170;31/08/2015
2015019413;1;2;2;1;4;170;01/09/2015
2015019414;1;1;1;1;2;170;01/09/2015
2015019415;1;2;2;1;3;170;02/09/2015
2015019416;1;2;6;1;6;170;03/09/2015
2015019417;1;2;2;1;2;170;03/09/2015
2015019418;1;2;2;1;6;170;03/09/2015
2015019419;1;1;1;1;2;170;03/09/2015
2015019420;1;1;1;1;2;170;03/09/2015
2015019421;1;2;1;1;3;170;03/09/2015
2015019422;1;2;1;1;2;170;04/09/2015
2015019423;1;2;1;1;4;170;04/09/2015
2015019424;1;2;1;1;3;170;07/09/2015
2015019425;1;2;2;1;1;170;07/09/2015
2015019426;1;2;1;1;7;170;08/09/2015
2015019427;1;2;1;1;6;170;08/09/2015
2015019428;5;2;1;1;7;170;08/09/2015
2015019429;1;2;6;1;3;170;09/09/2015
2015019430;1;2;1;1;3;170;10/09/2015
2015019431;1;2;1;1;2;170;10/09/2015
2015019432;5;2;1;1;6;170;11/09/2015
2015019433;1;1;1;1;6;170;11/09/2015
2015019434;1;2;1;1;6;170;11/09/2015
2015019435;5;2;1;1;1;170;11/09/2015
2015019436;1;2;1;1;2;170;13/09/2015
2015019437;1;2;2;2;6;170;14/09/2015
2015019438;1;2;1;1;6;170;15/09/2015
2015019439;1;2;6;1;6;170;16/09/2015
2015019440;1;2;1;1;3;170;18/09/2015
2015019441;1;1;1;1;2;170;18/09/2015
2015019442;4;2;1;1;6;170;18/09/2015
2015019443;1;2;1;1;6;170;19/09/2015
2015019444;1;2;1;1;5;170;22/09/2015
2015019445;1;2;2;1;5;170;23/09/2015
2015019446;1;2;1;1;6;170;25/09/2015
2015019447;3;1;1;1;6;170;27/09/2015
2015019448;1;2;2;1;3;170;28/09/2015
2015019449;1;1;2;1;3;170;28/09/2015
2015019450;1;2;6;1;3;170;28/09/2015
2015019451;1;2;3;1;2;170;29/09/2015
2015019452;1;2;2;1;2;170;30/09/2015
2015019453;5;2;4;1;1;170;30/09/2015
2015019454;1;2;3;1;3;170;08/10/2015
2015019455;1;1;1;1;3;170;08/10/2015
2015019456;1;2;2;1;3;170;09/10/2015
2015019457;1;2;1;1;7;170;09/10/2015
2015019458;1;2;1;1;3;170;09/10/2015
2015019459;1;2;3;1;3;170;09/10/2015
2015019460;2;2;2;1;3;170;12/10/2015
2015019461;1;2;6;1;3;170;13/10/2015
2015019462;1;2;1;1;6;170;14/10/2015
2015019463;1;2;1;1;3;170;14/10/2015
2015019464;1;2;1;1;1;170;15/10/2015
2015019465;2;1;1;1;6;170;17/10/2015
2015019466;1;2;6;1;2;170;17/10/2015
2015019467;1;2;2;1;3;170;17/10/2015
2015019468;2;2;1;1;6;170;18/10/2015
2015019469;5;2;2;1;3;170;24/10/2015
2015019470;1;2;2;1;6;170;26/10/2015
2015019471;5;2;2;1;3;170;30/10/2015
2015019472;5;2;2;1;3;170;01/11/2015
2015019473;1;2;2;1;2;170;02/11/2015
2015019474;1;1;1;1;7;170;02/11/2015
2015019475;3;1;1;1;6;170;05/11/2015
2015019476;2;2;1;1;7;170;06/11/2015
2015019477;2;1;1;1;3;170;08/11/2015
2015019478;5;2;1;1;6;170;08/11/2015
2015019479;1;2;1;1;3;170;13/11/2015
2015019480;1;2;1;2;7;170;13/11/2015
2015019481;5;2;6;1;3;170;13/11/2015
2015019482;3;1;1;1;4;170;16/11/2015
2015019483;5;2;1;1;1;170;16/11/2015
2015019484;1;1;1;1;7;170;19/11/2015
2015019485;2;2;1;1;6;170;20/11/2015
2015019486;5;2;1;1;6;170;22/11/2015
2015019487;5;2;1;1;6;170;24/11/2015
2015019488;5;2;6;1;3;170;24/11/2015
2015019489;2;2;1;1;6;170;25/11/2015
2015019490;1;2;1;1;6;170;27/11/2015
2015019491;5;2;1;2;1;170;27/11/2015
2015019492;3;1;1;1;7;170;28/11/2015
2015019493;1;2;9;1;2;170;28/11/2015
2015019494;1;2;1;1;6;170;28/11/2015
2015019495;1;2;1;1;1;170;02/12/2015
2015019496;1;1;1;1;4;170;02/12/2015
2015019497;5;2;1;1;2;170;03/12/2015
2015019498;5;2;1;1;6;170;04/12/2015
2015019499;1;2;6;1;6;170;05/12/2015
2015019500;5;2;1;1;3;170;05/12/2015
2015019501;5;2;9;1;1;170;05/12/2015
2015019502;5;1;1;1;7;170;06/12/2015
2015019503;5;2;1;1;2;170;09/12/2015
2015019504;1;2;1;1;2;170;09/12/2015
2015019505;2;2;1;1;1;170;11/12/2015
2015019506;1;2;1;1;2;170;11/12/2015
2015019507;1;2;9;1;6;170;11/12/2015
2015019508;1;2;1;1;2;170;14/12/2015
2015019509;1;2;1;1;2;170;14/12/2015
2015019510;1;2;1;1;6;170;16/12/2015
2015019511;5;2;1;1;6;170;16/12/2015
2015019512;3;2;1;2;1;170;18/12/2015
2015019513;3;1;1;1;2;170;23/12/2015
2015019514;3;2;1;1;7;170;02/01/2015
2015019515;1;2;1;1;6;170;05/11/2015
2015019516;1;2;3;1;6;170;26/03/2015
2015019517;1;2;1;1;6;170;02/01/2015
2015019518;3;1;1;5;2;170;10/11/2015
2015019519;5;2;3;1;2;170;30/03/2015
2015019520;1;2;1;1;2;170;02/01/2015
2015019521;1;2;1;1;7;170;11/11/2015
2015019522;3;1;1;1;6;170;04/04/2015
2015019523;1;2;2;1;3;170;21/11/2015
2015019524;1;1;3;1;6;170;12/04/2015
2015019525;1;2;1;1;6;170;08/01/2015
2015019526;2;2;1;1;6;170;21/11/2015
2015019527;1;2;1;1;1;170;21/01/2015
2015019528;2;2;1;1;6;170;19/04/2015
2015019529;1;2;2;1;3;170;24/11/2015
2015019530;1;2;1;1;2;170;23/01/2015
2015019531;1;2;2;1;6;170;25/04/2015
2015019532;2;2;1;1;6;170;01/12/2015
2015019533;1;2;1;1;6;170;23/01/2015
2015019534;1;2;1;1;4;170;28/04/2015
2015019535;1;2;1;1;3;170;02/12/2015
2015019536;3;2;1;2;4;170;29/01/2015
2015019537;1;2;1;1;6;170;09/05/2015
2015019538;1;2;1;1;6;170;31/01/2015
2015019539;1;2;3;1;3;170;11/05/2015
2015019540;5;2;1;1;2;170;27/12/2015
2015019541;1;2;3;2;3;170;02/02/2015
2015019542;1;2;2;1;3;170;13/05/2015
2015019543;1;2;1;1;6;170;29/12/2015
2015019544;5;2;1;1;6;170;16/02/2015
2015019545;1;2;1;1;6;170;15/05/2015
2015019546;1;2;3;1;2;170;17/02/2015
2015019547;1;2;1;1;6;170;16/05/2015
2015019548;2;2;1;1;6;170;20/02/2015
2015019549;1;2;6;1;2;170;20/05/2015
2015019550;1;2;1;1;2;170;25/02/2015
2015019551;1;2;3;1;3;170;25/05/2015
2015019552;1;2;1;3;6;170;28/02/2015
2015019553;2;1;1;1;2;170;02/06/2015
2015019554;1;2;1;1;6;170;04/03/2015
2015019555;1;2;5;1;1;170;06/06/2015
2015019556;2;2;3;1;3;170;10/03/2015
2015019557;1;2;1;1;1;170;15/06/2015
2015019558;2;2;1;1;6;170;19/06/2015
2015019559;5;2;1;1;6;170;23/06/2015
2015019560;1;2;2;1;3;170;24/06/2015
2015019561;1;2;3;1;3;170;27/06/2015
2015019562;1;1;2;1;1;170;30/06/2015
2015019563;1;2;1;2;2;170;03/07/2015
2015019564;1;1;1;1;7;170;04/07/2015
2015019565;1;1;1;1;3;170;05/07/2015
2015019566;1;2;2;1;3;170;10/07/2015
2015019567;1;2;2;1;3;170;10/07/2015
2015019568;1;2;3;1;2;170;12/07/2015
2015019569;1;2;1;1;3;170;13/07/2015
2015019570;5;2;1;1;6;170;14/07/2015
2015019571;1;2;2;1;3;170;15/07/2015
2015019572;2;2;1;1;7;170;19/07/2015
2015019573;1;2;1;1;6;170;20/07/2015
2015019574;1;2;3;1;3;170;23/07/2015
2015019575;2;2;3;1;3;170;24/07/2015
2015019576;1;2;1;1;3;170;27/07/2015
2015019577;1;1;1;1;3;170;30/07/2015
2015019578;1;2;1;1;1;170;31/07/2015
2015019579;3;2;1;1;6;170;01/08/2015
2015019580;1;2;1;1;6;170;01/08/2015
2015019581;2;2;1;1;1;170;01/08/2015
2015019582;2;2;1;1;6;170;04/08/2015
2015019583;1;2;3;1;3;170;08/08/2015
2015019584;1;2;3;1;3;170;10/08/2015
2015019585;1;2;3;1;3;170;10/08/2015
2015019586;5;2;1;3;7;170;13/08/2015
2015019587;1;2;1;1;7;170;14/08/2015
2015019588;3;1;1;1;7;170;15/08/2015
2015019589;1;2;1;1;6;170;15/08/2015
2015019590;1;2;1;1;3;170;17/08/2015
2015019591;1;2;1;1;3;170;19/08/2015
2015019592;2;2;6;1;3;170;27/08/2015
2015019593;1;2;2;1;6;170;28/08/2015
2015019594;5;2;1;1;6;170;01/09/2015
2015019595;5;2;1;1;6;170;03/09/2015
2015019596;5;2;1;1;7;170;05/09/2015
2015019597;1;2;1;1;2;170;29/09/2015
2015019598;1;2;1;1;2;170;08/10/2015
2015019599;1;2;6;1;6;170;13/10/2015
2015019600;1;2;1;1;6;170;13/10/2015
2015019601;1;2;1;1;2;170;16/10/2015
2015019602;1;2;3;1;3;170;16/10/2015
2015019603;1;2;1;1;6;170;19/10/2015
2015019604;1;2;1;1;6;170;21/10/2015
2015019605;5;2;2;1;6;170;28/10/2015
2015019606;1;2;1;1;2;170;29/10/2015
2015019607;2;2;2;1;3;170;01/11/2015
2015019608;1;1;1;1;1;400;01/06/2015
2015019609;3;1;1;9;6;270;11/01/2015
2015019610;1;1;1;2;6;270;28/03/2015
2015019611;1;1;1;1;6;270;05/06/2015
2015019612;1;1;1;1;6;270;16/07/2015
2015019613;1;1;1;1;2;270;23/10/2015
2015019614;1;1;1;1;7;270;27/10/2015
2015019615;1;1;1;1;6;610;12/09/2015
2015019616;3;1;1;1;6;610;17/12/2015
2015019617;1;2;3;1;3;170;04/01/2015
2015019618;1;2;1;1;6;170;03/04/2015
2015019619;1;2;1;1;6;170;27/11/2015
2015019620;3;1;1;1;6;170;17/01/2015
2015019621;1;2;1;1;6;170;08/04/2015
2015019622;2;2;1;1;2;170;02/12/2015
2015019623;2;1;1;1;6;170;25/01/2015
2015019624;1;1;1;1;1;170;12/12/2015
2015019625;1;2;1;1;6;170;04/03/2015
2015019626;1;1;1;1;6;170;28/01/2015
2015019627;1;2;1;1;6;170;10/03/2015
2015019628;2;2;3;1;2;170;13/12/2015
2015019629;3;1;1;1;6;170;31/01/2015
2015019630;1;2;1;1;6;170;18/03/2015
2015019631;3;1;6;1;6;170;31/01/2015
2015019632;2;2;1;1;6;170;20/03/2015
2015019633;1;2;2;1;6;170;05/02/2015
2015019634;1;2;1;1;6;170;23/03/2015
2015019635;2;2;1;1;6;170;06/02/2015
2015019636;5;2;1;1;6;170;31/03/2015
2015019637;1;1;6;1;6;170;11/02/2015
2015019638;1;1;1;1;6;170;31/03/2015
2015019639;3;2;1;1;6;170;13/02/2015
2015019640;1;1;1;1;6;170;11/04/2015
2015019641;1;1;1;1;6;170;27/02/2015
2015019642;1;2;1;1;6;170;12/04/2015
2015019643;1;2;1;1;6;170;13/04/2015
2015019644;1;1;3;1;6;170;16/04/2015
2015019645;5;2;3;1;6;170;30/04/2015
2015019646;1;1;1;8;6;170;30/04/2015
2015019647;1;1;6;1;3;170;21/05/2015
2015019648;1;2;6;1;3;170;27/05/2015
2015019649;1;2;1;1;6;170;28/05/2015
2015019650;1;1;1;1;2;170;06/06/2015
2015019651;1;1;6;1;3;170;08/06/2015
2015019652;1;1;1;1;6;170;08/06/2015
2015019653;1;1;6;1;3;170;28/06/2015
2015019654;1;1;1;1;6;170;02/07/2015
2015019655;1;1;1;1;6;170;05/07/2015
2015019656;1;1;1;1;6;170;06/07/2015
2015019657;1;2;1;1;6;170;06/07/2015
2015019658;1;1;1;1;6;170;12/07/2015
2015019659;1;2;1;1;2;170;14/07/2015
2015019660;1;1;1;1;6;170;17/07/2015
2015019661;1;2;5;1;6;170;21/07/2015
2015019662;1;1;1;1;6;170;22/07/2015
2015019663;1;1;1;1;6;170;27/07/2015
2015019664;1;2;1;1;6;170;28/07/2015
2015019665;1;1;5;1;3;170;04/08/2015
2015019666;1;2;1;1;6;170;05/08/2015
2015019667;1;1;1;1;2;170;22/08/2015
2015019668;1;2;1;1;6;170;09/09/2015
2015019669;1;2;1;1;6;170;22/09/2015
2015019670;1;2;1;1;2;170;23/09/2015
2015019671;1;1;1;1;2;170;28/09/2015
2015019672;1;1;3;1;3;170;29/09/2015
2015019673;1;2;1;1;2;170;06/10/2015
2015019674;1;2;3;1;3;170;14/10/2015
2015019675;1;2;1;1;6;170;22/10/2015
2015019676;5;1;6;1;6;170;25/10/2015
2015019677;1;2;1;3;2;170;27/10/2015
2015019678;1;2;1;1;1;170;28/10/2015
2015019679;1;1;3;1;5;170;28/10/2015
2015019680;1;1;3;1;3;170;20/11/2015
2015019681;1;1;1;1;3;170;02/12/2015
2015019682;3;1;1;1;6;370;08/01/2015
2015019683;1;1;1;1;6;370;21/08/2015
2015019684;1;1;1;1;4;370;15/09/2015
2015019685;1;1;1;1;6;370;29/09/2015
2015019686;1;1;1;1;6;370;19/10/2015
2015019687;1;1;1;1;3;340;20/02/2015
2015019688;1;2;1;1;3;340;05/03/2015
2015019689;1;2;1;1;1;340;02/04/2015
2015019690;2;1;1;1;6;340;03/05/2015
2015019691;1;1;1;1;3;340;08/05/2015
2015019692;1;2;1;1;3;340;18/06/2015
2015019693;3;1;1;1;6;340;16/07/2015
2015019694;2;2;1;1;1;340;14/09/2015
2015019695;1;2;1;1;6;340;15/09/2015
2015019696;1;2;1;1;3;340;28/09/2015
2015019697;1;1;1;1;2;340;31/10/2015
2015019698;1;2;1;1;6;340;21/11/2015
2015019699;2;1;3;8;5;340;17/12/2015
2015019700;1;2;1;7;6;660;04/01/2015
2015019701;5;2;1;1;6;660;04/09/2015
2015019702;1;1;1;1;3;300;08/02/2015
2015019703;1;1;1;1;1;300;19/02/2015
2015019704;1;2;1;1;6;300;10/04/2015
2015019705;1;1;3;1;3;300;29/04/2015
2015019706;1;2;1;1;1;300;30/04/2015
2015019707;1;2;1;1;6;300;11/05/2015
2015019708;3;1;1;1;7;300;19/06/2015
2015019709;1;1;1;1;3;300;07/07/2015
2015019710;1;1;1;1;1;300;08/08/2015
2015019711;1;1;1;3;1;300;23/08/2015
2015019712;1;1;1;1;1;300;30/08/2015
2015019713;1;1;1;8;6;300;03/09/2015
2015019714;1;2;1;1;3;300;21/09/2015
2015019715;1;1;1;1;2;300;29/09/2015
2015019716;1;2;1;1;7;300;29/09/2015
2015019717;1;2;1;1;1;300;14/11/2015
2015019718;5;1;1;1;1;300;09/12/2015
2015019719;2;2;1;1;1;410;11/01/2015
2015019720;1;1;1;8;3;410;25/02/2015
2015019721;1;2;1;1;6;410;08/04/2015
2015019722;1;1;1;1;3;410;29/04/2015
2015019723;3;1;1;1;7;410;15/05/2015
2015019724;1;1;1;1;3;410;21/05/2015
2015019725;1;1;1;7;7;410;01/08/2015
2015019726;2;1;1;1;6;410;21/10/2015
2015019727;3;2;1;1;6;410;06/11/2015
2015019728;1;1;1;1;1;410;15/11/2015
2015019729;2;1;1;1;6;410;20/12/2015
2015019730;1;2;2;8;3;770;28/03/2015
2015019731;1;2;1;1;3;770;04/06/2015
2015019732;1;1;1;1;7;770;15/06/2015
2015019733;1;1;1;1;7;770;30/06/2015
2015019734;2;1;1;1;7;770;03/09/2015
2015019735;1;1;1;2;6;770;17/09/2015
2015019736;1;1;2;3;3;770;05/10/2015
2015019737;1;2;1;1;6;770;06/10/2015
2015019738;1;1;1;1;6;620;03/02/2015
2015019739;1;2;2;1;3;620;21/03/2015
2015019740;3;1;1;1;6;620;16/08/2015
2015019741;1;2;1;1;7;620;04/09/2015
2015019742;3;1;1;1;6;620;18/01/2015
2015019743;1;2;1;1;1;620;06/09/2015
2015019744;2;1;1;8;6;620;01/04/2015
2015019745;3;2;1;1;6;620;19/06/2015
2015019746;1;2;1;1;6;620;11/10/2015
2015019747;3;2;1;2;3;620;14/11/2015
2015019748;2;1;1;1;6;620;23/04/2015
2015019749;1;2;1;1;6;620;12/06/2015
2015019750;2;2;1;1;6;620;02/08/2015
2015019751;1;2;1;1;6;620;11/08/2015
2015019752;1;2;2;1;3;620;30/09/2015
2015019753;1;1;1;1;1;620;05/11/2015
2015019754;1;1;1;1;6;620;23/11/2015
2015019755;1;1;1;2;6;440;06/01/2015
2015019756;2;1;1;1;1;440;17/01/2015
2015019757;1;1;1;1;1;440;23/01/2015
2015019758;1;1;1;1;2;440;23/03/2015
2015019759;1;1;3;1;2;440;05/08/2015
2015019760;1;2;1;1;1;440;26/08/2015
2015019761;3;2;1;8;7;370;07/01/2015
2015019762;1;1;3;2;3;370;13/01/2015
2015019763;1;1;1;1;2;370;14/01/2015
2015019764;5;1;1;1;1;370;20/01/2015
2015019765;1;2;1;1;6;370;04/02/2015
2015019766;3;1;1;1;3;370;06/02/2015
2015019767;1;2;1;1;2;370;07/03/2015
2015019768;5;1;1;1;6;370;14/05/2015
2015019769;3;1;1;1;6;370;28/06/2015
2015019770;1;1;1;1;7;370;09/07/2015
2015019771;1;1;1;1;4;370;14/08/2015
2015019772;1;1;1;1;6;370;16/08/2015
2015019773;1;1;1;1;6;370;30/08/2015
2015019774;2;1;1;8;6;370;03/11/2015
2015019775;3;1;1;1;5;370;13/11/2015
2015019776;1;1;1;5;6;370;23/11/2015
2015019777;1;1;1;3;1;210;14/02/2015
2015019778;1;1;2;2;1;210;03/05/2015
2015019779;1;2;1;1;3;210;11/06/2015
2015019780;1;1;2;1;3;210;15/09/2015
2015019781;1;1;2;1;3;830;05/01/2015
2015019782;1;1;1;1;4;830;30/01/2015
2015019783;1;1;1;1;1;830;01/03/2015
2015019784;1;1;1;1;3;830;20/06/2015
2015019785;5;2;1;1;6;830;04/07/2015
2015019786;1;2;1;1;3;830;08/08/2015
2015019787;1;2;6;1;3;830;09/08/2015
2015019788;1;2;6;1;3;830;11/09/2015
2015019789;5;2;1;1;1;830;18/10/2015
2015019790;5;2;1;1;7;830;08/11/2015
2015019791;1;2;1;1;6;830;18/11/2015
2015019792;5;1;1;1;1;830;21/11/2015
2015019793;1;2;2;1;3;870;23/06/2015
2015019794;2;1;1;6;6;202;06/03/2015
2015019795;1;2;1;1;3;202;07/05/2015
2015019796;2;1;1;1;6;202;13/06/2015
2015019797;1;1;3;1;3;202;28/07/2015
2015019798;1;1;1;1;7;202;27/08/2015
2015019799;1;1;1;1;7;202;05/09/2015