num_acc;lum;agg;inter;atm;col;dep;date
2015019800;1;1;1;1;1;202;23/09/2015
2015019801;5;2;1;1;3;202;03/12/2015
2015019802;1;1;1;1;7;470;15/02/2015
2015019803;1;1;1;1;3;470;22/03/2015
2015019804;1;1;3;1;3;470;15/05/2015
2015019805;1;1;1;1;3;470;29/06/2015
2015019806;1;1;1;8;1;470;21/11/2015
2015019807;1;1;2;1;3;470;19/12/2015
2015019808;1;1;1;1;1;230;09/04/2015
2015019809;3;1;1;1;1;500;24/06/2015
2015019810;2;1;1;1;6;500;09/07/2015
2015019811;1;1;1;1;1;500;17/12/2015
2015019812;1;1;1;1;6;220;07/02/2015
2015019813;1;1;2;1;1;220;01/04/2015
2015019814;1;1;2;1;3;220;26/04/2015
2015019815;1;1;2;1;5;220;04/06/2015
2015019816;1;1;1;1;7;220;20/06/2015
2015019817;2;1;1;1;2;220;07/08/2015
2015019818;2;1;1;1;7;220;04/09/2015
2015019819;3;1;1;1;6;220;03/10/2015
2015019820;3;1;1;2;3;220;06/11/2015
2015019821;2;1;1;2;1;220;26/11/2015
2015019822;4;2;1;1;6;220;19/12/2015
2015019823;5;2;1;1;1;140;06/02/2015
2015019824;1;1;3;1;3;140;07/05/2015
2015019825;1;1;1;1;6;140;09/06/2015
2015019826;1;1;1;3;6;140;05/10/2015
2015019827;2;2;1;8;7;80;01/05/2015
2015019828;1;2;1;1;6;80;27/09/2015
2015019829;1;1;1;1;5;80;09/10/2015
2015019830;3;1;1;2;7;80;20/12/2015
2015019831;1;1;1;1;1;380;18/09/2015
2015019832;3;1;1;1;6;180;23/02/2015
2015019833;5;2;3;3;6;180;03/03/2015
2015019834;1;2;1;1;6;180;07/03/2015
2015019835;1;2;2;1;3;180;14/03/2015
2015019836;3;1;1;1;6;180;20/03/2015
2015019837;1;2;3;1;3;180;17/03/2015
2015019838;1;2;3;1;3;180;26/03/2015
2015019839;5;1;1;1;7;180;12/04/2015
2015019840;1;2;1;1;2;180;20/04/2015
2015019841;5;2;1;2;6;180;25/04/2015
2015019842;1;2;6;2;2;180;26/04/2015
2015019843;5;2;1;1;6;180;25/04/2015
2015019844;5;2;1;1;6;180;12/05/2015
2015019845;1;2;2;1;3;180;28/05/2015
2015019846;1;2;3;1;3;180;31/05/2015
2015019847;1;1;2;1;5;180;01/06/2015
2015019848;1;2;1;1;6;180;12/06/2015
2015019849;1;2;2;1;3;180;15/06/2015
2015019850;1;2;2;1;6;180;26/06/2015
2015019851;5;2;2;1;5;180;29/06/2015
2015019852;1;2;1;1;3;180;03/07/2015
2015019853;1;1;2;1;3;180;21/07/2015
2015019854;3;2;1;1;7;180;26/07/2015
2015019855;1;1;2;1;3;180;07/08/2015
2015019856;1;1;3;1;6;180;14/08/2015
2015019857;5;2;1;1;1;180;17/08/2015
2015019858;1;1;1;1;7;180;16/08/2015
2015019859;5;2;2;2;6;180;02/01/2015
2015019860;1;2;1;1;6;180;22/08/2015
2015019861;1;1;1;1;5;180;30/08/2015
2015019862;1;2;1;1;7;180;02/09/2015
2015019863;5;2;2;1;3;180;03/09/2015
2015019864;1;1;1;1;7;180;05/09/2015
2015019865;5;2;5;1;1;180;04/09/2015
2015019866;1;2;1;1;7;180;05/09/2015
2015019867;5;2;2;8;1;180;12/10/2015
2015019868;1;2;3;1;6;180;09/10/2015
2015019869;1;2;3;1;3;180;15/10/2015
2015019870;1;2;7;1;6;180;02/11/2015
2015019871;1;2;1;1;6;180;03/11/2015
2015019872;3;1;2;1;3;180;10/11/2015
2015019873;3;1;1;1;6;180;15/11/2015
2015019874;5;1;3;1;3;180;18/11/2015
2015019875;5;2;3;2;3;180;19/11/2015
2015019876;5;2;2;1;1;180;23/11/2015
2015019877;1;2;1;1;6;180;26/11/2015
2015019878;1;2;5;1;3;180;06/12/2015
2015019879;1;2;1;1;3;180;13/01/2015
2015019880;1;2;5;1;6;180;12/01/2015
2015019881;1;2;3;1;6;180;12/01/2015
2015019882;5;2;1;2;6;180;19/01/2015
2015019883;3;1;1;8;3;180;05/02/2015
2015019884;1;2;1;1;6;180;10/02/2015
2015019885;5;2;1;1;7;830;05/04/2015
2015019886;1;2;1;1;3;830;18/06/2015
2015019887;1;1;1;1;7;830;23/07/2015
2015019888;1;1;1;1;2;830;20/08/2015
2015019889;1;2;1;1;6;830;30/10/2015
2015019890;1;1;1;8;2;830;08/12/2015
2015019891;1;1;1;3;1;410;28/01/2015
2015019892;2;1;1;5;1;410;16/02/2015
2015019893;1;2;1;1;6;410;16/02/2015
2015019894;3;1;1;1;7;410;27/03/2015
2015019895;3;2;1;2;7;410;25/04/2015
2015019896;4;2;1;1;6;410;02/08/2015
2015019897;2;2;1;1;7;410;13/10/2015
2015019898;1;1;1;8;3;410;29/11/2015
2015019899;3;1;1;1;6;410;30/11/2015
2015019900;1;1;1;1;6;120;02/09/2015
2015019901;1;1;1;8;7;120;12/09/2015
2015019902;1;1;2;1;3;120;30/09/2015
2015019903;3;1;1;2;2;120;28/10/2015
2015019904;1;1;1;1;6;120;01/12/2015
2015019905;1;1;1;1;1;120;08/12/2015
2015019906;1;1;1;1;6;120;15/12/2015
2015019907;1;1;1;5;2;580;05/01/2015
2015019908;1;1;1;1;6;580;26/06/2015
2015019909;1;1;2;1;3;710;30/08/2015
2015019910;1;1;1;1;3;710;08/09/2015
2015019911;3;1;1;8;6;710;20/09/2015
2015019912;1;1;1;2;6;360;24/01/2015
2015019913;1;1;1;1;6;360;12/02/2015
2015019914;1;1;1;1;6;360;22/02/2015
2015019915;1;1;1;8;6;360;05/07/2015
2015019916;3;1;1;2;6;360;15/08/2015
2015019917;1;1;1;1;6;360;18/09/2015
2015019918;1;1;1;1;6;150;13/06/2015
2015019919;3;1;1;8;6;630;01/01/2015
2015019920;1;1;1;1;3;630;05/06/2015
2015019921;1;1;1;1;2;630;13/07/2015
2015019922;1;1;1;1;4;630;20/08/2015
2015019923;1;1;1;1;3;630;17/09/2015
2015019924;2;1;1;5;6;630;13/12/2015
2015019925;1;1;9;4;7;870;14/02/2015
2015019926;1;1;1;4;5;870;21/02/2015
2015019927;1;1;1;1;1;870;31/03/2015
2015019928;1;1;1;3;7;870;27/04/2015
2015019929;1;1;1;1;6;870;22/05/2015
2015019930;1;1;1;1;1;870;11/06/2015
2015019931;3;1;1;1;2;340;11/02/2015
2015019932;3;1;1;1;6;340;14/02/2015
2015019933;3;1;1;1;2;340;10/02/2015
2015019934;3;1;1;1;1;340;04/03/2015
2015019935;3;1;1;1;6;340;06/03/2015
2015019936;1;1;1;1;6;340;20/05/2015
2015019937;2;1;1;1;6;340;18/06/2015
2015019938;1;1;1;1;6;340;29/06/2015
2015019939;1;1;1;1;2;340;06/07/2015
2015019940;1;1;1;1;6;340;14/07/2015
2015019941;1;1;1;1;6;340;30/07/2015
2015019942;1;1;1;1;3;340;07/08/2015
2015019943;1;1;1;1;2;340;18/08/2015
2015019944;1;1;1;1;5;340;22/08/2015
2015019945;1;1;1;1;2;340;02/09/2015
2015019946;1;1;1;1;6;340;22/09/2015
2015019947;3;1;1;1;2;340;23/10/2015
2015019948;1;1;1;1;5;340;08/11/2015
2015019949;1;1;1;1;2;340;09/11/2015
2015019950;1;1;1;1;2;340;10/11/2015
2015019951;3;1;1;1;4;340;10/11/2015
2015019952;3;1;1;2;2;340;06/12/2015
2015019953;3;1;1;2;2;340;07/12/2015
2015019954;3;1;1;1;6;340;10/12/2015
2015019955;1;1;1;1;6;480;14/06/2015
2015019956;1;1;1;1;7;480;18/06/2015
2015019957;1;1;1;1;2;480;18/07/2015
2015019958;2;1;9;2;6;480;12/09/2015
2015019959;2;1;1;2;6;480;12/09/2015
2015019960;1;1;1;1;6;480;23/09/2015
2015019961;3;1;1;1;7;80;10/01/2015
2015019962;3;2;1;1;1;80;02/02/2015
2015019963;3;1;1;1;6;80;22/12/2015
2015019964;1;1;1;8;2;440;09/01/2015
2015019965;1;1;1;1;1;440;20/01/2015
2015019966;2;1;1;1;3;440;08/03/2015
2015019967;3;1;1;1;7;440;06/12/2015
2015019968;3;1;1;2;1;440;09/01/2015
2015019969;1;1;2;1;5;440;19/01/2015
2015019970;3;1;1;1;6;440;24/02/2015
2015019971;1;1;1;1;4;440;13/04/2015
2015019972;3;1;1;1;6;440;21/06/2015
2015019973;1;1;9;1;6;440;03/07/2015
2015019974;1;1;1;1;1;440;29/07/2015
2015019975;3;1;1;1;6;440;02/08/2015
2015019976;3;1;1;2;7;440;20/11/2015
2015019977;1;1;1;1;2;440;18/12/2015
2015019978;1;1;1;1;2;140;05/01/2015
2015019979;1;1;1;4;6;140;14/01/2015
2015019980;3;1;1;1;6;140;25/01/2015
2015019981;3;1;1;1;6;140;27/01/2015
2015019982;3;1;1;5;5;140;16/03/2015
2015019983;1;1;1;1;6;140;27/09/2015
2015019984;2;1;1;1;6;140;30/10/2015
2015019985;3;1;1;1;6;140;07/11/2015
2015019986;1;1;1;1;6;140;17/02/2015
2015019987;1;1;1;1;5;500;20/05/2015
2015019988;1;1;1;1;1;500;04/07/2015
2015019989;1;1;1;1;6;500;19/09/2015
2015019990;1;1;1;1;7;500;08/12/2015
2015019991;1;1;1;1;7;500;07/03/2015
2015019992;1;1;4;1;7;500;08/03/2015
2015019993;1;1;1;1;2;500;07/04/2015
2015019994;1;1;1;8;2;500;20/04/2015
2015019995;3;1;1;3;6;500;03/05/2015
2015019996;1;1;1;1;2;500;27/06/2015
2015019997;1;1;1;1;3;500;07/07/2015
2015019998;1;1;1;1;6;500;22/07/2015
2015019999;1;1;1;1;6;500;18/12/2015
2015020000;1;1;1;1;3;500;19/12/2015
2015020001;1;1;1;1;7;500;24/12/2015
2015020002;5;2;1;9;2;180;03/01/2015
2015020003;1;2;1;1;3;180;18/02/2015
2015020004;1;2;2;8;1;180;21/01/2015
2015020005;1;2;4;1;3;180;06/03/2015
2015020006;1;2;1;8;7;180;03/02/2015
2015020007;2;2;1;1;2;180;05/03/2015
2015020008;1;2;1;1;2;180;05/02/2015
2015020009;1;2;3;1;1;180;01/04/2015
2015020010;1;2;1;1;6;180;04/04/2015
2015020011;1;2;1;1;3;180;16/04/2015
2015020012;1;1;1;1;5;180;22/04/2015
2015020013;1;2;3;1;3;180;22/05/2015
2015020014;1;2;1;1;6;180;23/05/2015
2015020015;1;2;1;1;6;180;08/06/2015
2015020016;1;2;3;1;3;180;12/06/2015
2015020017;1;2;1;1;5;180;25/06/2015
2015020018;1;2;4;7;3;180;15/07/2015
2015020019;1;2;1;1;1;180;24/07/2015
2015020020;1;2;1;1;6;180;29/07/2015
2015020021;5;2;3;2;3;180;08/08/2015
2015020022;1;2;1;1;2;180;22/08/2015
2015020023;1;2;2;1;3;180;21/08/2015
2015020024;1;2;2;1;3;180;21/08/2015
2015020025;1;2;2;1;3;180;26/08/2015
2015020026;2;2;1;1;6;180;28/08/2015
2015020027;1;2;1;1;2;180;01/09/2015
2015020028;1;2;1;1;1;180;05/09/2015
2015020029;1;2;3;7;1;180;11/09/2015
2015020030;1;2;2;1;3;180;29/09/2015
2015020031;1;1;1;1;5;180;20/09/2015
2015020032;1;2;1;1;2;180;08/10/2015
2015020033;5;1;3;2;3;180;14/10/2015
2015020034;1;2;1;1;3;180;19/10/2015
2015020035;1;2;2;1;6;180;30/10/2015
2015020036;1;2;6;1;3;180;02/11/2015
2015020037;5;2;2;1;6;180;11/11/2015
2015020038;1;2;1;1;6;180;03/11/2015
2015020039;1;2;1;1;6;180;04/12/2015
2015020040;5;2;6;1;3;180;11/12/2015
2015020041;1;1;1;1;6;180;22/12/2015
2015020042;3;1;1;1;3;440;06/04/2015
2015020043;1;2;2;1;3;440;07/06/2015
2015020044;1;1;2;1;3;720;26/05/2015
2015020045;1;1;1;1;6;720;18/06/2015
2015020046;1;2;9;1;6;720;30/01/2015
2015020047;1;2;1;1;2;720;19/03/2015
2015020048;1;2;3;1;3;720;24/06/2015
2015020049;1;1;1;1;6;720;25/06/2015
2015020050;1;1;1;1;6;720;08/07/2015
2015020051;1;1;1;1;7;720;24/07/2015
2015020052;1;1;1;1;6;720;28/08/2015
2015020053;1;1;1;1;1;720;05/09/2015
2015020054;3;1;1;1;6;720;25/09/2015
2015020055;1;1;1;1;3;720;29/09/2015
2015020056;2;2;1;1;2;720;13/10/2015
2015020057;1;2;1;2;7;650;22/01/2015
2015020058;1;2;2;1;3;650;06/05/2015
2015020059;1;2;1;1;6;650;08/11/2015
2015020060;3;1;1;1;1;830;01/03/2015
2015020061;1;2;1;1;1;830;07/04/2015
2015020062;1;2;1;8;6;830;20/04/2015
2015020063;1;1;1;1;6;830;21/04/2015
2015020064;1;1;1;1;7;830;25/05/2015
2015020065;1;2;1;1;6;830;17/05/2015
2015020066;5;1;1;1;5;830;29/05/2015
2015020067;1;2;2;1;3;830;11/06/2015
2015020068;1;1;1;8;7;830;16/06/2015
2015020069;1;2;1;1;3;830;15/06/2015
2015020070;1;2;1;1;6;830;07/07/2015
2015020071;2;1;1;1;1;830;07/07/2015
2015020072;1;1;1;1;5;830;15/07/2015
2015020073;1;1;1;1;1;830;19/07/2015
2015020074;1;2;1;1;3;830;24/07/2015
2015020075;1;1;1;1;7;830;03/08/2015
2015020076;1;1;1;1;3;830;12/08/2015
2015020077;1;1;1;1;3;830;26/08/2015
2015020078;1;1;1;1;3;830;25/09/2015
2015020079;5;2;1;1;1;830;25/12/2015
2015020080;1;2;1;1;6;600;21/06/2015
2015020081;2;1;1;1;7;600;05/08/2015
2015020082;1;1;1;1;6;600;28/08/2015
2015020083;1;1;1;1;7;600;05/11/2015
2015020084;1;1;1;1;1;600;16/11/2015
2015020085;3;1;1;1;3;600;04/12/2015
2015020086;1;1;1;1;6;910;12/07/2015
2015020087;1;2;3;1;1;910;17/03/2015
2015020088;1;1;6;1;7;910;21/03/2015
2015020089;1;1;6;1;2;910;10/04/2015
2015020090;1;1;9;1;1;910;20/04/2015
2015020091;1;1;1;3;3;910;14/05/2015
2015020092;1;2;1;3;5;910;14/08/2015
2015020093;1;1;1;1;7;910;07/06/2015
2015020094;1;2;3;1;1;190;16/03/2015
2015020095;5;2;1;1;6;190;03/01/2015
2015020096;2;2;3;1;3;190;22/03/2015
2015020097;5;2;1;2;6;190;03/01/2015
2015020098;3;2;1;1;6;190;05/01/2015
2015020099;1;2;1;1;6;190;26/03/2015
2015020100;1;2;1;2;6;190;26/03/2015
2015020101;5;2;1;2;2;190;08/01/2015
2015020102;5;2;1;3;6;190;09/01/2015
2015020103;1;2;3;2;6;190;30/03/2015
2015020104;1;2;1;1;2;190;31/03/2015
2015020105;1;2;1;1;6;190;14/01/2015
2015020106;1;2;1;2;2;190;16/01/2015
2015020107;1;2;1;1;6;190;10/04/2015
2015020108;1;2;1;1;6;190;19/01/2015
2015020109;1;2;1;1;6;190;10/04/2015
2015020110;1;2;3;1;3;190;20/01/2015
2015020111;1;2;1;1;4;190;11/04/2015
2015020112;1;2;1;1;2;190;16/04/2015
2015020113;3;1;1;1;7;190;24/01/2015
2015020114;5;2;1;1;7;190;24/01/2015
2015020115;5;2;1;1;6;190;21/04/2015
2015020116;5;2;1;1;6;190;05/05/2015
2015020117;1;2;3;1;3;190;18/02/2015
2015020118;5;2;1;1;6;190;06/05/2015
2015020119;1;2;1;1;6;190;20/02/2015
2015020120;2;2;3;1;7;190;27/02/2015
2015020121;1;2;1;1;1;190;13/05/2015
2015020122;1;2;6;1;3;190;13/05/2015
2015020123;1;2;1;1;6;190;28/02/2015
2015020124;1;2;2;1;3;190;16/05/2015
2015020125;1;2;1;1;2;190;06/03/2015
2015020126;1;2;1;1;3;190;19/05/2015
2015020127;5;2;1;1;6;190;06/03/2015
2015020128;1;2;2;1;3;190;11/03/2015
2015020129;5;2;1;1;7;190;21/05/2015
2015020130;5;2;1;1;6;190;24/05/2015
2015020131;1;2;1;1;2;190;27/05/2015
2015020132;1;2;1;1;4;190;28/05/2015
2015020133;1;1;1;1;1;190;01/06/2015
2015020134;1;2;2;1;6;190;04/06/2015
2015020135;1;2;3;1;3;190;04/06/2015
2015020136;1;2;1;1;4;190;05/06/2015
2015020137;5;2;1;1;6;190;06/06/2015
2015020138;1;2;1;1;4;190;08/06/2015
2015020139;1;2;1;1;2;190;11/06/2015
2015020140;1;2;2;1;3;190;13/06/2015
2015020141;5;2;1;1;7;190;15/06/2015
2015020142;1;2;9;1;2;190;16/06/2015
2015020143;1;2;9;1;6;190;17/06/2015
2015020144;1;2;2;1;3;190;24/06/2015
2015020145;1;2;1;1;3;190;26/06/2015
2015020146;5;2;3;1;3;190;29/06/2015
2015020147;1;2;1;1;6;190;29/06/2015
2015020148;1;2;3;1;3;190;30/06/2015
2015020149;1;2;6;1;7;190;01/07/2015
2015020150;1;2;2;1;3;190;06/07/2015
2015020151;1;2;6;1;2;190;08/07/2015
2015020152;1;2;1;1;3;190;17/07/2015
2015020153;1;2;3;1;6;190;17/07/2015
2015020154;1;2;1;1;6;190;19/07/2015
2015020155;1;2;3;1;3;190;20/07/2015
2015020156;5;2;1;1;7;190;24/07/2015
2015020157;1;2;1;1;2;190;24/07/2015
2015020158;1;2;1;1;7;190;24/07/2015
2015020159;1;2;1;1;6;190;31/07/2015
2015020160;1;2;2;1;3;190;01/08/2015
2015020161;1;2;1;2;2;190;08/08/2015
2015020162;1;2;3;1;3;190;11/08/2015
2015020163;1;1;1;3;1;190;14/08/2015
2015020164;1;2;6;2;2;190;23/08/2015
2015020165;1;2;1;1;3;190;27/08/2015
2015020166;1;2;1;1;6;190;04/09/2015
2015020167;1;2;2;1;1;190;07/09/2015
2015020168;1;2;2;1;1;190;04/09/2015
2015020169;1;2;3;1;3;190;05/09/2015
2015020170;1;2;2;1;3;190;10/09/2015
2015020171;1;2;3;1;3;190;11/09/2015
2015020172;1;2;3;1;3;190;15/09/2015
2015020173;1;2;1;1;6;190;19/09/2015
2015020174;1;2;1;1;2;190;21/09/2015
2015020175;1;2;1;1;3;190;21/09/2015
2015020176;1;2;1;1;2;190;26/09/2015
2015020177;1;2;1;1;6;190;29/09/2015
2015020178;1;2;3;1;3;190;03/10/2015
2015020179;1;2;1;2;2;190;03/10/2015
2015020180;1;2;1;1;7;190;05/10/2015
2015020181;1;2;1;7;6;190;05/10/2015
2015020182;1;2;1;1;3;190;06/10/2015
2015020183;1;2;1;1;7;190;06/10/2015
2015020184;1;2;1;1;6;190;07/10/2015
2015020185;1;2;1;7;3;190;11/10/2015
2015020186;5;2;1;1;6;190;13/10/2015
2015020187;1;2;2;1;3;190;13/10/2015
2015020188;1;2;3;1;2;190;15/10/2015
2015020189;5;2;1;1;2;190;17/10/2015
2015020190;1;2;3;1;3;190;20/10/2015
2015020191;1;2;1;1;1;190;21/10/2015
2015020192;1;2;1;2;7;190;22/10/2015
2015020193;5;2;1;1;2;190;26/10/2015
2015020194;1;2;6;1;2;190;30/10/2015
2015020195;1;2;6;1;6;190;01/11/2015
2015020196;5;2;1;1;7;190;07/11/2015
2015020197;1;2;2;1;3;190;10/11/2015
2015020198;5;2;3;1;3;190;11/11/2015
2015020199;2;2;1;2;6;190;18/11/2015
2015020200;1;2;6;1;3;190;21/11/2015
2015020201;1;2;1;2;6;190;25/11/2015
2015020202;1;2;1;1;6;190;28/11/2015
2015020203;2;2;2;1;3;190;28/11/2015
2015020204;2;2;1;1;2;190;01/12/2015
2015020205;5;1;2;1;3;190;06/12/2015
2015020206;1;2;9;1;6;190;07/12/2015
2015020207;1;1;3;1;3;190;10/12/2015
2015020208;1;2;1;1;6;190;10/12/2015
2015020209;2;2;3;1;1;190;13/12/2015
2015020210;1;2;3;1;6;190;17/12/2015
2015020211;1;2;3;1;3;190;18/12/2015
2015020212;1;2;1;1;2;190;18/12/2015
2015020213;1;2;1;1;1;190;20/12/2015
2015020214;1;2;1;1;3;190;23/12/2015
2015020215;5;2;1;1;2;190;26/12/2015
2015020216;1;2;1;1;3;190;29/12/2015
2015020217;1;2;3;1;5;680;31/05/2015
2015020218;1;1;1;1;1;680;31/05/2015
2015020219;1;1;1;7;3;680;04/06/2015
2015020220;1;1;1;1;2;680;26/06/2015
2015020221;1;1;1;1;3;680;09/11/2015
2015020222;3;1;1;2;6;680;21/11/2015
2015020223;1;2;1;1;1;590;20/09/2015
2015020224;3;1;1;2;7;590;20/09/2015
2015020225;1;1;1;1;2;590;29/06/2015
2015020226;3;1;1;1;5;590;15/07/2015
2015020227;1;2;1;8;6;590;25/08/2015
2015020228;1;2;6;1;1;590;19/08/2015
2015020229;1;2;1;1;6;590;21/09/2015
2015020230;1;2;1;1;6;590;06/11/2015
2015020231;1;2;2;1;3;190;03/07/2015
2015020232;1;2;1;1;6;190;09/08/2015
2015020233;5;2;3;2;6;190;19/09/2015
2015020234;5;2;1;1;6;190;24/12/2015
2015020235;1;1;1;7;2;190;05/12/2015
2015020236;1;2;3;1;6;190;10/02/2015
2015020237;5;2;1;2;6;190;14/02/2015
2015020238;1;2;1;2;7;190;26/02/2015
2015020239;2;2;1;4;7;190;02/02/2015
2015020240;5;2;2;2;3;190;23/03/2015
2015020241;1;1;1;1;1;190;28/04/2015
2015020242;1;2;2;1;2;190;03/03/2015
2015020243;1;1;1;1;1;190;19/05/2015
2015020244;1;2;4;1;2;190;10/06/2015
2015020245;1;2;3;8;1;190;12/06/2015
2015020246;1;2;1;1;6;190;21/06/2015
2015020247;5;2;2;1;3;190;21/07/2015
2015020248;1;1;1;1;7;190;19/08/2015
2015020249;2;2;1;8;6;190;28/10/2015
2015020250;5;2;3;1;6;190;10/11/2015
2015020251;1;1;2;1;7;680;02/07/2015
2015020252;3;1;1;1;7;680;19/08/2015
2015020253;1;1;2;1;1;680;05/09/2015
2015020254;5;2;3;1;3;680;26/09/2015
2015020255;5;2;2;1;3;680;19/12/2015
2015020256;1;2;2;1;3;210;13/03/2015
2015020257;1;1;1;1;6;210;23/04/2015
2015020258;1;2;2;1;3;210;20/04/2015
2015020259;5;1;7;1;6;210;07/05/2015
2015020260;1;2;2;1;3;210;10/05/2015
2015020261;1;2;3;1;6;210;18/05/2015
2015020262;1;2;2;1;3;210;07/06/2015
2015020263;1;2;2;1;3;210;03/06/2015
2015020264;1;2;2;1;5;210;12/05/2015
2015020265;1;2;3;1;3;210;02/07/2015
2015020266;1;2;2;1;2;210;15/07/2015
2015020267;1;2;2;1;6;210;21/08/2015
2015020268;1;2;2;1;3;210;07/09/2015
2015020269;1;2;1;1;6;210;09/09/2015
2015020270;1;2;1;1;6;210;18/09/2015
2015020271;1;2;1;3;7;210;06/10/2015
2015020272;1;2;1;7;6;210;19/10/2015
2015020273;1;2;1;1;1;210;26/11/2015
2015020274;1;2;2;8;3;210;21/01/2015
2015020275;2;2;1;2;6;210;30/01/2015
2015020276;1;2;1;1;6;210;06/02/2015
2015020277;1;2;1;1;6;210;07/02/2015
2015020278;5;2;1;5;2;210;07/01/2015
2015020279;5;2;3;1;6;210;17/03/2015
2015020280;1;2;3;1;3;210;12/02/2015
2015020281;1;2;6;1;3;210;20/03/2015
2015020282;1;2;3;1;3;210;19/02/2015
2015020283;1;2;7;1;1;210;20/03/2015
2015020284;1;2;1;1;1;210;27/03/2015
2015020285;5;2;2;2;3;210;29/03/2015
2015020286;1;2;2;1;3;210;08/04/2015
2015020287;1;2;2;1;6;210;13/04/2015
2015020288;1;2;1;1;6;210;15/04/2015
2015020289;1;2;1;1;3;210;20/04/2015
2015020290;1;2;2;1;1;210;22/04/2015
2015020291;1;2;2;1;1;210;22/04/2015
2015020292;1;2;1;1;6;210;23/04/2015
2015020293;1;2;1;1;6;210;24/04/2015
2015020294;1;2;1;1;1;210;10/05/2015
2015020295;1;2;3;1;6;210;13/05/2015
2015020296;1;2;2;1;3;210;20/05/2015
2015020297;1;2;1;1;6;210;27/05/2015
2015020298;1;2;2;1;3;210;08/06/2015
2015020299;1;2;2;1;3;210;28/06/2015
2015020300;1;2;3;1;3;210;29/06/2015
2015020301;1;2;3;1;1;210;03/08/2015
2015020302;1;2;1;1;3;210;04/08/2015
2015020303;1;2;2;1;3;210;07/08/2015
2015020304;1;2;1;1;5;210;13/08/2015
2015020305;5;2;2;1;6;210;29/08/2015
2015020306;1;2;1;1;6;210;31/08/2015
2015020307;5;2;3;1;6;210;17/09/2015
2015020308;5;1;1;1;6;210;17/09/2015
2015020309;1;2;1;1;2;210;30/09/2015
2015020310;1;2;1;8;6;210;04/10/2015
2015020311;5;2;3;1;4;210;01/10/2015
2015020312;1;2;4;1;6;210;09/10/2015
2015020313;5;2;4;1;3;210;16/10/2015
2015020314;5;2;3;1;1;210;26/10/2015
2015020315;4;2;2;1;1;210;04/11/2015
2015020316;5;2;6;1;3;210;06/11/2015
2015020317;1;2;2;1;1;210;08/11/2015
2015020318;1;2;1;1;6;210;10/11/2015
2015020319;5;2;3;2;3;210;13/11/2015
2015020320;3;2;9;1;3;210;19/11/2015
2015020321;2;2;1;2;6;210;20/11/2015
2015020322;5;2;2;2;1;210;30/11/2015
2015020323;5;2;2;1;3;210;24/12/2015
2015020324;1;1;1;1;3;420;10/01/2015
2015020325;1;2;1;1;3;420;04/02/2015
2015020326;1;1;1;1;6;420;10/04/2015
2015020327;3;1;1;1;7;420;10/05/2015
2015020328;1;1;1;1;2;420;17/05/2015
2015020329;1;2;1;1;7;420;07/06/2015
2015020330;1;1;1;1;6;420;07/08/2015
2015020331;1;1;1;3;1;420;01/09/2015
2015020332;1;1;1;1;2;420;25/10/2015
2015020333;3;1;1;1;6;420;24/11/2015
2015020334;1;2;3;1;2;220;24/02/2015
2015020335;1;2;1;1;6;220;31/12/2015
2015020336;1;1;3;1;1;220;18/02/2015
2015020337;3;1;1;1;7;220;23/12/2015
2015020338;1;2;1;1;4;220;31/03/2015
2015020339;5;2;4;8;7;220;02/04/2015
2015020340;1;1;1;1;3;220;23/04/2015
2015020341;1;1;1;1;7;220;14/06/2015
2015020342;1;1;1;1;7;220;14/07/2015
2015020343;1;2;1;1;3;220;10/07/2015
2015020344;1;2;9;1;7;220;12/08/2015
2015020345;1;2;9;1;6;220;16/08/2015
2015020346;1;2;4;1;2;220;04/08/2015
2015020347;1;2;6;1;3;220;18/08/2015
2015020348;1;2;1;1;7;220;21/08/2015
2015020349;2;2;3;1;1;220;11/09/2015
2015020350;1;2;6;1;3;220;01/09/2015
2015020351;1;2;1;1;3;220;29/09/2015
2015020352;1;1;1;1;1;220;21/09/2015
2015020353;1;1;6;8;6;220;21/09/2015
2015020354;1;2;2;2;6;220;06/10/2015
2015020355;1;2;6;1;6;220;20/11/2015
2015020356;3;1;3;1;1;220;22/11/2015
2015020357;1;2;1;2;7;220;16/09/2015
2015020358;1;2;7;1;6;220;08/09/2015
2015020359;1;1;1;2;6;220;26/11/2015
2015020360;1;2;1;1;6;220;17/01/2015
2015020361;1;2;1;7;6;220;22/01/2015
2015020362;5;2;1;4;5;220;31/01/2015
2015020363;2;1;1;9;6;220;19/02/2015
2015020364;5;2;1;1;3;220;23/12/2015
2015020365;1;2;1;1;3;220;24/02/2015
2015020366;1;1;1;8;6;220;25/02/2015
2015020367;3;1;1;1;6;220;22/02/2015
2015020368;5;2;2;1;3;220;29/12/2015
2015020369;3;1;1;1;6;220;02/03/2015
2015020370;1;1;1;1;3;220;26/12/2015
2015020371;1;2;6;1;6;220;27/02/2015
2015020372;1;2;6;1;3;220;01/01/2015
2015020373;1;2;3;1;6;220;03/03/2015
2015020374;1;2;1;1;7;220;04/12/2015
2015020375;1;2;4;1;6;220;06/03/2015
2015020376;1;2;3;1;3;220;10/03/2015
2015020377;1;2;6;1;3;220;04/03/2015
2015020378;1;2;1;1;6;220;15/03/2015
2015020379;1;2;1;1;3;220;16/03/2015