num_acc;lum;agg;inter;atm;col;dep;date
2015020380;1;2;4;1;3;220;24/03/2015
2015020381;1;2;1;1;6;220;25/03/2015
2015020382;1;2;3;1;3;220;31/03/2015
2015020383;1;1;3;1;2;220;13/03/2015
2015020384;1;1;1;1;2;220;07/04/2015
2015020385;1;2;1;1;6;220;09/04/2015
2015020386;1;2;1;1;3;220;16/04/2015
2015020387;1;1;1;1;6;220;14/04/2015
2015020388;1;1;1;1;7;220;08/04/2015
2015020389;1;1;1;1;1;220;28/04/2015
2015020390;1;1;1;2;2;220;30/04/2015
2015020391;1;1;1;1;1;220;01/05/2015
2015020392;1;2;1;1;6;220;08/04/2015
2015020393;1;1;1;1;5;220;05/05/2015
2015020394;1;1;3;1;3;220;13/05/2015
2015020395;1;2;1;1;6;220;18/05/2015
2015020396;1;2;1;1;6;220;11/05/2015
2015020397;1;2;3;1;3;220;22/03/2015
2015020398;1;2;2;1;3;220;21/05/2015
2015020399;1;2;3;1;3;220;04/04/2015
2015020400;5;2;6;1;6;220;22/05/2015
2015020401;1;1;1;1;2;220;21/05/2015
2015020402;1;2;1;1;6;220;28/05/2015
2015020403;1;1;1;1;6;220;04/05/2015
2015020404;1;2;4;1;2;220;20/05/2015
2015020405;1;1;1;1;3;220;18/05/2015
2015020406;1;1;3;1;3;220;03/06/2015
2015020407;1;2;4;1;6;220;30/05/2015
2015020408;1;1;2;1;3;220;06/06/2015
2015020409;5;2;2;1;1;220;14/05/2015
2015020410;1;1;1;1;7;220;15/06/2015
2015020411;1;1;6;1;3;220;16/06/2015
2015020412;1;1;1;1;1;220;31/05/2015
2015020413;1;1;3;1;3;220;20/06/2015
2015020414;1;1;1;1;4;220;19/06/2015
2015020415;1;1;1;1;2;220;14/06/2015
2015020416;1;2;1;1;6;220;29/06/2015
2015020417;1;2;2;1;3;220;01/07/2015
2015020418;1;1;1;1;7;220;07/07/2015
2015020419;1;2;3;1;3;220;15/07/2015
2015020420;1;1;6;1;6;220;28/06/2015
2015020421;3;2;1;1;6;220;23/07/2015
2015020422;1;1;1;1;2;220;25/07/2015
2015020423;1;1;1;1;2;220;06/07/2015
2015020424;1;2;2;1;7;220;09/08/2015
2015020425;5;2;1;1;7;220;03/01/2015
2015020426;1;1;1;1;1;220;21/07/2015
2015020427;1;2;3;1;6;220;31/07/2015
2015020428;1;1;3;1;1;220;14/08/2015
2015020429;2;1;1;1;7;220;04/07/2015
2015020430;1;2;1;1;5;220;23/08/2015
2015020431;1;1;1;1;1;220;26/07/2015
2015020432;1;2;1;1;6;220;28/08/2015
2015020433;1;2;1;2;7;220;27/08/2015
2015020434;1;2;1;2;1;220;22/08/2015
2015020435;1;2;2;1;3;220;08/09/2015
2015020436;1;1;1;1;1;220;08/09/2015
2015020437;5;2;6;1;7;220;10/08/2015
2015020438;4;1;1;1;6;220;06/09/2015
2015020439;1;2;1;1;3;220;14/09/2015
2015020440;1;2;1;1;5;220;18/09/2015
2015020441;1;1;1;1;2;220;15/09/2015
2015020442;5;2;1;1;5;220;19/09/2015
2015020443;1;2;2;1;1;220;20/09/2015
2015020444;1;2;1;1;6;220;21/09/2015
2015020445;1;2;1;1;6;220;16/09/2015
2015020446;1;2;1;1;6;220;12/10/2015
2015020447;1;2;1;1;6;220;22/09/2015
2015020448;1;1;1;1;3;220;18/10/2015
2015020449;2;2;1;1;6;220;02/11/2015
2015020450;1;2;1;1;6;220;09/11/2015
2015020451;1;2;1;1;6;220;27/11/2015
2015020452;1;1;1;1;6;220;26/11/2015
2015020453;1;1;1;1;7;220;04/12/2015
2015020454;1;1;3;1;5;220;05/12/2015
2015020455;2;2;1;1;1;220;08/12/2015
2015020456;3;1;1;1;4;220;12/12/2015
2015020457;3;1;1;1;7;220;27/11/2015
2015020458;5;1;2;8;3;220;15/12/2015
2015020459;2;2;4;1;3;220;05/01/2015
2015020460;1;2;1;1;7;220;23/11/2015
2015020461;1;2;1;1;3;220;11/11/2015
2015020462;1;2;1;1;6;220;16/12/2015
2015020463;1;1;1;1;3;220;14/12/2015
2015020464;2;2;1;1;6;220;24/12/2015
2015020465;1;2;3;1;3;220;06/01/2015
2015020466;1;2;1;1;6;220;07/01/2015
2015020467;5;1;6;9;6;220;07/01/2015
2015020468;5;2;1;2;3;220;13/01/2015
2015020469;2;2;1;1;6;220;13/01/2015
2015020470;2;2;1;1;6;220;14/01/2015
2015020471;5;2;1;2;6;220;16/01/2015
2015020472;1;2;3;1;7;220;16/01/2015
2015020473;1;2;1;1;6;220;17/01/2015
2015020474;1;1;1;1;7;220;19/01/2015
2015020475;5;2;3;1;6;220;26/01/2015
2015020476;5;2;1;1;7;220;27/01/2015
2015020477;1;2;1;3;7;220;29/01/2015
2015020478;1;2;3;1;6;220;30/01/2015
2015020479;1;1;1;3;7;220;30/01/2015
2015020480;1;2;3;2;3;220;31/01/2015
2015020481;1;2;6;1;2;220;05/02/2015
2015020482;5;2;3;1;1;220;08/02/2015
2015020483;1;2;6;1;6;220;09/02/2015
2015020484;1;1;1;1;6;220;12/02/2015
2015020485;1;2;2;1;3;230;09/04/2015
2015020486;1;2;1;1;6;230;25/04/2015
2015020487;2;1;1;5;7;230;17/05/2015
2015020488;1;2;1;1;6;230;19/05/2015
2015020489;1;2;3;3;2;230;15/06/2015
2015020490;1;2;4;1;3;230;23/06/2015
2015020491;1;2;1;1;6;230;07/09/2015
2015020492;1;2;1;1;6;230;14/11/2015
2015020493;1;2;6;1;6;230;06/12/2015
2015020494;1;2;3;2;3;230;23/02/2015
2015020495;2;2;2;9;3;230;23/02/2015
2015020496;1;2;3;1;3;230;09/03/2015
2015020497;1;2;1;1;6;240;13/03/2015
2015020498;2;2;1;1;6;240;30/06/2015
2015020499;1;2;2;1;1;240;09/07/2015
2015020500;1;1;1;1;1;240;25/08/2015
2015020501;1;2;1;1;6;240;31/08/2015
2015020502;1;2;1;5;1;240;27/11/2015
2015020503;5;2;1;1;6;240;07/12/2015
2015020504;3;1;1;1;6;240;22/12/2015
2015020505;5;2;4;2;6;240;08/01/2015
2015020506;1;2;1;1;6;240;10/02/2015
2015020507;5;2;1;1;6;240;24/02/2015
2015020508;5;1;1;1;6;240;03/03/2015
2015020509;1;2;3;1;3;240;05/03/2015
2015020510;1;2;1;1;6;240;06/03/2015
2015020511;1;2;1;1;3;240;27/03/2015
2015020512;1;2;1;1;6;240;19/04/2015
2015020513;1;2;1;1;6;240;21/04/2015
2015020514;1;2;2;1;1;240;27/04/2015
2015020515;1;2;3;1;2;240;30/04/2015
2015020516;5;1;1;1;3;240;29/05/2015
2015020517;1;2;3;1;3;240;13/05/2015
2015020518;5;2;1;1;3;240;15/05/2015
2015020519;1;2;3;1;6;240;21/06/2015
2015020520;1;2;1;1;1;240;26/06/2015
2015020521;1;2;4;7;6;240;30/06/2015
2015020522;1;2;1;2;3;240;29/07/2015
2015020523;1;1;1;1;2;240;30/08/2015
2015020524;1;2;1;1;3;240;14/09/2015
2015020525;5;2;1;1;1;240;27/09/2015
2015020526;1;2;1;1;1;240;22/10/2015
2015020527;2;2;3;2;6;240;18/11/2015
2015020528;5;1;3;2;6;240;20/11/2015
2015020529;1;2;3;4;3;250;26/01/2015
2015020530;1;2;1;1;6;250;11/03/2015
2015020531;1;2;1;2;6;250;26/01/2015
2015020532;1;2;1;1;6;250;12/03/2015
2015020533;5;2;1;2;1;250;28/01/2015
2015020534;1;2;1;1;6;250;16/03/2015
2015020535;1;2;1;4;6;250;30/01/2015
2015020536;1;2;2;1;3;250;17/03/2015
2015020537;5;2;1;1;3;250;31/01/2015
2015020538;1;2;1;1;6;250;17/03/2015
2015020539;1;2;2;1;6;250;15/02/2015
2015020540;1;2;1;1;1;250;19/03/2015
2015020541;1;2;1;1;6;250;15/02/2015
2015020542;1;2;1;1;6;250;20/03/2015
2015020543;1;2;1;1;6;250;17/02/2015
2015020544;2;2;3;1;6;250;24/03/2015
2015020545;5;2;1;1;6;250;18/02/2015
2015020546;1;2;1;1;6;250;25/03/2015
2015020547;1;2;1;2;6;250;21/02/2015
2015020548;5;2;1;1;6;250;25/03/2015
2015020549;1;2;1;1;6;250;25/02/2015
2015020550;1;2;3;1;3;250;26/03/2015
2015020551;5;2;1;1;6;250;26/03/2015
2015020552;5;2;1;1;6;250;27/03/2015
2015020553;1;2;3;2;6;250;30/03/2015
2015020554;1;2;7;1;6;250;08/04/2015
2015020555;5;2;1;1;6;250;10/04/2015
2015020556;1;2;1;1;3;250;14/04/2015
2015020557;1;2;1;1;2;250;22/04/2015
2015020558;1;2;1;1;6;250;05/05/2015
2015020559;1;2;1;1;6;250;06/05/2015
2015020560;1;2;3;1;5;250;07/05/2015
2015020561;1;2;1;1;1;250;09/05/2015
2015020562;1;2;3;1;5;250;11/05/2015
2015020563;5;2;1;1;1;250;11/05/2015
2015020564;1;2;1;1;2;250;12/05/2015
2015020565;1;2;3;1;3;250;13/05/2015
2015020566;1;2;1;1;1;250;13/05/2015
2015020567;1;2;1;1;2;250;15/05/2015
2015020568;1;2;2;7;3;250;16/05/2015
2015020569;1;2;1;1;6;250;18/05/2015
2015020570;1;2;1;1;6;250;20/05/2015
2015020571;1;2;3;1;3;250;21/05/2015
2015020572;1;2;2;1;3;250;26/05/2015
2015020573;1;2;1;1;5;250;29/05/2015
2015020574;1;2;1;1;7;250;02/06/2015
2015020575;1;2;1;1;2;250;02/06/2015
2015020576;1;2;1;1;6;250;03/06/2015
2015020577;1;2;1;1;6;250;05/06/2015
2015020578;1;2;1;1;6;250;06/06/2015
2015020579;1;2;6;1;3;250;22/06/2015
2015020580;2;2;1;1;6;250;25/06/2015
2015020581;1;2;1;1;3;250;28/06/2015
2015020582;5;2;2;1;3;250;28/06/2015
2015020583;1;2;1;1;3;250;01/07/2015
2015020584;1;2;1;1;3;250;03/07/2015
2015020585;1;2;1;1;7;250;09/07/2015
2015020586;5;2;1;1;6;250;12/07/2015
2015020587;5;2;4;1;3;250;13/07/2015
2015020588;1;2;1;1;4;250;15/07/2015
2015020589;5;2;1;1;6;250;15/07/2015
2015020590;1;2;3;1;3;250;13/07/2015
2015020591;1;2;3;1;3;250;20/07/2015
2015020592;1;1;1;1;6;250;22/07/2015
2015020593;1;2;1;1;4;250;28/07/2015
2015020594;1;2;5;1;3;250;30/07/2015
2015020595;1;1;2;1;3;250;03/08/2015
2015020596;1;2;6;1;3;250;08/08/2015
2015020597;1;2;1;1;7;250;13/08/2015
2015020598;1;2;9;1;6;250;13/08/2015
2015020599;1;1;1;1;7;250;27/08/2015
2015020600;1;2;1;1;6;250;27/08/2015
2015020601;1;2;1;1;3;250;29/08/2015
2015020602;1;2;1;1;1;250;03/09/2015
2015020603;1;2;1;1;6;250;06/09/2015
2015020604;1;2;4;1;3;250;08/09/2015
2015020605;1;2;1;1;4;250;09/09/2015
2015020606;5;2;1;1;6;250;12/09/2015
2015020607;1;2;9;8;3;250;17/09/2015
2015020608;5;2;1;1;6;250;20/09/2015
2015020609;1;2;1;1;7;250;20/09/2015
2015020610;1;2;9;2;2;250;21/09/2015
2015020611;1;2;9;1;6;250;23/09/2015
2015020612;1;2;3;1;3;250;24/09/2015
2015020613;1;2;2;1;6;250;26/09/2015
2015020614;1;2;1;1;6;250;28/09/2015
2015020615;1;2;1;1;7;250;02/10/2015
2015020616;5;2;1;1;6;250;03/10/2015
2015020617;1;2;1;1;7;250;04/10/2015
2015020618;1;2;9;1;6;250;04/10/2015
2015020619;5;2;1;1;6;250;06/10/2015
2015020620;1;2;1;8;7;250;06/10/2015
2015020621;5;2;1;1;6;250;09/10/2015
2015020622;1;2;3;1;3;250;13/10/2015
2015020623;1;2;2;1;6;250;14/10/2015
2015020624;5;2;1;1;6;250;14/10/2015
2015020625;1;2;1;1;6;250;16/10/2015
2015020626;1;2;9;1;3;250;22/10/2015
2015020627;5;2;1;2;6;250;23/10/2015
2015020628;1;2;1;1;3;250;06/11/2015
2015020629;5;2;2;1;1;250;10/11/2015
2015020630;5;2;2;1;3;250;10/11/2015
2015020631;3;2;1;1;3;250;13/11/2015
2015020632;1;2;1;1;6;250;16/11/2015
2015020633;1;2;1;1;6;250;18/11/2015
2015020634;5;2;1;2;6;250;19/11/2015
2015020635;3;2;1;3;1;250;20/11/2015
2015020636;5;2;3;3;3;250;20/11/2015
2015020637;1;2;1;3;6;250;20/11/2015
2015020638;5;2;9;2;3;250;25/11/2015
2015020639;2;2;3;2;2;250;29/11/2015
2015020640;1;2;1;1;6;250;04/12/2015
2015020641;1;2;1;1;6;250;08/12/2015
2015020642;5;2;1;1;6;250;08/12/2015
2015020643;5;2;1;1;6;250;08/12/2015
2015020644;1;2;1;1;6;250;09/12/2015
2015020645;5;2;1;1;6;250;13/12/2015
2015020646;1;2;1;1;6;250;15/12/2015
2015020647;5;2;1;2;6;250;16/12/2015
2015020648;5;2;6;2;3;250;21/12/2015
2015020649;5;2;1;1;6;250;28/12/2015
2015020650;2;2;1;1;6;250;30/12/2015
2015020651;5;2;2;1;3;250;30/12/2015
2015020652;1;2;1;1;2;250;27/12/2015
2015020653;1;2;1;2;6;250;08/05/2015
2015020654;1;2;1;1;6;250;14/12/2015
2015020655;1;2;2;1;6;250;22/05/2015
2015020656;5;1;1;1;6;250;06/11/2015
2015020657;1;2;1;1;3;250;21/07/2015
2015020658;1;2;1;1;6;250;24/06/2015
2015020659;5;2;1;1;7;250;15/11/2015
2015020660;1;2;1;1;6;250;19/08/2015
2015020661;5;2;3;1;7;250;22/08/2015
2015020662;5;2;1;1;7;250;04/10/2015
2015020663;5;2;1;1;5;250;08/10/2015
2015020664;1;1;1;2;6;250;16/12/2015
2015020665;4;2;1;1;6;250;12/11/2015
2015020666;5;2;1;3;6;250;20/11/2015
2015020667;1;2;1;1;2;250;24/11/2015
2015020668;1;2;1;9;6;250;02/01/2015
2015020669;1;2;3;1;3;250;12/01/2015
2015020670;5;2;1;4;1;250;31/01/2015
2015020671;1;2;1;1;3;250;02/02/2015
2015020672;5;2;9;1;6;250;02/02/2015
2015020673;1;2;1;1;2;250;27/03/2015
2015020674;1;2;1;1;1;250;01/01/2015
2015020675;5;2;1;1;6;250;04/03/2015
2015020676;5;2;1;2;6;250;08/01/2015
2015020677;1;1;1;1;5;250;07/03/2015
2015020678;2;2;3;4;2;250;16/01/2015
2015020679;1;2;3;1;6;250;08/03/2015
2015020680;3;1;1;4;1;250;31/01/2015
2015020681;1;2;1;1;2;250;13/03/2015
2015020682;1;2;1;1;4;250;16/03/2015
2015020683;5;2;1;1;4;250;13/02/2015
2015020684;1;1;1;4;3;250;28/02/2015
2015020685;1;2;3;2;6;250;02/04/2015
2015020686;1;2;1;1;6;250;11/04/2015
2015020687;1;1;1;1;1;250;14/04/2015
2015020688;1;2;1;1;6;250;21/04/2015
2015020689;2;2;6;3;3;250;27/04/2015
2015020690;1;2;6;1;1;250;14/05/2015
2015020691;1;2;1;2;5;250;19/05/2015
2015020692;1;2;2;1;3;250;02/06/2015
2015020693;5;2;2;2;3;250;14/06/2015
2015020694;1;2;3;1;3;250;23/06/2015
2015020695;1;1;1;1;7;250;29/06/2015
2015020696;1;2;1;1;6;250;02/07/2015
2015020697;1;2;3;1;1;250;14/07/2015
2015020698;1;2;1;1;3;250;16/07/2015
2015020699;1;2;1;1;7;250;17/07/2015
2015020700;1;2;6;1;2;250;11/08/2015
2015020701;1;2;3;1;6;250;21/08/2015
2015020702;2;2;2;1;1;250;08/09/2015
2015020703;5;1;1;1;6;250;09/09/2015
2015020704;1;1;3;1;3;250;24/09/2015
2015020705;1;2;1;1;3;250;28/09/2015
2015020706;1;2;2;1;1;250;02/10/2015
2015020707;1;2;1;1;3;250;03/10/2015
2015020708;1;2;1;1;6;250;08/10/2015
2015020709;1;1;1;1;3;250;15/10/2015
2015020710;5;2;3;1;3;250;11/11/2015
2015020711;1;2;1;1;3;250;12/11/2015
2015020712;5;2;3;1;3;250;17/11/2015
2015020713;2;2;1;1;6;250;18/11/2015
2015020714;5;2;1;4;6;250;23/11/2015
2015020715;1;2;2;4;3;250;26/11/2015
2015020716;5;2;3;1;7;250;01/12/2015
2015020717;3;1;1;1;1;250;09/12/2015
2015020718;1;2;1;1;6;250;24/12/2015
2015020719;1;2;1;1;6;250;29/12/2015
2015020720;5;2;1;1;6;250;30/12/2015
2015020721;4;1;1;9;6;260;28/02/2015
2015020722;3;1;1;1;7;260;19/11/2015
2015020723;3;1;2;1;1;840;08/01/2015
2015020724;3;1;1;1;6;840;24/01/2015
2015020725;1;1;1;1;3;840;23/05/2015
2015020726;1;1;2;1;3;840;24/05/2015
2015020727;3;2;1;1;6;840;06/06/2015
2015020728;1;1;1;1;6;840;06/07/2015
2015020729;2;1;1;1;1;840;09/09/2015
2015020730;1;1;1;1;1;840;24/10/2015
2015020731;1;1;1;1;1;840;05/12/2015
2015020732;1;1;2;1;4;590;09/04/2015
2015020733;1;1;1;7;2;590;21/04/2015
2015020734;1;2;1;8;6;590;07/06/2015
2015020735;2;2;1;1;6;590;12/06/2015
2015020736;2;1;1;1;3;590;09/07/2015
2015020737;1;2;2;1;3;590;18/07/2015
2015020738;1;1;1;1;3;590;19/10/2015
2015020739;3;1;1;1;1;590;03/11/2015
2015020740;3;1;4;5;3;790;16/02/2015
2015020741;1;2;1;1;1;790;10/09/2015
2015020742;4;2;1;1;6;790;06/03/2015
2015020743;1;1;3;1;3;790;15/04/2015
2015020744;3;2;1;1;6;790;07/06/2015
2015020745;3;1;1;1;6;790;07/06/2015
2015020746;1;1;1;1;3;790;13/06/2015
2015020747;1;2;1;1;3;620;08/03/2015
2015020748;1;2;1;1;3;620;27/03/2015
2015020749;1;2;2;1;3;620;22/04/2015
2015020750;1;2;1;1;6;620;09/06/2015
2015020751;1;1;2;1;3;620;28/07/2015
2015020752;1;2;1;2;6;620;27/08/2015
2015020753;3;1;1;4;5;590;01/01/2015
2015020754;1;2;1;1;2;590;12/01/2015
2015020755;5;2;6;3;6;590;13/01/2015
2015020756;1;1;1;1;6;590;25/01/2015
2015020757;1;2;9;2;7;590;18/06/2015
2015020758;1;1;1;1;1;590;31/07/2015
2015020759;1;2;1;1;1;590;21/08/2015
2015020760;1;2;1;1;6;590;08/09/2015
2015020761;3;1;1;1;1;740;25/04/2015
2015020762;1;2;6;1;1;740;26/08/2015
2015020763;3;1;1;1;5;740;25/10/2015
2015020764;1;1;1;1;4;740;06/11/2015
2015020765;1;2;1;2;6;10;16/01/2015
2015020766;1;1;1;1;1;10;03/06/2015
2015020767;1;2;1;1;6;10;30/06/2015
2015020768;1;2;1;1;1;10;17/07/2015
2015020769;1;1;1;1;1;10;24/09/2015
2015020770;3;1;1;1;6;10;10/11/2015
2015020771;1;2;1;1;6;10;09/12/2015
2015020772;1;1;1;1;1;830;06/06/2015
2015020773;1;2;1;1;6;830;19/08/2015
2015020774;3;1;1;2;1;830;12/10/2015
2015020775;1;1;3;1;3;260;29/03/2015
2015020776;5;2;1;1;1;260;08/04/2015
2015020777;1;2;3;1;3;260;13/04/2015
2015020778;1;2;1;1;6;260;25/04/2015
2015020779;1;1;1;1;3;260;15/05/2015
2015020780;1;2;2;1;3;260;26/05/2015
2015020781;1;2;2;1;3;260;28/05/2015
2015020782;5;2;1;1;6;260;15/07/2015
2015020783;1;2;1;1;6;260;13/08/2015
2015020784;1;2;1;1;6;260;11/08/2015
2015020785;1;1;1;1;2;260;26/08/2015
2015020786;1;2;6;1;3;260;27/08/2015
2015020787;1;2;1;1;6;260;14/08/2015
2015020788;1;1;1;1;4;260;29/09/2015
2015020789;1;1;1;1;1;260;19/09/2015
2015020790;1;2;9;1;6;260;27/09/2015
2015020791;5;1;1;1;1;260;15/10/2015
2015020792;1;2;1;1;6;260;06/11/2015
2015020793;1;2;1;1;3;260;18/11/2015
2015020794;1;1;1;1;3;260;20/11/2015
2015020795;3;1;1;1;6;260;25/10/2015
2015020796;1;1;2;1;3;260;02/12/2015
2015020797;1;2;1;1;6;260;30/11/2015
2015020798;5;2;1;1;6;260;04/01/2015
2015020799;1;2;1;1;4;260;05/01/2015
2015020800;1;2;3;1;3;260;06/01/2015
2015020801;5;2;6;2;3;260;18/01/2015
2015020802;1;2;1;1;1;260;26/01/2015
2015020803;1;1;1;6;5;260;05/02/2015
2015020804;1;2;1;2;6;260;01/03/2015
2015020805;1;1;3;1;2;260;28/02/2015
2015020806;1;2;2;1;3;260;03/01/2015
2015020807;1;2;1;1;3;260;22/03/2015
2015020808;1;2;1;1;6;260;05/01/2015
2015020809;1;2;6;1;1;260;23/03/2015
2015020810;5;2;1;1;6;260;07/01/2015
2015020811;2;2;1;1;6;260;23/03/2015
2015020812;1;2;1;1;1;260;07/01/2015
2015020813;1;1;1;1;1;260;10/04/2015
2015020814;2;2;6;1;6;260;09/01/2015
2015020815;1;2;3;1;3;260;10/04/2015
2015020816;1;2;3;1;3;260;14/01/2015
2015020817;5;2;1;1;3;260;10/04/2015
2015020818;5;2;6;1;3;260;16/01/2015
2015020819;1;2;2;1;3;260;14/04/2015
2015020820;1;2;3;1;3;260;24/01/2015
2015020821;1;2;1;1;3;260;19/04/2015
2015020822;1;2;1;1;6;260;14/02/2015
2015020823;1;2;1;1;6;260;21/04/2015
2015020824;1;2;1;2;6;260;15/02/2015
2015020825;1;2;1;1;6;260;29/04/2015
2015020826;1;2;1;1;3;260;23/02/2015
2015020827;1;1;1;1;2;260;09/05/2015
2015020828;1;2;2;1;7;260;23/02/2015
2015020829;1;2;3;1;3;260;11/05/2015
2015020830;1;2;1;3;7;260;27/02/2015
2015020831;1;2;6;1;3;260;14/05/2015
2015020832;1;2;1;1;2;260;10/03/2015
2015020833;1;2;1;1;1;260;19/05/2015
2015020834;1;2;2;1;3;260;20/05/2015
2015020835;1;2;1;1;6;260;28/05/2015
2015020836;1;2;1;1;3;260;10/06/2015
2015020837;1;2;2;1;1;260;18/06/2015
2015020838;1;2;2;1;3;260;18/06/2015
2015020839;2;2;1;1;1;260;24/06/2015
2015020840;1;2;1;1;2;260;26/06/2015
2015020841;1;2;1;1;3;260;26/06/2015
2015020842;2;2;1;1;2;260;28/06/2015
2015020843;1;2;1;1;3;260;01/07/2015
2015020844;1;2;1;1;3;260;06/07/2015
2015020845;1;2;1;1;2;260;13/07/2015
2015020846;1;2;7;1;3;260;30/07/2015
2015020847;1;2;6;1;3;260;30/07/2015
2015020848;1;2;2;1;1;260;07/08/2015
2015020849;1;2;1;1;3;260;12/08/2015
2015020850;2;2;1;1;4;260;18/08/2015
2015020851;1;2;3;1;2;260;22/08/2015
2015020852;1;2;1;1;2;260;24/08/2015
2015020853;1;1;1;1;6;260;07/09/2015
2015020854;1;2;1;1;2;260;14/09/2015
2015020855;1;2;1;1;7;260;15/09/2015
2015020856;1;2;9;1;6;260;15/09/2015
2015020857;3;2;1;1;3;260;16/09/2015
2015020858;1;2;9;1;3;260;18/09/2015
2015020859;1;2;1;1;3;260;19/09/2015
2015020860;1;2;3;1;4;260;19/09/2015
2015020861;1;2;6;1;2;260;21/09/2015
2015020862;1;2;1;1;1;260;26/09/2015
2015020863;1;2;1;1;5;260;29/09/2015
2015020864;1;2;9;1;3;260;01/10/2015
2015020865;1;2;1;1;6;260;06/10/2015
2015020866;1;2;1;1;4;260;08/10/2015
2015020867;1;2;2;1;3;260;09/10/2015
2015020868;1;2;1;1;1;260;12/10/2015
2015020869;1;2;1;2;2;260;13/10/2015
2015020870;1;2;1;1;2;260;02/11/2015
2015020871;1;2;1;1;3;260;02/11/2015
2015020872;1;2;1;1;2;260;06/11/2015
2015020873;1;2;3;1;3;260;14/11/2015
2015020874;1;2;1;1;6;260;28/11/2015
2015020875;5;2;6;1;3;260;30/11/2015
2015020876;1;2;6;1;7;260;23/11/2015
2015020877;1;1;2;1;3;260;02/12/2015
2015020878;1;2;6;1;6;260;08/12/2015
2015020879;1;1;4;1;6;260;08/12/2015
2015020880;1;2;2;1;2;260;10/12/2015
2015020881;5;2;6;1;3;260;11/12/2015
2015020882;1;1;1;1;2;260;12/12/2015
2015020883;2;2;1;1;3;260;15/12/2015
2015020884;1;1;2;1;3;260;17/12/2015
2015020885;1;2;1;1;3;260;18/12/2015
2015020886;1;2;6;2;3;260;21/12/2015
2015020887;5;1;1;1;2;260;22/12/2015
2015020888;1;1;3;1;3;260;08/01/2015
2015020889;2;2;1;1;6;260;28/12/2015
2015020890;3;2;1;1;1;260;21/03/2015
2015020891;1;2;3;1;6;260;08/01/2015
2015020892;1;2;2;1;3;260;18/03/2015
2015020893;5;2;1;1;3;260;28/12/2015
2015020894;3;1;1;1;1;260;11/01/2015
2015020895;3;2;1;1;7;260;29/12/2015
2015020896;1;2;2;1;6;260;12/01/2015
2015020897;3;1;1;1;4;260;27/03/2015
2015020898;1;2;1;1;6;260;07/01/2015
2015020899;4;1;1;1;7;260;29/03/2015
2015020900;3;1;1;1;4;260;15/01/2015
2015020901;1;2;1;1;6;260;31/03/2015
2015020902;1;2;1;2;6;260;21/01/2015
2015020903;1;2;7;1;3;260;09/04/2015
2015020904;5;2;3;1;3;260;28/01/2015
2015020905;1;2;6;1;6;260;10/04/2015
2015020906;5;2;2;1;3;260;30/01/2015
2015020907;1;2;1;2;3;260;19/04/2015
2015020908;1;2;2;1;3;260;30/01/2015
2015020909;1;2;1;1;6;260;14/04/2015
2015020910;3;1;1;1;6;260;10/02/2015
2015020911;1;2;1;1;3;260;20/04/2015
2015020912;5;2;1;1;6;260;13/02/2015
2015020913;1;2;1;1;6;260;15/05/2015
2015020914;5;2;9;1;6;260;17/02/2015
2015020915;1;2;3;1;3;260;14/05/2015
2015020916;3;2;1;1;3;260;19/02/2015
2015020917;1;2;1;1;7;260;17/05/2015
2015020918;5;1;2;1;3;260;23/02/2015
2015020919;1;1;1;1;6;260;07/05/2015
2015020920;1;2;6;1;3;260;28/02/2015
2015020921;1;2;1;1;6;260;02/06/2015
2015020922;1;1;1;1;5;260;28/02/2015
2015020923;1;1;1;1;7;260;18/05/2015
2015020924;1;2;2;1;3;260;11/03/2015
2015020925;1;2;1;1;6;260;03/06/2015
2015020926;1;1;1;1;6;260;13/03/2015
2015020927;1;1;2;1;3;260;05/06/2015
2015020928;1;2;1;1;6;260;13/03/2015
2015020929;1;1;1;1;7;260;18/06/2015
2015020930;3;1;1;1;2;260;19/06/2015
2015020931;3;2;1;1;6;260;21/06/2015
2015020932;1;2;2;1;3;260;23/06/2015
2015020933;5;2;1;1;7;260;09/04/2015
2015020934;1;1;2;1;3;260;24/06/2015
2015020935;1;1;6;1;3;260;28/06/2015
2015020936;1;1;1;1;5;260;02/07/2015
2015020937;1;2;3;1;1;260;01/07/2015
2015020938;5;2;6;1;2;260;26/07/2015
2015020939;1;1;1;1;4;260;27/07/2015
2015020940;1;2;2;1;3;260;10/08/2015
2015020941;1;2;1;1;6;260;14/08/2015
2015020942;1;2;1;1;2;260;10/09/2015
2015020943;1;1;1;1;7;260;14/09/2015
2015020944;1;2;1;1;6;260;14/09/2015
2015020945;1;2;1;1;3;260;23/09/2015
2015020946;1;2;1;1;6;260;22/09/2015
2015020947;1;2;1;1;6;260;06/08/2015
2015020948;1;2;6;1;6;260;24/09/2015
2015020949;1;2;1;1;2;260;24/09/2015
2015020950;1;2;1;1;6;260;28/09/2015
2015020951;1;2;1;1;6;260;17/10/2015
2015020952;5;2;1;1;6;260;16/11/2015
2015020953;1;2;1;1;5;260;19/11/2015
2015020954;5;2;2;1;3;260;14/11/2015
2015020955;4;2;2;1;3;260;28/11/2015
2015020956;1;2;1;1;6;260;29/11/2015
2015020957;3;1;1;1;7;260;05/12/2015
2015020958;1;2;1;1;6;260;03/12/2015
2015020959;1;1;1;1;6;260;23/10/2015