num_acc;lum;agg;inter;atm;col;dep;date
2015020960;1;2;6;1;6;260;12/12/2015
2015020961;1;2;1;1;6;840;05/02/2015
2015020962;1;2;1;1;3;840;08/07/2015
2015020963;3;1;1;1;6;840;17/11/2015
2015020964;2;1;1;1;1;60;22/01/2015
2015020965;1;2;1;1;4;60;27/02/2015
2015020966;1;1;1;1;7;60;30/04/2015
2015020967;1;1;1;1;6;60;14/06/2015
2015020968;1;1;1;1;7;60;20/06/2015
2015020969;1;2;1;1;1;60;15/07/2015
2015020970;1;2;9;1;3;60;31/07/2015
2015020971;1;1;1;1;1;60;22/09/2015
2015020972;3;1;1;1;1;60;05/10/2015
2015020973;1;1;1;1;2;60;26/10/2015
2015020974;3;1;1;1;1;60;06/11/2015
2015020975;3;1;1;1;7;60;12/11/2015
2015020976;3;2;1;1;4;380;06/02/2015
2015020977;1;2;3;1;6;380;31/03/2015
2015020978;1;2;1;1;1;380;08/04/2015
2015020979;1;1;1;1;1;380;23/05/2015
2015020980;1;2;1;1;1;380;30/05/2015
2015020981;2;2;2;1;1;380;18/02/2015
2015020982;3;2;1;1;7;380;11/03/2015
2015020983;3;1;1;2;6;380;14/03/2015
2015020984;1;2;1;8;3;380;28/03/2015
2015020985;1;1;1;1;2;380;02/06/2015
2015020986;2;1;1;1;3;380;18/07/2015
2015020987;2;1;1;1;5;380;29/07/2015
2015020988;3;1;1;1;1;380;05/09/2015
2015020989;5;2;1;1;6;380;27/09/2015
2015020990;5;2;1;1;6;380;03/10/2015
2015020991;1;1;1;1;3;380;11/10/2015
2015020992;1;1;1;1;6;380;23/10/2015
2015020993;3;2;1;5;6;380;30/10/2015
2015020994;2;1;1;1;6;380;04/11/2015
2015020995;1;1;1;1;1;380;06/11/2015
2015020996;2;1;2;2;6;380;20/11/2015
2015020997;1;1;4;5;2;380;05/12/2015
2015020998;1;2;6;1;6;690;29/04/2015
2015020999;2;1;1;3;3;690;08/05/2015
2015021000;1;2;1;1;6;690;28/05/2015
2015021001;1;2;1;1;3;690;10/09/2015
2015021002;1;2;1;1;6;690;19/10/2015
2015021003;1;2;1;1;6;620;07/03/2015
2015021004;1;1;1;1;1;620;24/03/2015
2015021005;1;2;1;1;4;620;11/06/2015
2015021006;1;2;1;1;1;620;22/07/2015
2015021007;1;2;1;1;3;620;14/08/2015
2015021008;5;2;9;2;6;620;15/12/2015
2015021009;5;2;6;2;6;580;21/02/2015
2015021010;1;1;1;1;3;580;04/06/2015
2015021011;3;1;1;8;6;580;10/12/2015
2015021012;3;1;1;1;6;410;23/03/2015
2015021013;1;1;1;1;2;410;03/04/2015
2015021014;1;1;1;8;2;410;04/05/2015
2015021015;3;1;1;1;7;410;10/05/2015
2015021016;1;1;1;1;7;410;23/05/2015
2015021017;1;1;1;7;6;410;13/07/2015
2015021018;1;1;1;1;7;410;15/07/2015
2015021019;1;1;1;1;2;410;22/07/2015
2015021020;2;1;1;1;5;410;27/07/2015
2015021021;1;1;1;1;2;410;19/07/2015
2015021022;1;1;1;7;2;410;04/08/2015
2015021023;1;1;1;1;2;410;14/08/2015
2015021024;1;1;1;1;3;410;22/08/2015
2015021025;2;1;1;2;2;410;28/08/2015
2015021026;3;1;1;1;2;410;07/09/2015
2015021027;1;2;1;1;6;270;12/01/2015
2015021028;1;2;9;1;3;270;17/02/2015
2015021029;5;2;2;1;1;270;21/10/2015
2015021030;1;2;1;1;6;270;23/03/2015
2015021031;5;2;2;1;3;270;20/03/2015
2015021032;3;1;1;1;1;270;06/11/2015
2015021033;1;1;1;1;2;270;26/03/2015
2015021034;5;2;1;1;1;270;20/11/2015
2015021035;5;2;1;1;6;270;04/04/2015
2015021036;1;2;2;1;3;270;04/12/2015
2015021037;2;2;2;1;3;270;18/04/2015
2015021038;1;2;1;1;3;270;23/04/2015
2015021039;1;2;1;1;1;270;18/05/2015
2015021040;1;2;1;1;6;270;10/06/2015
2015021041;1;2;1;1;6;270;25/06/2015
2015021042;1;2;6;1;3;270;01/07/2015
2015021043;1;2;1;1;6;270;14/07/2015
2015021044;1;2;2;1;3;270;20/07/2015
2015021045;1;1;1;1;5;270;28/07/2015
2015021046;1;2;1;1;3;270;25/08/2015
2015021047;5;2;1;1;6;270;01/09/2015
2015021048;1;2;1;1;6;270;03/09/2015
2015021049;2;2;1;1;6;270;05/09/2015
2015021050;1;2;3;1;3;270;04/10/2015
2015021051;1;1;1;1;3;350;08/09/2015
2015021052;5;2;1;1;4;350;03/10/2015
2015021053;1;1;3;2;2;510;29/03/2015
2015021054;1;2;3;2;6;270;10/01/2015
2015021055;2;2;1;2;1;270;26/02/2015
2015021056;1;2;1;1;6;270;29/01/2015
2015021057;1;2;1;2;6;270;29/03/2015
2015021058;1;2;3;1;3;270;01/04/2015
2015021059;1;2;3;1;3;270;16/04/2015
2015021060;1;2;6;1;4;270;25/06/2015
2015021061;2;2;3;1;3;270;16/06/2015
2015021062;1;1;1;1;6;270;03/07/2015
2015021063;2;2;3;1;3;270;28/11/2015
2015021064;1;1;1;1;3;380;29/05/2015
2015021065;3;1;1;1;2;140;06/02/2015
2015021066;3;1;1;1;7;140;07/02/2015
2015021067;1;1;1;1;3;140;07/04/2015
2015021068;1;1;1;1;6;140;15/05/2015
2015021069;1;1;1;1;2;140;07/06/2015
2015021070;1;1;2;1;3;140;10/06/2015
2015021071;1;1;1;1;1;140;16/06/2015
2015021072;1;1;1;1;1;140;16/06/2015
2015021073;2;1;1;1;6;140;02/08/2015
2015021074;1;1;1;1;6;140;23/08/2015
2015021075;3;1;1;1;2;140;14/09/2015
2015021076;1;2;1;1;1;60;10/02/2015
2015021077;1;2;1;1;1;60;03/06/2015
2015021078;5;2;1;1;6;60;25/07/2015
2015021079;2;2;1;1;3;60;18/12/2015
2015021080;5;2;1;1;6;60;02/01/2015
2015021081;1;2;1;1;3;60;29/01/2015
2015021082;1;2;1;3;6;60;14/02/2015
2015021083;2;1;1;1;3;60;18/12/2015
2015021084;1;1;1;1;5;390;06/05/2015
2015021085;1;1;1;1;5;390;08/07/2015
2015021086;1;1;1;2;5;390;24/08/2015
2015021087;1;2;1;1;6;390;27/10/2015
2015021088;1;2;3;1;3;270;16/02/2015
2015021089;1;2;1;1;2;270;07/11/2015
2015021090;1;1;1;1;1;270;07/11/2015
2015021091;1;2;3;1;6;270;09/04/2015
2015021092;2;2;3;1;6;270;07/11/2015
2015021093;1;2;3;1;6;270;21/04/2015
2015021094;3;1;1;1;6;270;15/05/2015
2015021095;1;2;1;1;1;270;19/06/2015
2015021096;1;2;3;1;3;270;10/07/2015
2015021097;1;1;3;1;3;270;01/08/2015
2015021098;1;2;3;1;3;270;11/09/2015
2015021099;1;2;1;1;6;270;24/09/2015
2015021100;1;1;3;1;6;270;26/09/2015
2015021101;1;2;6;7;6;270;31/10/2015
2015021102;1;1;3;1;3;170;06/03/2015
2015021103;1;1;1;1;1;170;16/03/2015
2015021104;3;1;1;8;6;250;28/03/2015
2015021105;1;1;1;1;3;250;19/05/2015
2015021106;1;1;1;1;5;250;31/07/2015
2015021107;1;1;9;1;6;250;20/09/2015
2015021108;3;1;1;3;6;250;19/09/2015
2015021109;1;1;1;2;3;250;15/10/2015
2015021110;1;1;1;9;1;250;08/12/2015
2015021111;1;1;6;1;6;910;31/01/2015
2015021112;1;2;1;1;1;910;22/03/2015
2015021113;5;2;7;1;6;910;01/04/2015
2015021114;1;2;1;1;6;910;12/04/2015
2015021115;1;1;6;2;3;910;30/04/2015
2015021116;1;2;1;1;1;910;09/05/2015
2015021117;1;2;1;1;6;910;30/06/2015
2015021118;1;2;1;3;1;910;16/09/2015
2015021119;1;1;1;1;3;910;30/12/2015
2015021120;1;1;1;1;6;760;27/06/2015
2015021121;2;1;1;1;3;760;24/10/2015
2015021122;2;1;1;8;6;760;06/11/2015
2015021123;2;1;1;2;2;760;09/12/2015
2015021124;1;1;1;2;6;870;24/01/2015
2015021125;1;1;1;1;2;870;21/08/2015
2015021126;3;1;1;2;5;870;24/08/2015
2015021127;3;1;1;1;7;870;15/10/2015
2015021128;1;1;1;1;6;870;07/11/2015
2015021129;2;1;1;2;4;870;18/11/2015
2015021130;1;1;1;9;2;870;19/11/2015
2015021131;1;1;1;1;6;870;27/11/2015
2015021132;1;1;1;1;3;190;12/01/2015
2015021133;1;1;1;8;2;190;14/01/2015
2015021134;1;1;1;4;4;190;21/02/2015
2015021135;3;1;1;2;1;190;16/06/2015
2015021136;1;1;1;1;6;190;14/07/2015
2015021137;3;1;1;1;2;190;21/10/2015
2015021138;1;1;1;1;1;190;08/12/2015
2015021139;1;1;1;1;1;590;09/06/2015
2015021140;1;1;1;1;7;590;11/07/2015
2015021141;3;1;1;1;1;590;26/11/2015
2015021142;2;1;1;1;3;590;19/12/2015
2015021143;1;2;1;1;6;280;11/12/2015
2015021144;5;2;3;1;6;280;26/12/2015
2015021145;1;1;1;1;6;280;16/12/2015
2015021146;5;2;1;5;6;280;05/01/2015
2015021147;1;2;1;1;6;280;07/01/2015
2015021148;1;2;2;2;3;280;08/01/2015
2015021149;5;2;5;1;6;280;09/01/2015
2015021150;1;2;1;2;6;280;10/01/2015
2015021151;1;2;3;1;3;280;24/01/2015
2015021152;3;1;1;1;1;280;25/01/2015
2015021153;1;2;1;2;1;280;26/01/2015
2015021154;1;2;1;2;3;280;26/01/2015
2015021155;1;2;1;2;6;280;28/01/2015
2015021156;5;2;2;3;3;280;10/01/2015
2015021157;5;2;2;1;3;280;10/01/2015
2015021158;5;2;1;2;6;280;29/01/2015
2015021159;1;2;3;2;6;280;29/01/2015
2015021160;1;1;1;2;1;280;31/01/2015
2015021161;1;2;2;1;5;280;31/01/2015
2015021162;1;2;1;1;2;280;19/01/2015
2015021163;1;2;1;4;6;280;01/02/2015
2015021164;3;1;1;9;7;280;01/02/2015
2015021165;1;1;6;1;4;280;03/02/2015
2015021166;1;1;1;1;2;280;04/02/2015
2015021167;3;1;1;1;7;280;04/02/2015
2015021168;1;1;1;4;6;280;05/02/2015
2015021169;2;2;3;1;3;280;09/02/2015
2015021170;5;2;1;1;2;280;04/02/2015
2015021171;2;2;1;5;4;280;12/02/2015
2015021172;5;2;2;8;2;280;13/02/2015
2015021173;3;1;1;3;5;280;14/02/2015
2015021174;1;2;1;1;2;280;17/02/2015
2015021175;1;2;1;1;7;280;18/02/2015
2015021176;1;2;1;1;6;280;18/02/2015
2015021177;1;1;1;1;7;280;18/02/2015
2015021178;1;1;1;1;6;280;14/02/2015
2015021179;3;1;1;1;7;280;18/02/2015
2015021180;1;2;3;1;3;280;19/02/2015
2015021181;1;2;1;2;4;280;20/02/2015
2015021182;1;2;1;2;5;280;20/02/2015
2015021183;5;2;1;2;7;280;20/02/2015
2015021184;5;2;1;8;6;280;22/02/2015
2015021185;1;2;1;2;1;280;24/02/2015
2015021186;1;2;3;2;3;280;25/02/2015
2015021187;1;1;1;2;3;280;25/02/2015
2015021188;5;2;1;2;2;280;25/02/2015
2015021189;1;2;1;1;6;280;12/02/2015
2015021190;1;2;1;1;6;280;27/02/2015
2015021191;5;1;6;2;3;280;02/03/2015
2015021192;2;2;6;1;3;280;02/03/2015
2015021193;1;2;6;1;3;280;04/03/2015
2015021194;1;1;1;1;4;280;09/03/2015
2015021195;1;2;1;1;3;280;13/03/2015
2015021196;1;2;2;1;3;280;15/03/2015
2015021197;1;2;1;1;6;280;17/03/2015
2015021198;1;2;1;1;3;280;18/03/2015
2015021199;5;2;2;1;3;280;19/03/2015
2015021200;1;2;1;3;7;280;24/03/2015
2015021201;1;1;1;1;6;280;25/03/2015
2015021202;5;2;1;1;6;280;27/03/2015
2015021203;5;2;1;2;7;280;29/03/2015
2015021204;1;2;2;1;3;280;30/03/2015
2015021205;1;2;2;2;6;280;31/03/2015
2015021206;1;2;1;1;2;280;31/03/2015
2015021207;5;2;1;2;7;280;22/03/2015
2015021208;1;2;1;2;6;280;02/04/2015
2015021209;1;2;1;1;3;280;02/04/2015
2015021210;1;2;1;3;6;280;02/04/2015
2015021211;1;1;3;8;2;280;04/04/2015
2015021212;1;2;1;1;3;280;14/04/2015
2015021213;1;1;9;1;6;280;15/04/2015
2015021214;1;1;1;1;3;280;13/04/2015
2015021215;1;2;1;1;2;280;17/04/2015
2015021216;1;2;3;1;1;280;18/04/2015
2015021217;1;2;1;1;1;280;18/04/2015
2015021218;1;2;1;1;6;280;20/04/2015
2015021219;1;2;1;1;6;280;20/04/2015
2015021220;1;2;1;1;3;280;22/04/2015
2015021221;1;2;1;1;6;280;23/04/2015
2015021222;1;2;1;1;3;280;29/04/2015
2015021223;1;2;1;2;6;280;30/04/2015
2015021224;1;1;1;2;2;280;30/04/2015
2015021225;1;1;1;2;7;280;01/05/2015
2015021226;1;2;1;1;1;280;09/05/2015
2015021227;1;1;1;1;4;280;10/05/2015
2015021228;1;2;1;1;5;280;13/05/2015
2015021229;1;1;3;1;3;280;13/05/2015
2015021230;5;2;1;1;6;280;14/05/2015
2015021231;1;2;1;1;6;280;14/05/2015
2015021232;5;2;2;1;6;280;16/05/2015
2015021233;1;2;1;1;4;280;18/05/2015
2015021234;1;2;1;1;6;280;18/05/2015
2015021235;1;2;1;1;3;280;19/05/2015
2015021236;1;1;2;1;3;280;20/05/2015
2015021237;1;1;3;1;2;280;21/05/2015
2015021238;1;2;3;1;2;280;21/05/2015
2015021239;5;2;1;1;6;280;23/05/2015
2015021240;1;1;1;1;2;280;28/05/2015
2015021241;1;2;1;1;6;280;30/05/2015
2015021242;1;2;1;1;6;280;02/06/2015
2015021243;1;2;1;1;1;280;04/06/2015
2015021244;1;2;3;1;2;280;05/06/2015
2015021245;1;2;1;1;2;280;02/06/2015
2015021246;1;1;1;1;7;280;07/06/2015
2015021247;1;2;1;1;7;280;08/06/2015
2015021248;1;1;1;1;6;280;10/06/2015
2015021249;1;1;1;1;1;280;12/06/2015
2015021250;1;1;1;1;1;280;12/06/2015
2015021251;1;2;1;1;1;280;14/06/2015
2015021252;1;2;1;1;4;280;13/06/2015
2015021253;1;1;1;1;2;280;16/06/2015
2015021254;1;2;1;1;6;280;16/06/2015
2015021255;1;2;1;1;6;280;11/06/2015
2015021256;1;2;9;1;6;280;17/06/2015
2015021257;1;2;1;2;2;280;18/06/2015
2015021258;1;2;1;1;6;280;20/06/2015
2015021259;1;2;1;1;7;280;21/06/2015
2015021260;1;2;4;1;2;280;21/06/2015
2015021261;1;2;1;1;6;280;26/06/2015
2015021262;1;1;3;1;6;280;28/06/2015
2015021263;1;2;2;1;3;280;29/06/2015
2015021264;1;2;1;1;7;280;03/07/2015
2015021265;1;2;1;1;1;280;05/07/2015
2015021266;1;2;1;1;6;280;05/07/2015
2015021267;1;2;1;1;6;280;06/07/2015
2015021268;1;2;7;1;7;280;06/07/2015
2015021269;1;1;1;1;2;280;14/07/2015
2015021270;1;2;2;1;3;280;16/07/2015
2015021271;1;2;3;1;3;280;23/07/2015
2015021272;1;2;6;1;1;280;30/08/2015
2015021273;1;1;1;1;3;280;04/09/2015
2015021274;1;2;2;1;3;280;03/09/2015
2015021275;1;2;3;1;1;280;21/09/2015
2015021276;1;2;1;1;1;280;09/09/2015
2015021277;1;2;1;1;6;280;09/09/2015
2015021278;5;2;2;2;3;280;17/11/2015
2015021279;1;2;4;2;7;280;06/11/2015
2015021280;1;2;1;1;6;280;03/11/2015
2015021281;1;2;1;1;6;280;27/12/2015
2015021282;1;1;1;3;5;420;21/02/2015
2015021283;1;1;1;1;7;420;05/03/2015
2015021284;1;1;1;1;1;420;05/04/2015
2015021285;1;2;1;1;6;420;16/04/2015
2015021286;1;1;1;1;1;420;18/04/2015
2015021287;1;1;1;1;1;420;30/06/2015
2015021288;1;2;6;1;3;420;30/06/2015
2015021289;1;1;1;1;1;420;02/07/2015
2015021290;1;1;3;1;1;420;21/08/2015
2015021291;1;1;1;1;1;420;06/09/2015
2015021292;1;1;1;1;2;420;09/09/2015
2015021293;1;2;1;1;6;420;25/10/2015
2015021294;1;2;1;1;6;420;01/11/2015
2015021295;3;1;1;2;6;280;30/12/2015
2015021296;5;2;6;1;6;280;23/01/2015
2015021297;1;2;1;1;7;280;10/02/2015
2015021298;1;2;1;5;2;280;12/02/2015
2015021299;1;1;1;1;6;280;20/02/2015
2015021300;1;1;2;1;5;280;21/02/2015
2015021301;5;1;2;1;2;280;23/02/2015
2015021302;1;2;1;1;6;280;02/03/2015
2015021303;3;1;1;2;1;280;28/03/2015
2015021304;1;2;2;1;6;280;05/04/2015
2015021305;1;2;6;1;2;280;14/04/2015
2015021306;1;2;1;1;2;280;11/05/2015
2015021307;1;2;1;8;1;280;05/06/2015
2015021308;1;2;1;1;2;280;11/06/2015
2015021309;1;2;1;1;3;280;21/06/2015
2015021310;1;2;2;1;6;280;25/06/2015
2015021311;1;2;1;1;7;280;01/07/2015
2015021312;1;1;1;2;1;280;24/07/2015
2015021313;1;2;1;1;3;280;28/07/2015
2015021314;1;2;1;1;7;280;31/07/2015
2015021315;1;2;1;1;6;280;08/08/2015
2015021316;1;1;1;2;5;280;18/09/2015
2015021317;1;2;1;1;3;280;24/09/2015
2015021318;1;2;1;9;6;280;26/09/2015
2015021319;5;2;2;2;3;280;16/10/2015
2015021320;3;1;1;1;1;280;18/10/2015
2015021321;1;2;1;1;3;280;13/11/2015
2015021322;1;2;1;1;6;280;11/12/2015
2015021323;5;2;4;1;3;280;28/12/2015
2015021324;3;1;1;1;6;710;21/01/2015
2015021325;2;1;1;8;2;710;17/01/2015
2015021326;1;1;1;8;6;710;31/01/2015
2015021327;3;1;1;1;2;710;24/02/2015
2015021328;2;1;1;1;6;710;10/04/2015
2015021329;1;1;1;1;7;710;18/04/2015
2015021330;3;1;1;1;5;710;30/09/2015
2015021331;1;1;1;1;6;710;04/10/2015
2015021332;3;1;1;1;4;710;09/11/2015
2015021333;1;1;1;1;6;740;18/02/2015
2015021334;1;2;1;1;5;740;02/06/2015
2015021335;1;1;1;1;6;740;20/06/2015
2015021336;1;1;1;1;1;740;05/11/2015
2015021337;1;1;1;1;1;740;07/11/2015
2015021338;1;1;1;1;1;140;20/06/2015
2015021339;1;1;1;1;6;140;11/07/2015
2015021340;2;1;1;2;6;140;26/07/2015
2015021341;1;1;1;1;3;140;29/08/2015
2015021342;1;1;1;8;6;140;01/11/2015
2015021343;3;1;1;1;7;220;08/01/2015
2015021344;1;1;1;2;7;220;19/02/2015
2015021345;2;1;1;4;5;220;21/02/2015
2015021346;1;1;1;7;5;220;23/03/2015
2015021347;3;1;1;1;6;220;05/04/2015
2015021348;1;1;1;1;7;220;11/04/2015
2015021349;1;1;1;2;2;220;11/04/2015
2015021350;1;1;1;8;2;220;25/04/2015
2015021351;1;1;1;8;7;220;25/04/2015
2015021352;1;1;1;3;6;220;26/04/2015
2015021353;2;1;1;1;6;220;19/05/2015
2015021354;1;1;1;1;2;220;24/05/2015
2015021355;1;1;1;1;7;220;11/06/2015
2015021356;1;1;1;1;5;220;21/06/2015
2015021357;1;1;1;7;7;220;08/08/2015
2015021358;1;1;1;1;2;220;10/08/2015
2015021359;1;1;1;1;5;220;28/08/2015
2015021360;1;1;1;1;4;220;04/09/2015
2015021361;1;1;1;1;3;220;05/09/2015
2015021362;3;1;9;1;6;220;10/09/2015
2015021363;1;1;9;1;6;220;11/10/2015
2015021364;1;1;1;5;6;220;18/10/2015
2015021365;3;1;1;8;2;220;22/11/2015
2015021366;1;1;1;4;6;220;30/01/2015
2015021367;3;1;1;1;6;220;08/02/2015
2015021368;2;1;1;1;6;220;11/03/2015
2015021369;1;1;1;1;5;220;17/03/2015
2015021370;3;1;9;1;6;220;14/04/2015
2015021371;1;1;1;2;4;220;24/04/2015
2015021372;1;1;1;1;3;220;27/04/2015
2015021373;2;1;1;1;7;220;28/04/2015
2015021374;1;1;1;1;4;220;16/06/2015
2015021375;2;1;1;2;7;220;02/07/2015
2015021376;3;1;1;1;6;220;05/07/2015
2015021377;1;1;1;8;6;220;19/07/2015
2015021378;1;1;1;1;4;220;21/07/2015
2015021379;1;1;1;1;4;220;01/08/2015
2015021380;3;1;1;3;3;220;23/08/2015
2015021381;1;1;1;3;6;220;24/08/2015
2015021382;1;1;1;1;3;220;29/08/2015
2015021383;1;1;1;1;6;220;11/09/2015
2015021384;1;1;1;1;4;220;29/09/2015
2015021385;1;1;4;1;2;220;05/10/2015
2015021386;1;1;1;1;6;220;16/10/2015
2015021387;3;1;9;1;3;220;31/10/2015
2015021388;1;1;1;3;5;220;20/11/2015
2015021389;1;1;1;1;6;220;26/11/2015
2015021390;2;1;1;1;6;220;21/12/2015
2015021391;3;1;1;1;6;290;07/01/2015
2015021392;1;1;1;4;2;290;31/01/2015
2015021393;1;1;1;4;6;290;21/02/2015
2015021394;1;1;1;4;6;290;24/02/2015
2015021395;3;1;1;1;6;290;02/04/2015
2015021396;1;1;1;1;6;290;01/05/2015
2015021397;3;1;1;2;7;290;23/05/2015
2015021398;3;1;1;1;6;290;19/06/2015
2015021399;1;1;1;1;7;290;24/06/2015
2015021400;1;1;1;1;2;290;16/07/2015
2015021401;1;1;1;1;2;290;21/07/2015
2015021402;1;1;1;1;6;290;07/08/2015
2015021403;1;1;1;1;2;290;18/08/2015
2015021404;1;1;1;2;6;290;31/08/2015
2015021405;1;1;1;2;7;290;13/09/2015
2015021406;1;1;1;1;2;290;02/11/2015
2015021407;1;1;1;2;7;290;17/11/2015
2015021408;5;1;1;2;6;290;31/01/2015
2015021409;1;1;1;1;1;290;05/06/2015
2015021410;1;1;9;3;3;290;26/07/2015
2015021411;1;1;1;1;7;290;22/08/2015
2015021412;1;1;1;1;7;290;28/12/2015
2015021413;3;1;1;8;1;350;31/01/2015
2015021414;3;1;1;2;2;350;02/05/2015
2015021415;1;1;1;1;5;350;06/05/2015
2015021416;2;1;1;1;6;350;03/07/2015
2015021417;1;1;1;1;3;350;10/07/2015
2015021418;1;1;1;1;7;350;26/09/2015
2015021419;1;1;1;1;6;350;24/10/2015
2015021420;3;1;1;3;2;350;01/02/2015
2015021421;1;1;1;1;1;10;19/05/2015
2015021422;1;1;1;1;7;10;22/05/2015
2015021423;1;1;1;1;2;10;04/06/2015
2015021424;1;1;1;1;7;10;21/06/2015
2015021425;3;1;1;1;6;10;01/11/2015
2015021426;1;1;1;1;6;10;08/11/2015
2015021427;3;2;1;2;6;540;01/03/2015
2015021428;3;1;1;2;6;540;29/03/2015
2015021429;1;1;1;1;6;540;19/04/2015
2015021430;1;1;1;5;6;540;25/10/2015
2015021431;1;1;1;1;7;540;18/01/2015
2015021432;2;1;1;1;3;540;23/01/2015
2015021433;1;1;3;5;3;540;13/02/2015
2015021434;5;2;1;1;6;540;19/02/2015
2015021435;1;2;1;1;7;540;24/04/2015
2015021436;1;1;1;3;7;540;26/04/2015
2015021437;1;1;1;1;7;540;06/05/2015
2015021438;1;1;1;1;1;540;14/05/2015
2015021439;1;1;1;1;3;540;10/07/2015
2015021440;1;1;1;1;1;540;15/07/2015
2015021441;2;2;1;1;6;540;22/07/2015
2015021442;1;2;1;1;1;540;06/08/2015
2015021443;1;2;1;1;7;540;11/08/2015
2015021444;1;1;1;1;1;670;11/01/2015
2015021445;1;1;1;2;6;670;16/09/2015
2015021446;1;1;1;1;1;670;31/12/2015
2015021447;5;1;1;1;6;830;08/02/2015
2015021448;1;2;1;1;3;830;03/06/2015
2015021449;1;1;1;1;6;830;07/07/2015
2015021450;3;2;1;1;6;830;19/08/2015
2015021451;1;1;1;1;1;830;26/10/2015
2015021452;1;2;1;1;6;830;31/10/2015
2015021453;5;1;1;5;6;830;20/12/2015
2015021454;1;1;9;1;5;670;15/11/2015
2015021455;1;1;1;1;6;40;20/02/2015
2015021456;1;2;2;1;1;40;06/09/2015
2015021457;1;2;1;1;3;40;07/09/2015
2015021458;3;1;1;1;6;350;22/01/2015
2015021459;2;1;1;8;7;350;27/01/2015
2015021460;3;1;1;1;6;350;07/03/2015
2015021461;2;1;1;1;3;350;10/04/2015
2015021462;1;1;6;2;3;350;01/05/2015
2015021463;3;1;1;1;6;350;03/08/2015
2015021464;1;1;1;1;6;350;11/10/2015
2015021465;1;2;1;7;1;350;10/11/2015
2015021466;3;1;1;2;3;350;16/12/2015
2015021467;1;1;1;1;6;860;29/04/2015
2015021468;1;1;1;1;2;860;29/06/2015
2015021469;3;1;1;1;5;860;20/08/2015
2015021470;1;1;1;1;1;860;27/11/2015
2015021471;1;1;1;1;7;210;20/04/2015
2015021472;1;1;1;1;2;210;20/06/2015
2015021473;1;1;1;1;1;210;24/06/2015
2015021474;1;1;1;1;6;210;09/07/2015
2015021475;3;1;1;1;6;210;15/07/2015
2015021476;1;1;1;2;2;210;23/08/2015
2015021477;1;1;1;5;2;210;26/10/2015
2015021478;1;1;1;1;6;210;19/12/2015
2015021479;1;1;1;1;2;210;20/12/2015
2015021480;3;1;1;8;5;210;24/12/2015
2015021481;1;2;1;1;1;860;26/07/2015
2015021482;1;1;1;2;1;10;21/03/2015
2015021483;5;2;1;1;6;10;28/03/2015
2015021484;3;1;1;1;7;10;16/04/2015
2015021485;3;1;1;1;7;10;15/08/2015
2015021486;1;2;1;1;1;120;14/05/2015
2015021487;2;2;1;1;3;120;04/06/2015
2015021488;1;1;1;1;1;120;05/09/2015
2015021489;3;1;1;4;1;120;24/01/2015
2015021490;1;1;1;1;1;640;28/02/2015
2015021491;1;2;1;7;6;640;07/11/2015
2015021492;1;2;6;1;6;640;10/11/2015
2015021493;5;2;1;2;6;640;27/11/2015
2015021494;1;1;1;1;1;640;07/12/2015
2015021495;5;2;1;1;6;640;11/12/2015
2015021496;1;2;1;2;6;680;27/02/2015
2015021497;3;1;1;8;6;680;12/11/2015
2015021498;1;1;1;7;3;10;13/06/2015
2015021499;1;1;1;1;1;10;05/07/2015
2015021500;2;2;1;1;6;290;02/01/2015
2015021501;1;2;2;1;3;290;21/02/2015
2015021502;5;2;1;1;2;290;18/12/2015
2015021503;5;2;3;1;3;290;02/01/2015
2015021504;5;2;1;2;6;290;27/02/2015
2015021505;1;2;1;1;6;290;29/12/2015
2015021506;2;2;3;1;3;290;05/01/2015
2015021507;1;2;1;1;3;290;18/02/2015
2015021508;5;2;1;3;1;290;28/12/2015
2015021509;1;2;1;2;2;290;12/01/2015
2015021510;1;2;3;1;3;290;23/02/2015
2015021511;5;2;1;1;2;290;11/12/2015
2015021512;1;2;3;1;3;290;06/01/2015
2015021513;1;2;1;1;6;290;24/02/2015
2015021514;1;2;1;1;1;290;06/01/2015
2015021515;1;2;1;2;6;290;25/02/2015
2015021516;2;2;6;1;3;290;27/02/2015
2015021517;1;2;3;1;3;290;07/01/2015
2015021518;5;2;2;1;3;290;08/01/2015
2015021519;1;2;2;1;6;290;05/03/2015
2015021520;1;2;1;1;3;290;08/01/2015
2015021521;1;2;1;1;1;290;07/03/2015
2015021522;1;2;6;2;2;290;12/01/2015
2015021523;1;2;1;1;3;290;09/03/2015
2015021524;1;2;1;8;3;290;20/01/2015
2015021525;1;2;2;1;1;290;02/12/2015
2015021526;1;2;6;1;3;290;13/03/2015
2015021527;1;2;9;9;2;290;20/01/2015
2015021528;1;2;1;1;6;290;16/03/2015
2015021529;5;2;1;2;3;290;20/01/2015
2015021530;4;2;1;1;6;290;09/03/2015
2015021531;5;2;3;1;3;290;28/01/2015
2015021532;1;2;3;1;3;290;10/03/2015
2015021533;1;2;1;2;3;290;23/01/2015
2015021534;1;2;1;1;3;290;22/03/2015
2015021535;5;2;1;1;6;290;25/01/2015
2015021536;1;2;1;1;6;290;26/03/2015
2015021537;1;2;9;2;6;290;28/01/2015
2015021538;5;2;2;1;3;290;25/03/2015
2015021539;1;2;3;2;6;290;29/01/2015
2015021540;5;2;1;2;6;290;29/03/2015