num_acc;lum;agg;inter;atm;col;dep;date
2015022121;1;2;1;1;6;300;10/07/2015
2015022122;1;2;2;1;2;300;16/07/2015
2015022123;1;2;2;1;3;300;19/07/2015
2015022124;1;2;1;1;6;300;24/07/2015
2015022125;1;2;6;1;2;300;14/07/2015
2015022126;5;1;1;1;7;300;23/06/2015
2015022127;1;2;1;1;7;300;28/06/2015
2015022128;1;2;1;1;6;300;10/07/2015
2015022129;1;2;2;1;3;300;16/07/2015
2015022130;1;2;3;1;6;300;21/07/2015
2015022131;1;2;2;1;3;300;24/07/2015
2015022132;1;1;1;1;6;300;02/08/2015
2015022133;1;2;2;1;3;300;02/08/2015
2015022134;1;2;1;1;6;300;05/08/2015
2015022135;1;2;6;1;3;300;11/08/2015
2015022136;1;2;6;1;3;300;12/08/2015
2015022137;1;2;3;1;4;300;11/08/2015
2015022138;1;2;2;1;3;300;14/08/2015
2015022139;1;2;6;1;4;300;26/08/2015
2015022140;5;2;4;1;3;300;19/07/2015
2015022141;1;2;3;1;2;300;28/07/2015
2015022142;1;2;2;1;3;300;27/08/2015
2015022143;1;2;3;1;3;300;27/08/2015
2015022144;1;2;4;1;3;300;22/07/2015
2015022145;1;2;1;1;2;300;13/07/2015
2015022146;5;2;3;1;3;300;20/09/2015
2015022147;1;2;1;1;2;300;17/07/2015
2015022148;1;2;3;1;3;300;03/07/2015
2015022149;2;2;2;1;3;300;02/09/2015
2015022150;1;2;1;1;2;300;03/09/2015
2015022151;1;2;1;1;3;300;28/08/2015
2015022152;1;2;3;1;3;300;08/09/2015
2015022153;1;2;2;1;3;300;08/09/2015
2015022154;1;2;3;1;3;300;14/09/2015
2015022155;1;2;1;1;6;300;14/09/2015
2015022156;1;2;4;1;3;300;20/08/2015
2015022157;5;2;2;1;3;300;06/09/2015
2015022158;1;1;1;1;6;300;08/09/2015
2015022159;1;1;1;1;1;300;16/09/2015
2015022160;5;2;3;1;3;300;21/09/2015
2015022161;1;2;3;1;3;300;26/09/2015
2015022162;1;2;2;1;3;300;24/09/2015
2015022163;1;2;2;1;3;300;08/08/2015
2015022164;1;2;2;1;3;300;27/08/2015
2015022165;5;2;2;1;3;300;25/09/2015
2015022166;3;1;3;2;7;300;03/10/2015
2015022167;3;2;1;1;7;300;05/10/2015
2015022168;3;2;1;1;7;300;10/10/2015
2015022169;1;2;3;1;3;300;06/10/2015
2015022170;1;2;1;1;7;300;14/10/2015
2015022171;3;2;2;1;6;300;18/10/2015
2015022172;3;2;3;1;3;300;11/10/2015
2015022173;1;1;1;1;2;300;16/10/2015
2015022174;5;1;2;1;2;300;20/10/2015
2015022175;5;2;2;1;7;300;15/10/2015
2015022176;5;2;1;1;6;300;22/10/2015
2015022177;3;2;2;1;3;300;05/09/2015
2015022178;5;2;1;1;7;300;15/09/2015
2015022179;1;2;3;1;3;300;30/10/2015
2015022180;5;2;1;1;6;300;31/10/2015
2015022181;1;1;1;1;1;300;21/10/2015
2015022182;5;2;1;1;7;300;04/11/2015
2015022183;1;2;3;2;2;300;12/10/2015
2015022184;5;2;1;1;1;300;07/11/2015
2015022185;2;2;2;1;6;300;12/11/2015
2015022186;1;2;2;1;3;300;12/11/2015
2015022187;3;2;1;1;6;300;12/11/2015
2015022188;2;2;4;1;3;300;19/11/2015
2015022189;5;2;1;1;4;300;20/11/2015
2015022190;1;2;2;1;3;300;24/11/2015
2015022191;1;2;1;1;2;300;12/11/2015
2015022192;5;2;3;1;1;300;12/11/2015
2015022193;5;2;3;1;3;300;24/11/2015
2015022194;1;1;1;1;4;300;30/11/2015
2015022195;1;2;4;1;3;300;13/11/2015
2015022196;1;2;1;1;3;300;15/10/2015
2015022197;5;2;1;1;3;300;29/10/2015
2015022198;1;2;1;1;2;300;02/10/2015
2015022199;5;2;3;1;3;300;18/10/2015
2015022200;5;1;3;1;2;300;26/11/2015
2015022201;2;2;2;2;3;300;05/12/2015
2015022202;5;2;3;1;2;300;24/10/2015
2015022203;1;2;1;1;2;300;01/12/2015
2015022204;1;1;1;1;6;300;10/12/2015
2015022205;5;2;6;1;7;300;12/12/2015
2015022206;1;1;1;1;6;300;20/11/2015
2015022207;1;2;3;1;1;300;16/12/2015
2015022208;5;1;6;2;3;300;20/12/2015
2015022209;2;2;1;1;6;300;26/11/2015
2015022210;5;2;3;1;3;300;17/12/2015
2015022211;1;1;2;1;3;630;15/08/2015
2015022212;1;1;1;1;6;630;14/04/2015
2015022213;3;1;1;1;7;630;30/05/2015
2015022214;1;1;4;1;3;630;05/07/2015
2015022215;1;1;1;1;6;630;21/08/2015
2015022216;1;1;1;2;6;630;14/09/2015
2015022217;1;1;1;1;3;630;08/11/2015
2015022218;1;2;1;1;3;630;26/07/2015
2015022219;2;1;1;8;7;630;08/08/2015
2015022220;1;2;1;1;6;230;27/08/2015
2015022221;5;2;1;1;6;230;04/09/2015
2015022222;1;1;1;2;1;230;16/09/2015
2015022223;1;2;9;2;1;230;17/09/2015
2015022224;1;1;1;1;1;230;23/09/2015
2015022225;5;1;1;1;6;230;30/10/2015
2015022226;3;1;1;8;6;230;04/11/2015
2015022227;1;1;1;1;6;230;06/11/2015
2015022228;1;1;1;1;6;230;15/11/2015
2015022229;3;1;1;2;6;230;08/12/2015
2015022230;1;1;1;1;6;230;09/12/2015
2015022231;1;1;1;7;1;230;26/12/2015
2015022232;1;1;1;4;4;230;24/01/2015
2015022233;1;1;1;1;7;230;29/06/2015
2015022234;1;2;1;1;2;230;02/07/2015
2015022235;2;1;1;1;6;230;19/07/2015
2015022236;3;1;1;1;6;230;05/08/2015
2015022237;3;1;1;1;7;260;01/01/2015
2015022238;1;1;1;1;2;260;02/01/2015
2015022239;3;1;1;8;7;260;03/01/2015
2015022240;3;1;1;6;6;260;25/01/2015
2015022241;1;2;1;1;6;260;25/01/2015
2015022242;1;1;1;6;6;260;10/02/2015
2015022243;1;1;1;1;3;260;16/02/2015
2015022244;1;1;1;1;1;260;19/02/2015
2015022245;1;1;3;1;3;260;26/02/2015
2015022246;3;1;1;1;3;260;03/03/2015
2015022247;1;2;1;1;3;260;08/03/2015
2015022248;3;1;3;1;1;260;11/03/2015
2015022249;1;1;2;1;1;260;16/03/2015
2015022250;2;1;1;2;3;260;25/03/2015
2015022251;1;1;1;1;6;260;21/04/2015
2015022252;1;1;1;1;6;260;22/04/2015
2015022253;1;1;1;1;1;260;17/05/2015
2015022254;3;1;1;1;3;260;23/05/2015
2015022255;1;1;1;1;4;260;31/05/2015
2015022256;3;1;1;1;2;260;02/06/2015
2015022257;1;2;1;1;1;260;04/06/2015
2015022258;2;1;1;1;2;260;06/06/2015
2015022259;1;1;1;1;6;260;09/06/2015
2015022260;3;1;1;1;6;260;28/06/2015
2015022261;3;1;3;1;6;260;27/06/2015
2015022262;1;1;1;1;6;260;06/07/2015
2015022263;1;1;2;1;1;260;06/07/2015
2015022264;1;1;1;1;5;260;07/07/2015
2015022265;3;1;1;1;7;260;14/07/2015
2015022266;3;1;1;1;2;260;22/07/2015
2015022267;1;1;1;1;3;260;24/07/2015
2015022268;1;2;3;7;1;260;05/08/2015
2015022269;1;2;1;1;1;260;08/08/2015
2015022270;1;1;1;1;7;260;13/07/2015
2015022271;5;2;1;1;6;260;14/08/2015
2015022272;3;1;1;1;5;260;20/08/2015
2015022273;3;1;4;3;3;260;13/09/2015
2015022274;1;2;1;1;6;260;18/09/2015
2015022275;1;2;1;1;3;260;28/09/2015
2015022276;3;1;1;2;6;260;03/10/2015
2015022277;5;2;6;1;6;260;10/10/2015
2015022278;3;1;1;1;6;260;23/10/2015
2015022279;3;1;1;1;6;260;24/10/2015
2015022280;1;1;1;5;1;260;08/11/2015
2015022281;3;1;3;1;6;260;20/11/2015
2015022282;1;1;1;1;3;260;01/12/2015
2015022283;3;1;1;5;6;260;17/12/2015
2015022284;1;2;1;1;1;840;27/06/2015
2015022285;1;1;1;1;7;840;18/07/2015
2015022286;3;1;1;1;7;840;29/10/2015
2015022287;3;1;1;1;6;260;17/05/2015
2015022288;3;1;1;9;1;670;06/01/2015
2015022289;1;2;1;4;6;350;31/01/2015
2015022290;1;1;1;1;3;350;16/05/2015
2015022291;1;1;1;1;3;350;11/06/2015
2015022292;1;1;2;1;5;350;28/06/2015
2015022293;1;2;1;1;6;350;09/09/2015
2015022294;1;1;2;1;6;350;11/09/2015
2015022295;1;1;1;1;1;350;11/09/2015
2015022296;1;1;1;2;3;350;16/09/2015
2015022297;1;1;1;1;3;350;09/10/2015
2015022298;2;1;1;1;7;350;29/11/2015
2015022299;1;2;3;1;1;270;02/03/2015
2015022300;1;1;1;1;2;270;11/03/2015
2015022301;1;1;1;1;6;270;18/06/2015
2015022302;1;2;1;1;3;270;07/07/2015
2015022303;1;2;1;1;6;270;22/07/2015
2015022304;1;2;1;1;3;840;20/09/2015
2015022305;1;1;1;3;3;620;13/01/2015
2015022306;3;1;1;2;7;830;22/02/2015
2015022307;1;2;1;2;1;830;21/03/2015
2015022308;1;2;6;1;3;830;09/04/2015
2015022309;1;1;3;1;3;830;28/05/2015
2015022310;1;1;6;1;6;830;12/07/2015
2015022311;1;1;1;1;4;830;23/07/2015
2015022312;1;1;1;1;1;830;25/07/2015
2015022313;1;1;1;1;6;830;13/08/2015
2015022314;1;1;1;1;1;830;25/09/2015
2015022315;1;2;1;1;4;830;05/10/2015
2015022316;1;1;1;8;2;540;02/02/2015
2015022317;1;1;1;1;3;540;30/03/2015
2015022318;1;1;1;1;3;540;04/06/2015
2015022319;1;1;2;1;3;540;07/06/2015
2015022320;3;1;1;1;7;540;27/06/2015
2015022321;1;1;1;1;7;540;21/07/2015
2015022322;1;2;1;1;1;540;11/08/2015
2015022323;2;1;1;1;7;540;06/09/2015
2015022324;1;2;9;1;6;540;03/10/2015
2015022325;3;1;1;2;3;540;06/11/2015
2015022326;3;1;1;1;1;540;11/11/2015
2015022327;5;2;1;1;1;540;26/11/2015
2015022328;3;1;1;6;3;50;24/02/2015
2015022329;3;1;1;1;1;50;03/03/2015
2015022330;3;1;1;1;2;50;11/10/2015
2015022331;1;1;1;1;3;50;11/10/2015
2015022332;2;1;1;1;7;550;18/03/2015
2015022333;2;1;1;1;5;550;27/10/2015
2015022334;5;1;1;1;1;550;09/11/2015
2015022335;1;1;1;1;2;670;24/05/2015
2015022336;1;2;1;1;6;670;13/07/2015
2015022337;3;1;1;1;6;670;21/09/2015
2015022338;1;2;1;1;2;310;10/01/2015
2015022339;1;2;1;2;3;310;24/03/2015
2015022340;1;2;1;1;6;310;15/01/2015
2015022341;1;2;4;1;1;310;30/03/2015
2015022342;1;2;1;1;7;310;07/01/2015
2015022343;1;2;3;1;7;310;12/04/2015
2015022344;1;1;4;1;3;310;12/02/2015
2015022345;1;1;1;1;7;310;27/04/2015
2015022346;1;2;1;1;6;310;13/02/2015
2015022347;1;2;6;1;3;310;30/04/2015
2015022348;1;2;1;1;3;310;07/05/2015
2015022349;1;1;1;1;4;310;06/05/2015
2015022350;1;2;1;1;6;310;11/05/2015
2015022351;1;2;3;1;6;310;12/05/2015
2015022352;1;2;1;1;6;310;15/05/2015
2015022353;3;2;1;1;6;310;17/05/2015
2015022354;1;2;3;1;2;310;01/06/2015
2015022355;1;2;1;1;6;310;01/06/2015
2015022356;1;2;1;1;3;310;08/06/2015
2015022357;1;2;1;2;6;310;12/06/2015
2015022358;3;2;1;8;7;310;17/07/2015
2015022359;1;2;9;1;2;310;26/07/2015
2015022360;1;1;1;1;6;310;28/07/2015
2015022361;1;1;1;2;6;310;31/07/2015
2015022362;1;2;2;2;3;310;08/08/2015
2015022363;1;2;1;1;6;310;11/08/2015
2015022364;1;1;1;1;7;310;12/08/2015
2015022365;1;1;1;2;7;310;18/08/2015
2015022366;1;2;3;1;2;310;31/08/2015
2015022367;1;2;3;1;2;310;08/09/2015
2015022368;1;2;1;1;7;310;15/09/2015
2015022369;1;2;2;2;3;310;14/09/2015
2015022370;1;2;3;1;1;310;18/09/2015
2015022371;1;2;2;1;1;310;07/10/2015
2015022372;1;1;3;1;2;310;06/10/2015
2015022373;1;2;3;1;3;310;16/10/2015
2015022374;1;2;1;1;6;310;19/10/2015
2015022375;1;1;1;1;7;310;24/10/2015
2015022376;1;2;1;1;7;310;02/11/2015
2015022377;1;1;1;1;1;310;06/11/2015
2015022378;1;1;1;1;3;310;09/11/2015
2015022379;1;1;3;1;2;310;18/11/2015
2015022380;1;2;1;1;6;310;03/12/2015
2015022381;1;2;3;1;3;310;09/12/2015
2015022382;5;1;1;1;6;310;11/12/2015
2015022383;5;2;1;1;2;310;16/12/2015
2015022384;1;2;1;1;3;310;17/12/2015
2015022385;1;2;1;1;6;690;28/05/2015
2015022386;1;1;6;1;5;690;13/07/2015
2015022387;2;2;7;1;6;690;20/07/2015
2015022388;1;2;1;1;1;690;04/08/2015
2015022389;1;2;1;1;3;690;28/08/2015
2015022390;1;1;1;1;6;690;09/11/2015
2015022391;1;2;6;1;3;310;02/01/2015
2015022392;5;2;1;1;1;310;18/03/2015
2015022393;1;2;1;2;3;310;31/12/2015
2015022394;5;2;2;1;6;310;03/01/2015
2015022395;1;2;1;1;1;310;17/03/2015
2015022396;1;2;1;1;6;310;31/12/2015
2015022397;3;2;9;9;1;310;03/01/2015
2015022398;1;2;1;1;2;310;17/03/2015
2015022399;1;2;1;1;6;310;06/01/2015
2015022400;5;2;2;1;3;310;19/03/2015
2015022401;2;2;1;1;6;310;07/01/2015
2015022402;5;2;3;1;1;310;16/03/2015
2015022403;5;1;1;1;4;310;07/01/2015
2015022404;1;2;1;1;6;310;19/03/2015
2015022405;1;1;1;1;3;310;08/01/2015
2015022406;1;2;3;1;6;310;19/03/2015
2015022407;3;2;1;9;6;310;07/01/2015
2015022408;1;2;1;1;3;310;21/03/2015
2015022409;4;2;1;5;2;310;08/01/2015
2015022410;2;2;1;3;2;310;22/03/2015
2015022411;5;1;1;5;6;310;08/01/2015
2015022412;5;2;1;2;6;310;21/03/2015
2015022413;1;2;1;1;3;310;08/01/2015
2015022414;1;1;1;2;7;310;22/03/2015
2015022415;5;2;2;1;3;310;08/01/2015
2015022416;1;2;3;1;3;310;23/03/2015
2015022417;1;2;1;1;3;310;09/01/2015
2015022418;5;2;3;1;3;310;25/03/2015
2015022419;1;1;1;1;2;310;12/01/2015
2015022420;1;1;1;1;7;310;26/03/2015
2015022421;1;2;1;1;6;310;13/01/2015
2015022422;2;2;1;1;6;310;26/03/2015
2015022423;1;2;1;1;5;310;13/01/2015
2015022424;1;1;1;1;3;310;27/03/2015
2015022425;1;2;1;1;1;310;15/01/2015
2015022426;5;2;1;1;3;310;27/03/2015
2015022427;5;2;1;1;6;310;14/01/2015
2015022428;1;2;3;1;6;310;27/03/2015
2015022429;1;2;1;1;3;310;15/01/2015
2015022430;1;2;1;1;3;310;28/03/2015
2015022431;1;2;1;1;3;310;13/01/2015
2015022432;1;1;1;1;6;310;28/03/2015
2015022433;1;1;1;2;2;310;15/01/2015
2015022434;5;2;1;1;3;310;28/03/2015
2015022435;1;2;1;1;2;310;15/01/2015
2015022436;1;2;1;1;1;310;29/03/2015
2015022437;1;2;1;1;2;310;15/01/2015
2015022438;5;2;1;1;2;310;26/03/2015
2015022439;3;1;1;1;2;310;15/01/2015
2015022440;1;2;1;1;2;310;31/03/2015
2015022441;5;1;1;1;6;310;15/01/2015
2015022442;1;2;1;1;3;310;02/04/2015
2015022443;1;2;1;1;3;310;17/01/2015
2015022444;1;2;1;1;2;310;02/04/2015
2015022445;1;2;1;1;6;310;18/01/2015
2015022446;1;2;1;1;1;310;02/04/2015
2015022447;5;2;1;2;7;310;18/01/2015
2015022448;1;2;1;1;7;310;04/04/2015
2015022449;1;2;1;2;2;310;19/01/2015
2015022450;1;2;1;1;6;310;04/04/2015
2015022451;1;2;1;1;3;310;15/01/2015
2015022452;1;2;1;1;3;310;04/04/2015
2015022453;1;1;1;1;2;310;21/01/2015
2015022454;1;2;1;1;2;310;04/04/2015
2015022455;1;2;1;1;2;310;20/01/2015
2015022456;5;2;1;1;6;310;05/04/2015
2015022457;1;2;1;1;3;310;20/01/2015
2015022458;1;2;1;1;1;310;07/04/2015
2015022459;5;1;1;1;3;310;20/01/2015
2015022460;1;2;1;1;3;310;07/04/2015
2015022461;3;2;1;1;3;310;21/01/2015
2015022462;1;1;1;1;3;310;08/04/2015
2015022463;1;2;1;1;6;310;21/01/2015
2015022464;1;1;1;1;2;310;08/04/2015
2015022465;1;2;1;1;2;310;21/01/2015
2015022466;1;2;1;1;6;310;07/04/2015
2015022467;5;2;1;1;3;310;21/01/2015
2015022468;1;2;1;1;3;310;07/04/2015
2015022469;1;2;3;1;3;310;21/01/2015
2015022470;1;2;1;1;2;310;08/04/2015
2015022471;1;2;1;1;7;310;24/01/2015
2015022472;1;2;1;1;6;310;09/04/2015
2015022473;1;2;1;1;2;310;25/01/2015
2015022474;1;2;1;1;1;310;08/04/2015
2015022475;1;2;1;1;3;310;26/01/2015
2015022476;1;1;1;1;4;310;09/04/2015
2015022477;1;2;1;1;1;310;26/01/2015
2015022478;5;2;1;1;6;310;09/04/2015
2015022479;5;1;1;1;3;310;26/01/2015
2015022480;1;2;1;1;2;310;10/04/2015
2015022481;1;2;1;1;1;310;21/01/2015
2015022482;1;2;1;1;6;310;10/04/2015
2015022483;5;2;1;1;3;310;26/01/2015
2015022484;1;2;1;1;3;310;10/04/2015
2015022485;5;2;1;1;6;310;29/01/2015
2015022486;1;2;1;1;3;310;10/04/2015
2015022487;5;2;1;2;1;310;30/01/2015
2015022488;5;2;1;1;3;310;12/04/2015
2015022489;3;2;1;1;6;310;30/01/2015
2015022490;1;2;1;1;6;310;12/04/2015
2015022491;1;2;1;1;6;310;29/01/2015
2015022492;1;2;3;1;3;310;12/04/2015
2015022493;5;2;1;9;7;310;30/01/2015
2015022494;1;2;1;1;6;310;13/04/2015
2015022495;2;2;1;2;7;310;01/02/2015
2015022496;5;2;1;1;1;310;15/04/2015
2015022497;1;1;1;2;6;310;01/02/2015
2015022498;1;2;1;1;6;310;15/04/2015
2015022499;1;2;1;1;6;310;01/02/2015
2015022500;1;2;3;1;3;310;15/04/2015
2015022501;1;2;1;1;6;310;29/01/2015
2015022502;5;2;1;1;1;310;15/04/2015
2015022503;1;2;1;1;7;310;02/02/2015
2015022504;1;2;1;1;3;310;17/04/2015
2015022505;1;2;2;1;3;310;04/02/2015
2015022506;5;2;1;1;3;310;18/04/2015
2015022507;1;2;1;1;6;310;05/02/2015
2015022508;5;2;2;1;3;310;19/04/2015
2015022509;1;1;1;4;2;310;06/02/2015
2015022510;5;1;1;1;1;310;20/04/2015
2015022511;1;2;1;1;6;310;07/02/2015
2015022512;5;2;6;1;7;310;17/04/2015
2015022513;1;2;2;1;6;310;09/02/2015
2015022514;1;2;1;1;6;310;20/04/2015
2015022515;1;2;1;1;6;310;11/02/2015
2015022516;1;2;1;1;1;310;21/04/2015
2015022517;2;2;1;1;2;310;10/02/2015
2015022518;1;1;1;1;2;310;21/04/2015
2015022519;1;2;1;1;7;310;12/02/2015
2015022520;1;2;1;1;3;310;22/04/2015
2015022521;2;2;4;1;3;310;12/02/2015
2015022522;5;2;1;1;6;310;22/04/2015
2015022523;1;2;1;1;6;310;12/02/2015
2015022524;1;1;1;1;7;310;25/04/2015
2015022525;1;1;1;1;2;310;13/02/2015
2015022526;5;2;1;1;3;310;24/04/2015
2015022527;2;2;1;2;6;310;15/02/2015
2015022528;1;1;1;8;7;310;25/04/2015
2015022529;1;2;1;1;3;310;16/02/2015
2015022530;1;2;1;1;2;310;27/04/2015
2015022531;1;2;1;1;7;310;18/02/2015
2015022532;5;2;1;2;6;310;27/04/2015
2015022533;1;2;1;1;1;310;18/02/2015
2015022534;1;2;1;1;6;310;05/04/2015
2015022535;5;1;1;1;3;310;18/02/2015
2015022536;1;2;6;1;7;310;28/04/2015
2015022537;1;2;2;1;3;310;18/02/2015
2015022538;1;2;1;1;1;310;28/04/2015
2015022539;1;2;3;1;3;310;19/02/2015
2015022540;1;2;1;1;3;310;28/04/2015
2015022541;5;2;4;3;3;310;15/02/2015
2015022542;1;2;1;1;2;310;27/04/2015
2015022543;1;2;1;1;6;310;19/02/2015
2015022544;1;2;1;1;7;310;29/04/2015
2015022545;1;2;1;1;5;310;23/02/2015
2015022546;1;1;3;1;3;310;28/04/2015
2015022547;3;2;1;1;3;310;20/02/2015
2015022548;1;2;1;1;1;310;28/04/2015
2015022549;1;2;2;1;3;310;22/02/2015
2015022550;1;2;1;1;3;310;30/04/2015
2015022551;5;2;1;1;7;310;24/02/2015
2015022552;1;2;1;1;2;310;30/04/2015
2015022553;1;2;1;2;6;310;24/02/2015
2015022554;1;2;3;2;3;310;01/05/2015
2015022555;1;2;1;1;6;310;24/02/2015
2015022556;1;2;1;1;3;310;01/05/2015
2015022557;1;2;1;3;7;310;25/02/2015
2015022558;1;2;1;1;3;310;02/05/2015
2015022559;1;1;1;3;3;310;26/02/2015
2015022560;1;2;3;1;3;310;02/05/2015
2015022561;5;2;1;1;3;310;26/02/2015
2015022562;1;2;1;1;2;310;03/05/2015
2015022563;1;2;1;3;3;310;25/02/2015
2015022564;1;2;1;1;6;310;30/04/2015
2015022565;1;2;1;1;7;310;26/02/2015
2015022566;1;2;1;1;3;310;04/05/2015
2015022567;1;2;1;1;6;310;27/02/2015
2015022568;1;2;3;1;6;310;04/05/2015
2015022569;1;2;1;1;3;310;27/01/2015
2015022570;1;2;1;1;1;310;04/05/2015
2015022571;1;2;1;1;3;310;27/02/2015
2015022572;1;1;1;1;7;310;28/02/2015
2015022573;2;2;1;1;3;310;04/05/2015
2015022574;4;2;1;2;3;310;01/03/2015
2015022575;1;2;1;1;6;310;06/05/2015
2015022576;1;2;1;1;3;310;03/03/2015
2015022577;1;2;1;8;3;310;06/05/2015
2015022578;1;2;1;1;1;310;03/03/2015
2015022579;5;2;2;1;3;310;09/05/2015
2015022580;1;2;1;3;3;310;04/03/2015
2015022581;1;2;1;1;2;310;09/05/2015
2015022582;1;2;1;1;7;310;09/05/2015
2015022583;1;2;1;1;4;310;06/03/2015
2015022584;1;2;1;1;3;310;06/03/2015
2015022585;5;2;1;1;3;310;07/05/2015
2015022586;1;2;3;1;3;310;06/03/2015
2015022587;5;2;2;1;3;310;10/05/2015
2015022588;1;2;1;1;4;310;28/02/2015
2015022589;1;1;1;1;3;310;10/05/2015
2015022590;5;2;1;1;6;310;06/03/2015
2015022591;1;2;3;7;3;310;09/05/2015
2015022592;5;2;1;1;3;310;07/03/2015
2015022593;1;2;1;1;6;310;06/05/2015
2015022594;3;1;1;1;6;310;07/03/2015
2015022595;1;2;1;1;6;310;07/05/2015
2015022596;1;2;1;1;1;310;08/03/2015
2015022597;1;2;3;1;3;310;12/05/2015
2015022598;5;2;1;1;3;310;10/03/2015
2015022599;1;2;3;1;7;310;12/05/2015
2015022600;1;2;1;1;3;310;10/03/2015
2015022601;1;2;1;1;3;310;12/05/2015
2015022602;1;2;1;1;2;310;10/03/2015
2015022603;5;2;1;1;3;310;12/05/2015
2015022604;1;2;1;1;2;310;10/03/2015
2015022605;1;2;1;1;1;310;12/05/2015
2015022606;1;2;1;1;3;310;10/03/2015
2015022607;5;2;1;1;2;310;13/05/2015
2015022608;1;2;1;2;6;310;13/03/2015
2015022609;1;1;1;1;2;310;11/05/2015
2015022610;5;2;3;1;3;310;13/03/2015
2015022611;1;2;1;2;2;310;15/05/2015
2015022612;1;2;1;1;6;310;14/03/2015
2015022613;2;2;2;2;3;310;15/05/2015
2015022614;5;2;1;1;3;310;06/03/2015
2015022615;5;1;1;1;7;310;17/05/2015
2015022616;1;2;1;1;2;310;17/05/2015
2015022617;1;2;1;1;4;310;18/05/2015
2015022618;1;2;1;1;2;310;18/05/2015
2015022619;1;2;3;1;2;310;18/05/2015
2015022620;1;1;1;1;2;310;07/05/2015
2015022621;1;1;1;1;7;310;19/05/2015
2015022622;1;2;1;8;6;310;19/05/2015
2015022623;1;1;1;1;2;310;19/05/2015
2015022624;1;2;1;8;4;310;19/05/2015
2015022625;1;2;1;1;3;310;21/05/2015
2015022626;1;1;1;1;2;310;21/05/2015
2015022627;5;2;3;1;6;310;21/05/2015
2015022628;5;2;1;1;6;310;22/05/2015
2015022629;1;2;1;1;6;310;23/05/2015
2015022630;1;2;1;1;3;310;23/05/2015
2015022631;1;2;1;1;3;310;26/05/2015
2015022632;1;2;1;1;4;310;26/05/2015
2015022633;1;1;1;1;2;310;26/05/2015
2015022634;1;2;1;1;2;310;26/05/2015
2015022635;1;2;1;1;2;310;27/05/2015
2015022636;1;2;1;1;6;310;27/05/2015
2015022637;1;2;1;1;3;310;23/05/2015
2015022638;1;2;3;1;2;310;28/05/2015
2015022639;1;1;1;1;2;310;28/05/2015
2015022640;1;2;1;1;6;310;28/05/2015
2015022641;1;2;1;1;3;310;29/05/2015
2015022642;1;2;1;1;3;310;29/05/2015
2015022643;1;2;3;2;3;310;29/05/2015
2015022644;1;2;1;1;7;310;31/05/2015
2015022645;1;2;1;1;6;310;30/05/2015
2015022646;1;2;1;1;6;310;01/06/2015
2015022647;1;2;1;1;6;310;01/06/2015
2015022648;1;2;1;1;1;310;01/06/2015
2015022649;1;2;1;1;2;310;03/06/2015
2015022650;1;2;1;1;6;310;04/06/2015
2015022651;1;2;1;1;2;310;04/06/2015
2015022652;1;2;3;1;3;310;04/06/2015
2015022653;1;2;1;1;4;310;05/06/2015
2015022654;1;1;1;1;5;310;05/06/2015
2015022655;1;2;1;1;7;310;07/06/2015
2015022656;1;2;3;1;6;310;08/06/2015
2015022657;1;2;2;1;3;310;08/06/2015
2015022658;5;2;1;2;2;310;08/06/2015
2015022659;1;2;1;1;1;310;09/06/2015
2015022660;1;2;1;1;4;310;09/06/2015
2015022661;1;2;1;1;6;310;10/06/2015
2015022662;1;2;3;1;6;310;11/06/2015
2015022663;1;2;1;1;3;310;11/06/2015
2015022664;1;2;1;1;2;310;13/06/2015
2015022665;1;1;1;1;4;310;12/06/2015
2015022666;1;2;1;1;4;310;12/06/2015
2015022667;1;2;1;1;2;310;12/06/2015
2015022668;5;2;3;3;3;310;14/06/2015
2015022669;1;2;1;1;3;310;15/06/2015
2015022670;1;2;1;1;3;310;17/06/2015
2015022671;5;2;1;1;3;310;20/06/2015
2015022672;1;2;1;1;3;310;21/06/2015
2015022673;1;2;2;1;3;310;22/06/2015
2015022674;1;2;1;1;6;310;22/06/2015
2015022675;1;2;1;1;2;310;23/06/2015
2015022676;1;2;1;1;3;310;23/06/2015
2015022677;1;2;3;1;2;310;23/06/2015
2015022678;1;1;1;1;3;310;23/06/2015
2015022679;1;2;3;1;3;310;23/06/2015
2015022680;4;2;1;1;6;310;25/06/2015
2015022681;2;2;1;1;6;310;25/06/2015
2015022682;1;2;3;1;3;310;24/06/2015
2015022683;1;2;1;1;7;310;24/06/2015
2015022684;1;2;1;1;6;310;24/06/2015
2015022685;1;2;1;1;1;310;25/06/2015
2015022686;1;1;1;1;4;310;25/06/2015
2015022687;1;2;1;1;7;310;26/06/2015
2015022688;1;1;1;1;4;310;26/06/2015
2015022689;1;1;1;1;3;310;25/06/2015
2015022690;1;2;2;1;3;310;29/06/2015
2015022691;1;2;1;1;6;310;29/06/2015
2015022692;1;2;1;1;6;310;29/06/2015
2015022693;1;1;1;1;4;310;30/06/2015
2015022694;1;2;3;1;3;310;30/06/2015
2015022695;1;2;1;1;6;310;30/06/2015
2015022696;1;2;1;1;6;310;30/06/2015
2015022697;1;2;1;1;3;310;30/06/2015
2015022698;1;1;1;1;2;310;30/06/2015
2015022699;1;2;2;1;6;310;02/07/2015
2015022700;2;2;1;1;3;310;02/07/2015