num_acc;lum;agg;inter;atm;col;dep;date
2015022701;1;2;1;1;6;310;03/07/2015
2015022702;1;2;1;1;3;310;04/07/2015
2015022703;1;2;1;1;6;310;05/07/2015
2015022704;1;2;1;1;6;310;05/07/2015
2015022705;1;1;1;1;2;310;02/07/2015
2015022706;2;2;3;1;3;310;06/06/2015
2015022707;2;2;3;1;3;310;06/07/2015
2015022708;1;2;1;1;3;310;07/07/2015
2015022709;5;2;1;1;3;310;08/07/2015
2015022710;1;2;3;1;5;310;07/07/2015
2015022711;1;2;1;1;3;310;07/07/2015
2015022712;1;2;6;1;6;310;07/07/2015
2015022713;1;2;1;1;3;310;08/07/2015
2015022714;1;2;1;1;6;310;08/07/2015
2015022715;1;2;1;1;7;310;09/07/2015
2015022716;2;1;1;1;7;310;10/07/2015
2015022717;1;2;1;1;3;310;10/07/2015
2015022718;1;2;1;1;1;310;12/07/2015
2015022719;1;2;1;1;6;310;14/07/2015
2015022720;1;2;1;1;6;310;16/07/2015
2015022721;1;2;1;1;4;310;16/07/2015
2015022722;1;2;1;1;3;310;17/07/2015
2015022723;1;2;1;1;2;310;17/07/2015
2015022724;1;2;1;1;6;310;17/07/2015
2015022725;1;2;1;1;6;310;18/07/2015
2015022726;1;2;1;1;7;310;18/07/2015
2015022727;1;2;1;1;2;310;18/07/2015
2015022728;5;2;2;1;5;310;19/07/2015
2015022729;1;2;3;1;3;310;17/07/2015
2015022730;1;2;1;1;6;310;20/07/2015
2015022731;1;2;1;1;3;310;20/07/2015
2015022732;3;2;1;1;6;310;22/07/2015
2015022733;1;2;2;1;6;310;15/07/2015
2015022734;1;2;1;1;6;310;22/07/2015
2015022735;5;2;1;1;7;310;23/07/2015
2015022736;1;2;1;1;2;310;22/07/2015
2015022737;1;1;1;1;4;310;21/07/2015
2015022738;1;2;5;1;3;310;22/07/2015
2015022739;1;2;1;1;2;310;23/07/2015
2015022740;2;1;1;2;2;310;24/07/2015
2015022741;5;2;3;1;6;310;26/07/2015
2015022742;3;2;1;1;3;310;25/07/2015
2015022743;1;2;1;1;6;310;27/07/2015
2015022744;1;1;1;1;6;310;28/07/2015
2015022745;1;2;1;1;2;310;27/07/2015
2015022746;1;1;1;1;4;310;28/07/2015
2015022747;1;2;1;1;6;310;31/07/2015
2015022748;1;2;1;2;6;310;31/07/2015
2015022749;1;2;1;1;2;310;01/08/2015
2015022750;5;2;1;1;2;310;02/08/2015
2015022751;1;2;2;1;3;310;31/07/2015
2015022752;1;2;1;1;1;310;04/08/2015
2015022753;1;2;1;1;6;310;05/08/2015
2015022754;1;1;1;1;3;310;06/08/2015
2015022755;5;1;1;1;6;310;06/08/2015
2015022756;1;2;1;1;3;310;07/08/2015
2015022757;3;2;1;2;6;310;08/08/2015
2015022758;2;2;1;2;3;310;08/08/2015
2015022759;1;1;1;3;2;310;09/08/2015
2015022760;1;2;1;3;2;310;08/08/2015
2015022761;1;2;1;1;3;310;07/08/2015
2015022762;1;2;1;1;2;310;10/08/2015
2015022763;1;1;1;1;7;310;09/08/2015
2015022764;1;2;6;1;3;310;13/08/2015
2015022765;1;2;1;2;6;310;14/08/2015
2015022766;5;2;1;1;6;310;14/08/2015
2015022767;1;2;1;1;2;310;18/08/2015
2015022768;1;2;6;1;7;310;19/08/2015
2015022769;1;2;3;1;2;310;18/08/2015
2015022770;1;2;1;1;7;310;19/08/2015
2015022771;1;2;1;1;2;310;19/08/2015
2015022772;1;2;2;7;3;310;20/08/2015
2015022773;1;1;1;1;7;310;19/08/2015
2015022774;1;1;1;1;2;310;20/08/2015
2015022775;5;2;1;1;3;310;21/08/2015
2015022776;5;2;1;1;7;310;21/08/2015
2015022777;1;2;3;1;3;310;20/08/2015
2015022778;1;2;1;1;3;310;21/08/2015
2015022779;5;2;1;1;3;310;22/08/2015
2015022780;1;2;1;1;5;310;25/08/2015
2015022781;1;2;1;7;3;310;25/08/2015
2015022782;1;2;1;1;5;310;26/08/2015
2015022783;5;2;1;1;5;310;26/08/2015
2015022784;1;2;1;1;2;310;27/08/2015
2015022785;1;2;1;1;2;310;27/08/2015
2015022786;1;2;1;1;2;310;28/08/2015
2015022787;1;2;1;1;6;310;28/08/2015
2015022788;5;2;1;1;1;310;30/08/2015
2015022789;5;2;1;1;6;310;30/08/2015
2015022790;1;2;1;1;3;310;20/08/2015
2015022791;1;2;1;1;3;310;31/08/2015
2015022792;2;2;1;1;6;310;31/08/2015
2015022793;1;1;1;8;2;310;03/09/2015
2015022794;1;2;1;1;6;310;03/09/2015
2015022795;1;2;1;1;3;310;04/09/2015
2015022796;1;1;1;1;7;310;06/09/2015
2015022797;5;2;1;1;3;310;04/09/2015
2015022798;1;2;1;1;2;310;06/09/2015
2015022799;1;1;1;1;2;310;07/09/2015
2015022800;1;1;1;1;2;310;07/09/2015
2015022801;1;1;1;1;3;310;08/09/2015
2015022802;1;1;1;1;3;310;08/09/2015
2015022803;1;2;1;1;6;310;07/09/2015
2015022804;1;2;1;1;3;310;09/09/2015
2015022805;1;2;1;1;6;310;09/09/2015
2015022806;5;2;1;1;3;310;08/09/2015
2015022807;1;2;1;1;3;310;10/09/2015
2015022808;1;1;1;1;4;310;10/09/2015
2015022809;1;2;3;1;3;310;10/09/2015
2015022810;1;2;4;1;3;310;11/09/2015
2015022811;1;2;1;1;4;310;12/09/2015
2015022812;1;2;1;1;3;310;05/09/2015
2015022813;5;2;1;1;7;310;15/09/2015
2015022814;1;2;1;1;4;310;10/09/2015
2015022815;1;2;3;1;2;310;14/09/2015
2015022816;1;1;1;1;2;310;11/09/2015
2015022817;1;2;1;1;6;310;14/09/2015
2015022818;1;2;1;1;3;310;15/09/2015
2015022819;1;2;1;1;6;310;15/09/2015
2015022820;1;1;1;1;4;310;15/09/2015
2015022821;1;1;1;1;5;310;16/09/2015
2015022822;1;2;1;1;3;310;16/09/2015
2015022823;2;2;1;1;2;310;18/09/2015
2015022824;1;2;1;1;6;310;18/09/2015
2015022825;1;2;1;1;3;310;18/09/2015
2015022826;5;2;1;1;3;310;19/09/2015
2015022827;5;2;1;1;6;310;20/09/2015
2015022828;1;2;1;1;3;310;20/09/2015
2015022829;1;1;2;1;3;310;21/09/2015
2015022830;2;2;1;1;3;310;21/09/2015
2015022831;2;2;1;1;2;310;21/09/2015
2015022832;1;2;1;1;3;310;18/09/2015
2015022833;5;2;1;1;3;310;22/09/2015
2015022834;1;2;1;1;2;310;22/09/2015
2015022835;1;2;1;1;3;310;22/09/2015
2015022836;1;2;1;1;3;310;22/09/2015
2015022837;5;2;6;2;3;310;22/09/2015
2015022838;1;2;3;1;3;310;23/09/2015
2015022839;1;2;1;1;4;310;23/09/2015
2015022840;1;1;1;2;2;310;22/09/2015
2015022841;1;1;1;1;3;310;23/09/2015
2015022842;1;2;9;1;3;310;22/09/2015
2015022843;1;2;1;1;4;310;23/09/2015
2015022844;1;1;1;1;3;310;24/09/2015
2015022845;1;2;1;1;6;310;24/09/2015
2015022846;1;2;6;1;7;310;24/09/2015
2015022847;1;2;1;1;3;310;24/09/2015
2015022848;5;2;3;1;3;310;24/09/2015
2015022849;2;2;1;1;3;310;24/09/2015
2015022850;1;2;2;1;3;310;25/09/2015
2015022851;1;1;1;1;4;310;25/09/2015
2015022852;5;2;1;1;3;310;26/09/2015
2015022853;2;2;2;1;3;310;27/09/2015
2015022854;1;2;1;1;6;310;29/09/2015
2015022855;1;2;6;1;6;310;29/09/2015
2015022856;1;2;1;1;3;310;30/09/2015
2015022857;1;2;1;1;6;310;19/09/2015
2015022858;1;1;1;1;1;310;01/10/2015
2015022859;1;2;1;1;3;310;01/10/2015
2015022860;1;2;1;1;3;310;01/10/2015
2015022861;1;2;1;1;6;310;02/10/2015
2015022862;1;2;1;1;3;310;02/10/2015
2015022863;1;2;1;1;6;310;02/10/2015
2015022864;5;2;1;1;3;310;03/10/2015
2015022865;5;2;1;1;3;310;04/10/2015
2015022866;1;2;1;1;2;310;04/10/2015
2015022867;1;2;1;1;6;310;02/10/2015
2015022868;1;2;1;1;3;310;05/10/2015
2015022869;1;2;1;1;3;310;05/10/2015
2015022870;5;2;1;1;6;310;06/10/2015
2015022871;1;2;6;1;6;310;05/10/2015
2015022872;5;2;3;1;1;310;06/10/2015
2015022873;1;2;3;1;3;310;06/10/2015
2015022874;1;2;1;1;3;310;08/10/2015
2015022875;5;2;1;1;6;310;09/10/2015
2015022876;1;2;1;1;1;310;08/10/2015
2015022877;2;2;1;1;6;310;09/10/2015
2015022878;1;2;1;1;7;310;10/10/2015
2015022879;1;2;1;1;7;310;10/10/2015
2015022880;5;2;1;1;3;310;11/10/2015
2015022881;1;1;1;1;2;310;11/10/2015
2015022882;1;2;1;1;6;310;10/10/2015
2015022883;1;2;1;1;3;310;12/10/2015
2015022884;1;2;1;1;5;310;12/10/2015
2015022885;5;2;1;1;6;310;12/10/2015
2015022886;1;2;1;2;6;310;13/10/2015
2015022887;1;2;1;1;2;310;12/10/2015
2015022888;2;2;1;1;3;310;14/10/2015
2015022889;1;2;1;2;3;310;13/10/2015
2015022890;2;2;1;1;7;310;13/10/2015
2015022891;1;2;1;1;3;310;15/10/2015
2015022892;1;2;1;1;2;310;14/10/2015
2015022893;1;2;1;1;3;310;16/10/2015
2015022894;5;2;1;1;4;310;16/10/2015
2015022895;5;2;1;1;6;310;16/10/2015
2015022896;1;2;2;1;3;310;17/10/2015
2015022897;1;2;1;1;2;310;18/10/2015
2015022898;2;2;1;1;6;310;19/10/2015
2015022899;1;2;6;1;3;310;19/10/2015
2015022900;4;1;4;2;7;310;17/10/2015
2015022901;1;2;2;1;6;310;19/10/2015
2015022902;5;2;1;1;3;310;20/10/2015
2015022903;5;2;1;1;3;310;20/10/2015
2015022904;1;2;2;1;6;310;21/10/2015
2015022905;1;1;1;1;4;310;21/10/2015
2015022906;5;2;3;1;3;310;22/10/2015
2015022907;5;2;1;1;7;310;22/10/2015
2015022908;5;2;2;1;3;310;23/10/2015
2015022909;1;2;1;1;6;310;23/10/2015
2015022910;1;1;1;1;4;310;23/10/2015
2015022911;5;2;1;1;3;310;23/10/2015
2015022912;2;2;1;1;1;310;27/10/2015
2015022913;5;2;2;1;3;310;27/10/2015
2015022914;1;2;1;1;3;310;28/10/2015
2015022915;1;1;1;2;2;310;28/10/2015
2015022916;1;1;1;1;2;310;28/10/2015
2015022917;1;2;1;1;6;310;28/10/2015
2015022918;1;2;1;1;3;310;28/10/2015
2015022919;1;1;1;1;4;310;28/10/2015
2015022920;5;2;3;1;1;310;30/10/2015
2015022921;1;2;1;1;6;310;30/10/2015
2015022922;1;2;1;1;3;310;30/10/2015
2015022923;1;2;1;1;6;310;01/11/2015
2015022924;1;2;1;1;6;310;01/11/2015
2015022925;5;2;1;1;1;310;01/11/2015
2015022926;2;2;1;1;3;310;02/11/2015
2015022927;1;2;1;1;3;310;02/11/2015
2015022928;5;2;1;1;6;310;02/11/2015
2015022929;1;2;1;1;6;310;03/11/2015
2015022930;1;2;2;1;3;310;03/11/2015
2015022931;5;2;1;1;3;310;03/11/2015
2015022932;1;2;3;1;6;310;04/11/2015
2015022933;1;2;1;1;6;310;04/11/2015
2015022934;1;1;1;1;3;310;05/11/2015
2015022935;5;2;1;1;3;310;05/11/2015
2015022936;1;2;1;1;6;310;06/11/2015
2015022937;1;2;1;1;6;310;06/11/2015
2015022938;2;2;1;1;1;310;06/11/2015
2015022939;1;2;3;1;3;310;05/11/2015
2015022940;1;1;1;1;3;310;07/11/2015
2015022941;1;2;1;1;7;310;07/11/2015
2015022942;1;2;1;1;6;310;08/11/2015
2015022943;5;2;1;1;3;310;08/11/2015
2015022944;1;2;3;1;3;310;09/11/2015
2015022945;1;1;1;1;3;310;10/11/2015
2015022946;5;1;1;1;7;310;10/11/2015
2015022947;1;1;1;1;4;310;10/11/2015
2015022948;1;1;1;1;6;310;10/11/2015
2015022949;5;1;6;1;1;310;10/11/2015
2015022950;5;2;2;1;6;310;11/11/2015
2015022951;5;2;1;1;3;310;12/11/2015
2015022952;2;2;3;1;3;310;12/11/2015
2015022953;2;1;1;9;7;310;16/11/2015
2015022954;1;2;3;1;3;310;16/11/2015
2015022955;1;2;1;1;6;310;17/11/2015
2015022956;1;2;1;1;6;310;17/11/2015
2015022957;1;2;1;1;3;310;19/11/2015
2015022958;5;2;1;1;2;310;19/11/2015
2015022959;1;1;1;1;4;310;16/11/2015
2015022960;1;1;1;1;4;310;20/11/2015
2015022961;1;1;1;1;2;310;20/11/2015
2015022962;5;2;1;1;2;310;20/11/2015
2015022963;5;2;1;1;1;310;22/11/2015
2015022964;1;2;1;1;6;310;23/11/2015
2015022965;1;1;1;1;4;310;23/11/2015
2015022966;1;2;1;1;6;310;23/11/2015
2015022967;3;1;1;2;2;310;24/11/2015
2015022968;3;1;1;3;3;310;25/11/2015
2015022969;1;2;1;1;3;310;23/11/2015
2015022970;1;1;1;2;6;310;25/11/2015
2015022971;1;1;1;1;2;310;23/11/2015
2015022972;1;2;1;1;6;310;27/11/2015
2015022973;5;2;1;1;6;310;26/11/2015
2015022974;1;2;1;1;1;310;27/11/2015
2015022975;5;2;1;1;2;310;27/11/2015
2015022976;5;2;1;2;6;310;28/11/2015
2015022977;1;1;1;1;3;310;28/11/2015
2015022978;1;2;1;1;3;310;29/11/2015
2015022979;5;1;1;2;4;310;26/11/2015
2015022980;1;2;1;1;1;310;30/11/2015
2015022981;1;2;1;1;3;310;30/11/2015
2015022982;1;2;1;1;2;310;30/11/2015
2015022983;1;2;1;1;6;310;01/12/2015
2015022984;1;2;1;1;2;310;01/12/2015
2015022985;1;2;1;1;2;310;02/12/2015
2015022986;1;2;1;7;4;310;02/12/2015
2015022987;3;2;1;1;3;310;02/12/2015
2015022988;1;2;3;1;3;310;02/12/2015
2015022989;1;2;1;2;3;310;02/12/2015
2015022990;5;2;2;1;6;310;02/12/2015
2015022991;3;2;1;1;3;310;03/12/2015
2015022992;1;2;1;1;6;310;04/12/2015
2015022993;1;2;3;1;3;310;04/12/2015
2015022994;2;2;1;1;3;310;03/12/2015
2015022995;1;1;1;1;4;310;04/12/2015
2015022996;1;2;1;1;2;310;04/12/2015
2015022997;5;2;1;1;3;310;04/12/2015
2015022998;2;2;1;1;3;310;04/12/2015
2015022999;5;2;1;1;4;310;05/12/2015
2015023000;5;2;1;1;2;310;06/12/2015
2015023001;2;2;1;1;3;310;05/12/2015
2015023002;1;2;1;1;3;310;07/12/2015
2015023003;1;2;1;1;3;310;08/12/2015
2015023004;5;2;1;1;3;310;08/12/2015
2015023005;1;2;1;1;3;310;08/12/2015
2015023006;4;1;1;2;2;310;08/12/2015
2015023007;1;2;1;1;3;310;09/12/2015
2015023008;1;2;1;1;6;310;09/12/2015
2015023009;5;2;1;1;6;310;09/12/2015
2015023010;2;2;2;1;3;310;09/12/2015
2015023011;5;2;1;1;3;310;10/12/2015
2015023012;1;2;1;1;7;310;10/12/2015
2015023013;3;2;1;1;6;310;08/12/2015
2015023014;5;2;1;1;6;310;10/12/2015
2015023015;5;2;1;1;2;310;11/12/2015
2015023016;1;2;3;1;6;310;11/12/2015
2015023017;3;2;3;1;3;310;12/12/2015
2015023018;5;1;1;1;7;310;12/12/2015
2015023019;5;2;1;5;7;310;13/12/2015
2015023020;1;2;1;1;3;310;14/12/2015
2015023021;5;2;1;1;2;310;15/12/2015
2015023022;5;2;1;1;3;310;15/12/2015
2015023023;1;1;1;1;3;310;17/12/2015
2015023024;1;2;1;1;4;310;17/12/2015
2015023025;5;2;1;1;1;310;17/12/2015
2015023026;3;1;1;1;4;310;16/12/2015
2015023027;2;2;6;1;3;310;18/12/2015
2015023028;5;2;1;1;2;310;19/12/2015
2015023029;1;2;1;1;2;310;21/12/2015
2015023030;1;2;1;1;3;310;21/12/2015
2015023031;5;2;6;1;6;310;21/12/2015
2015023032;1;2;1;1;4;310;22/12/2015
2015023033;5;2;3;1;3;310;19/12/2015
2015023034;5;2;1;1;4;310;21/12/2015
2015023035;5;2;1;1;7;310;23/12/2015
2015023036;5;2;3;1;3;310;21/12/2015
2015023037;1;2;1;1;3;310;24/12/2015
2015023038;5;2;1;1;4;310;25/12/2015
2015023039;1;2;1;1;6;310;28/12/2015
2015023040;1;1;1;1;4;310;28/12/2015
2015023041;1;2;3;1;3;310;30/12/2015
2015023042;2;1;1;8;2;100;26/02/2015
2015023043;1;1;1;1;7;680;15/07/2015
2015023044;1;2;2;1;3;680;27/09/2015
2015023045;1;1;1;5;5;710;05/01/2015
2015023046;3;1;1;1;2;710;02/03/2015
2015023047;3;1;1;1;5;710;23/04/2015
2015023048;3;1;1;2;4;710;01/05/2015
2015023049;1;1;1;1;1;710;08/05/2015
2015023050;1;1;1;1;6;710;18/06/2015
2015023051;1;1;1;1;6;710;03/07/2015
2015023052;1;1;1;1;2;710;17/07/2015
2015023053;3;1;1;1;2;710;20/07/2015
2015023054;3;1;1;1;6;710;30/10/2015
2015023055;3;1;1;1;6;540;18/06/2015
2015023056;3;1;1;1;5;830;04/01/2015
2015023057;2;1;1;1;6;830;14/01/2015
2015023058;1;1;1;1;5;830;20/01/2015
2015023059;3;1;1;1;6;830;01/02/2015
2015023060;3;1;1;1;5;830;12/02/2015
2015023061;3;1;1;1;4;830;09/03/2015
2015023062;1;1;1;1;6;830;12/03/2015
2015023063;1;1;1;8;2;830;19/04/2015
2015023064;3;1;1;1;6;830;08/05/2015
2015023065;1;1;1;1;6;830;11/05/2015
2015023066;1;1;1;1;2;830;05/06/2015
2015023067;3;1;1;1;6;830;19/06/2015
2015023068;1;1;1;1;6;830;26/06/2015
2015023069;1;1;1;1;2;830;02/07/2015
2015023070;1;1;1;1;2;830;30/07/2015
2015023071;3;1;1;1;2;830;05/08/2015
2015023072;1;1;1;1;6;830;05/08/2015
2015023073;1;1;1;1;6;830;06/08/2015
2015023074;1;1;1;1;2;830;15/08/2015
2015023075;1;1;1;1;3;830;17/08/2015
2015023076;1;1;1;1;2;830;09/11/2015
2015023077;2;1;1;1;6;830;13/11/2015
2015023078;1;1;1;1;6;280;08/02/2015
2015023079;2;1;1;1;7;280;22/02/2015
2015023080;1;1;1;4;3;280;24/02/2015
2015023081;1;1;1;1;7;280;18/03/2015
2015023082;1;1;1;1;7;280;19/04/2015
2015023083;1;1;1;1;6;280;08/05/2015
2015023084;1;1;1;1;7;280;17/05/2015
2015023085;1;1;1;1;6;280;11/07/2015
2015023086;1;1;1;1;6;280;24/07/2015
2015023087;3;1;1;2;6;280;29/07/2015
2015023088;1;1;1;1;1;280;19/09/2015
2015023089;1;1;1;1;1;280;26/09/2015
2015023090;1;1;1;1;6;280;13/10/2015
2015023091;1;1;1;1;6;280;19/12/2015
2015023092;1;1;1;1;1;450;06/10/2015
2015023093;3;1;1;5;1;440;16/03/2015
2015023094;3;2;1;1;5;130;24/09/2015
2015023095;1;2;1;1;6;130;22/12/2015
2015023096;3;1;1;1;4;770;09/02/2015
2015023097;3;1;1;1;2;770;08/03/2015
2015023098;1;1;1;1;6;770;01/10/2015
2015023099;1;1;1;1;6;770;02/10/2015
2015023100;3;1;1;1;2;770;01/12/2015
2015023101;3;1;1;5;1;810;01/01/2015
2015023102;1;1;1;1;5;810;12/05/2015
2015023103;5;2;1;1;6;810;24/05/2015
2015023104;3;1;1;2;1;810;29/01/2015
2015023105;1;1;1;2;6;810;27/04/2015
2015023106;1;1;1;1;3;810;18/05/2015
2015023107;2;2;1;1;6;810;12/08/2015
2015023108;1;2;1;1;6;810;06/10/2015
2015023109;1;1;1;1;1;810;17/10/2015
2015023110;1;2;1;1;2;320;19/03/2015
2015023111;1;2;1;1;6;320;25/03/2015
2015023112;1;1;1;8;6;320;31/03/2015
2015023113;1;2;1;1;6;320;07/04/2015
2015023114;5;2;2;1;1;320;27/04/2015
2015023115;2;2;1;1;6;320;02/07/2015
2015023116;1;2;3;1;3;320;10/07/2015
2015023117;1;2;1;1;6;320;13/07/2015
2015023118;5;2;3;8;1;320;11/06/2015
2015023119;1;2;1;1;6;320;21/07/2015
2015023120;1;1;1;1;1;320;16/08/2015
2015023121;1;2;1;1;4;320;30/07/2015
2015023122;1;1;3;1;3;320;02/09/2015
2015023123;1;1;1;7;1;320;08/09/2015
2015023124;1;2;6;1;3;320;19/09/2015
2015023125;1;2;6;7;3;320;09/10/2015
2015023126;1;2;1;1;3;320;19/09/2015
2015023127;1;2;1;7;6;320;27/08/2015
2015023128;1;1;3;1;4;320;28/08/2015
2015023129;1;2;3;1;6;320;20/09/2015
2015023130;1;2;6;1;3;320;25/09/2015
2015023131;1;1;1;9;7;320;03/01/2015
2015023132;5;2;1;1;6;320;02/11/2015
2015023133;1;2;1;1;6;320;04/11/2015
2015023134;1;2;6;1;3;320;17/11/2015
2015023135;1;2;2;3;3;320;25/11/2015
2015023136;5;2;1;8;3;320;25/11/2015
2015023137;5;2;1;8;7;320;27/11/2015
2015023138;3;1;1;1;6;320;18/01/2015
2015023139;1;1;1;8;6;320;20/01/2015
2015023140;5;2;3;1;3;320;27/02/2015
2015023141;1;2;1;1;6;320;11/03/2015
2015023142;1;2;1;1;6;570;15/03/2015
2015023143;3;1;1;1;1;570;27/03/2015
2015023144;3;1;1;1;6;570;30/05/2015
2015023145;1;1;1;7;7;570;30/09/2015
2015023146;3;1;1;3;6;210;28/01/2015
2015023147;3;1;1;1;6;210;11/02/2015
2015023148;1;1;1;1;6;210;15/03/2015
2015023149;1;1;1;1;1;210;23/04/2015
2015023150;1;1;1;2;6;210;25/04/2015
2015023151;1;1;1;1;6;210;16/05/2015
2015023152;3;1;1;1;5;210;26/05/2015
2015023153;1;1;1;1;7;210;03/07/2015
2015023154;1;1;1;1;6;760;12/03/2015
2015023155;1;1;1;7;2;760;20/07/2015
2015023156;1;1;2;1;3;310;07/09/2015
2015023157;1;2;6;1;6;310;28/11/2015
2015023158;5;2;1;1;1;310;20/11/2015
2015023159;3;1;1;1;4;420;20/12/2015
2015023160;1;2;1;1;1;310;10/05/2015
2015023161;3;2;1;1;6;760;25/10/2015
2015023162;1;1;1;1;2;760;06/12/2015
2015023163;1;1;1;1;7;410;11/01/2015
2015023164;1;2;1;1;5;410;18/01/2015
2015023165;1;1;1;1;3;410;16/03/2015
2015023166;1;1;1;2;3;410;03/04/2015
2015023167;1;1;1;1;6;410;23/04/2015
2015023168;1;1;1;1;1;410;24/04/2015
2015023169;1;2;1;1;1;410;24/04/2015
2015023170;1;1;3;1;3;410;25/05/2015
2015023171;1;1;4;1;3;410;03/06/2015
2015023172;1;1;1;1;1;410;03/07/2015
2015023173;1;1;1;1;3;410;23/07/2015
2015023174;1;1;1;3;1;410;28/07/2015
2015023175;1;1;1;1;1;410;01/08/2015
2015023176;1;1;1;1;6;410;11/08/2015
2015023177;1;1;1;1;7;410;20/08/2015
2015023178;3;1;1;1;7;410;23/08/2015
2015023179;2;2;1;1;7;410;20/09/2015
2015023180;1;1;1;1;7;410;08/12/2015
2015023181;1;2;3;1;6;330;05/04/2015
2015023182;1;1;2;1;1;330;11/04/2015
2015023183;1;1;3;1;6;330;27/04/2015
2015023184;1;2;6;1;6;330;23/04/2015
2015023185;1;1;1;1;1;330;30/04/2015
2015023186;1;2;2;1;3;330;20/05/2015
2015023187;1;2;3;1;2;330;14/05/2015
2015023188;4;2;2;1;3;330;25/05/2015
2015023189;1;2;1;1;2;330;02/06/2015
2015023190;1;2;1;1;3;330;23/05/2015
2015023191;1;2;1;1;6;330;08/06/2015
2015023192;1;2;1;1;6;330;20/06/2015
2015023193;1;2;1;1;6;330;23/06/2015
2015023194;1;1;1;1;6;330;23/06/2015
2015023195;1;2;1;1;6;330;12/07/2015
2015023196;1;1;6;1;3;330;14/07/2015
2015023197;1;2;6;1;6;330;18/07/2015
2015023198;1;2;2;1;6;330;23/07/2015
2015023199;1;2;3;7;3;330;02/08/2015
2015023200;1;1;1;1;1;330;02/08/2015
2015023201;1;2;1;1;6;330;06/08/2015
2015023202;1;2;1;1;6;330;15/08/2015
2015023203;1;2;6;1;3;330;18/08/2015
2015023204;1;1;1;1;6;330;05/08/2015
2015023205;1;2;1;1;6;330;22/08/2015
2015023206;1;2;1;1;6;330;21/08/2015
2015023207;1;2;6;3;2;330;24/08/2015
2015023208;1;2;2;1;5;330;04/09/2015
2015023209;1;2;1;1;4;330;15/09/2015
2015023210;1;2;6;1;6;330;08/10/2015
2015023211;1;2;1;1;2;330;09/10/2015
2015023212;1;2;1;1;6;330;13/10/2015
2015023213;1;2;1;1;6;330;19/10/2015
2015023214;3;1;1;1;7;330;23/10/2015
2015023215;1;2;6;1;3;330;21/10/2015
2015023216;5;1;1;1;1;330;08/11/2015
2015023217;1;2;2;1;3;330;02/11/2015
2015023218;3;1;1;3;1;330;21/11/2015
2015023219;1;1;1;2;1;330;25/11/2015
2015023220;2;2;6;1;3;330;04/12/2015
2015023221;5;2;1;1;6;330;05/12/2015
2015023222;5;2;2;1;6;330;17/12/2015
2015023223;1;2;1;1;1;330;24/12/2015
2015023224;1;2;1;2;6;330;28/01/2015
2015023225;5;2;1;1;6;330;11/03/2015
2015023226;1;1;2;1;3;330;15/03/2015
2015023227;1;2;1;1;6;330;15/03/2015
2015023228;1;1;1;2;7;740;29/03/2015
2015023229;1;2;1;1;3;740;24/03/2015
2015023230;1;1;1;1;1;740;19/06/2015
2015023231;1;1;1;1;1;740;24/09/2015
2015023232;1;2;3;1;3;330;16/03/2015
2015023233;5;2;6;1;6;330;17/03/2015
2015023234;1;2;2;1;3;330;28/12/2015
2015023235;1;2;2;1;3;330;17/03/2015
2015023236;5;2;3;1;6;330;19/03/2015
2015023237;1;2;3;1;6;330;19/03/2015
2015023238;1;2;1;2;6;330;24/03/2015
2015023239;5;2;4;1;6;330;20/03/2015
2015023240;5;2;3;1;1;330;30/12/2015
2015023241;5;1;1;1;6;330;18/03/2015
2015023242;5;2;3;1;6;330;16/03/2015
2015023243;1;2;2;1;3;330;21/03/2015
2015023244;5;2;6;2;6;330;20/03/2015
2015023245;5;2;3;1;3;330;21/03/2015
2015023246;1;2;1;1;2;330;18/03/2015
2015023247;1;2;1;1;3;330;23/03/2015
2015023248;1;2;2;1;6;330;24/03/2015
2015023249;1;2;3;1;6;330;22/03/2015
2015023250;5;2;1;1;6;330;01/01/2015
2015023251;1;2;6;1;3;330;22/03/2015
2015023252;5;2;1;3;2;330;21/03/2015
2015023253;1;2;3;1;6;330;27/03/2015
2015023254;1;2;3;2;6;330;26/03/2015
2015023255;5;2;2;1;3;330;31/12/2015
2015023256;5;2;1;1;2;330;29/03/2015
2015023257;5;2;2;1;3;330;21/12/2015
2015023258;1;2;1;1;6;330;19/03/2015
2015023259;5;2;2;1;6;330;20/03/2015
2015023260;1;2;3;1;3;330;20/03/2015
2015023261;5;2;2;1;2;330;24/03/2015
2015023262;1;2;1;1;3;330;19/03/2015
2015023263;1;2;2;1;6;330;27/03/2015
2015023264;1;2;1;2;2;330;28/03/2015
2015023265;5;2;2;1;2;330;27/12/2015
2015023266;4;2;2;2;5;330;28/03/2015
2015023267;1;2;1;2;2;330;27/03/2015
2015023268;1;2;3;1;3;330;27/03/2015
2015023269;5;2;2;2;3;330;27/03/2015
2015023270;1;2;3;1;3;330;24/03/2015
2015023271;1;2;2;1;3;330;27/03/2015
2015023272;1;2;1;2;6;330;21/03/2015
2015023273;1;2;2;1;6;330;25/03/2015
2015023274;1;2;3;2;6;330;30/03/2015
2015023275;1;2;6;1;3;330;25/03/2015
2015023276;1;2;2;1;5;330;25/03/2015
2015023277;1;2;2;2;3;330;31/03/2015
2015023278;1;2;1;8;2;330;24/03/2015
2015023279;5;2;1;1;6;330;01/04/2015
2015023280;5;2;3;1;6;330;01/04/2015