num_acc;lum;agg;inter;atm;col;dep;date
2015023281;1;2;3;1;5;330;01/04/2015
2015023282;1;2;6;2;1;330;28/03/2015
2015023283;1;2;6;2;3;330;30/03/2015
2015023284;1;2;3;1;6;330;02/04/2015
2015023285;1;2;1;1;6;330;02/04/2015
2015023286;5;2;2;2;3;330;04/04/2015
2015023287;1;2;3;1;2;330;01/04/2015
2015023288;2;2;1;1;4;330;02/04/2015
2015023289;1;2;1;2;1;330;30/03/2015
2015023290;5;2;3;2;3;330;03/04/2015
2015023291;5;2;2;2;3;330;03/04/2015
2015023292;5;2;1;1;6;330;03/04/2015
2015023293;1;2;1;1;5;330;02/04/2015
2015023294;1;2;1;2;6;330;04/04/2015
2015023295;1;2;6;1;2;330;03/04/2015
2015023296;1;2;1;1;6;330;04/04/2015
2015023297;1;2;1;1;2;330;07/04/2015
2015023298;5;2;3;1;6;330;07/04/2015
2015023299;2;1;1;1;2;330;03/04/2015
2015023300;1;2;1;1;2;330;07/04/2015
2015023301;1;2;2;1;2;330;09/04/2015
2015023302;1;2;3;1;6;330;09/04/2015
2015023303;1;2;1;1;6;330;09/04/2015
2015023304;1;2;2;1;3;330;13/04/2015
2015023305;1;2;2;1;3;330;11/04/2015
2015023306;5;2;2;1;3;330;11/04/2015
2015023307;2;2;5;1;3;330;10/04/2015
2015023308;1;2;3;1;4;330;10/04/2015
2015023309;1;2;1;1;3;330;03/04/2015
2015023310;1;2;3;1;6;330;02/04/2015
2015023311;5;2;1;1;6;330;11/04/2015
2015023312;3;2;1;1;6;330;11/04/2015
2015023313;1;2;3;1;3;330;03/04/2015
2015023314;5;2;1;1;6;330;14/04/2015
2015023315;1;2;6;1;3;330;06/04/2015
2015023316;1;2;1;1;3;330;07/04/2015
2015023317;1;2;1;1;3;330;08/04/2015
2015023318;2;2;6;1;7;330;12/04/2015
2015023319;1;2;6;1;4;330;08/04/2015
2015023320;1;2;1;1;3;330;13/04/2015
2015023321;1;2;1;1;6;330;12/04/2015
2015023322;1;2;6;1;6;330;09/04/2015
2015023323;1;2;1;1;3;330;13/04/2015
2015023324;1;2;3;1;3;330;08/04/2015
2015023325;1;1;3;1;3;330;08/04/2015
2015023326;1;1;1;1;2;330;09/04/2015
2015023327;5;2;4;1;7;330;02/01/2015
2015023328;1;2;2;1;3;330;15/04/2015
2015023329;1;2;2;1;6;330;15/04/2015
2015023330;1;2;2;1;3;330;14/04/2015
2015023331;1;2;3;1;3;330;14/04/2015
2015023332;1;2;1;1;3;330;16/04/2015
2015023333;1;2;2;1;3;330;15/04/2015
2015023334;1;2;1;3;3;330;18/04/2015
2015023335;5;2;3;1;3;330;18/04/2015
2015023336;1;2;3;1;1;330;16/04/2015
2015023337;1;2;2;1;1;330;18/04/2015
2015023338;5;2;6;1;6;330;05/04/2015
2015023339;1;2;4;1;5;330;11/04/2015
2015023340;1;2;3;1;2;330;14/04/2015
2015023341;1;2;1;1;6;330;16/04/2015
2015023342;1;2;1;1;2;330;20/04/2015
2015023343;1;2;1;1;3;330;15/04/2015
2015023344;1;2;2;2;1;330;16/04/2015
2015023345;1;2;1;1;3;330;17/04/2015
2015023346;2;2;2;3;3;330;18/04/2015
2015023347;5;2;2;2;6;330;19/04/2015
2015023348;5;2;2;1;1;330;25/04/2015
2015023349;1;2;2;1;6;330;17/04/2015
2015023350;1;2;3;1;3;330;20/04/2015
2015023351;1;2;2;1;1;330;16/04/2015
2015023352;1;2;4;1;3;330;20/04/2015
2015023353;5;2;2;1;3;330;19/04/2015
2015023354;1;2;1;1;3;330;24/04/2015
2015023355;1;2;1;8;3;330;23/04/2015
2015023356;1;2;1;1;6;330;27/04/2015
2015023357;1;2;3;1;1;330;22/04/2015
2015023358;5;2;3;1;3;330;26/04/2015
2015023359;1;2;2;1;6;330;13/04/2015
2015023360;1;2;3;1;3;330;27/04/2015
2015023361;5;2;1;1;7;330;10/04/2015
2015023362;1;2;2;1;3;330;22/04/2015
2015023363;1;2;3;1;1;330;22/04/2015
2015023364;1;2;3;1;6;330;23/04/2015
2015023365;1;2;1;2;2;330;23/04/2015
2015023366;1;2;4;1;3;330;22/04/2015
2015023367;1;2;3;1;3;330;24/04/2015
2015023368;1;2;3;1;3;330;27/04/2015
2015023369;1;2;4;1;3;330;28/04/2015
2015023370;1;2;1;1;5;330;30/04/2015
2015023371;1;2;1;2;6;330;02/05/2015
2015023372;5;2;3;3;7;330;30/04/2015
2015023373;1;2;2;2;3;330;26/04/2015
2015023374;1;2;1;1;2;330;30/04/2015
2015023375;1;2;2;3;2;330;01/05/2015
2015023376;1;2;2;1;6;330;02/04/2015
2015023377;5;2;1;1;3;330;24/04/2015
2015023378;1;2;2;1;3;330;29/04/2015
2015023379;1;2;1;1;3;330;29/04/2015
2015023380;1;2;3;1;3;330;05/05/2015
2015023381;1;2;1;6;3;330;05/05/2015
2015023382;1;2;2;1;3;330;24/04/2015
2015023383;1;2;1;1;1;330;05/05/2015
2015023384;1;2;1;1;2;330;04/05/2015
2015023385;1;2;1;1;6;330;06/05/2015
2015023386;1;2;2;1;6;330;06/05/2015
2015023387;1;2;1;2;3;330;02/05/2015
2015023388;1;2;2;1;3;330;06/05/2015
2015023389;1;2;1;1;2;330;06/05/2015
2015023390;5;2;2;1;3;330;01/04/2015
2015023391;1;2;4;1;3;330;11/05/2015
2015023392;1;2;3;1;3;330;05/05/2015
2015023393;1;2;1;1;5;330;08/05/2015
2015023394;5;2;1;1;6;330;13/05/2015
2015023395;1;2;2;1;3;330;09/05/2015
2015023396;5;2;1;1;1;330;07/05/2015
2015023397;1;2;2;1;3;330;11/05/2015
2015023398;1;2;3;1;2;330;05/05/2015
2015023399;1;2;2;8;5;330;04/05/2015
2015023400;1;2;6;1;3;330;12/05/2015
2015023401;1;2;2;1;3;330;13/05/2015
2015023402;5;2;1;1;6;330;14/05/2015
2015023403;4;2;1;1;7;330;12/05/2015
2015023404;5;2;1;1;6;330;14/05/2015
2015023405;1;2;6;1;3;330;07/05/2015
2015023406;1;2;1;1;6;330;09/05/2015
2015023407;1;2;3;1;1;330;06/05/2015
2015023408;1;2;3;1;3;330;07/05/2015
2015023409;1;2;1;1;6;330;07/05/2015
2015023410;1;2;3;1;7;330;06/05/2015
2015023411;1;2;1;1;3;330;06/05/2015
2015023412;1;2;1;1;3;330;05/05/2015
2015023413;1;2;3;1;3;330;07/05/2015
2015023414;5;2;1;1;6;330;17/05/2015
2015023415;5;2;1;1;7;330;16/05/2015
2015023416;2;2;1;1;2;330;18/05/2015
2015023417;1;2;1;1;1;330;18/05/2015
2015023418;1;2;3;1;3;330;13/05/2015
2015023419;1;2;1;1;3;330;18/05/2015
2015023420;2;2;3;1;3;330;19/05/2015
2015023421;2;2;3;1;3;330;14/05/2015
2015023422;5;2;2;1;6;330;21/05/2015
2015023423;1;2;3;1;2;330;19/05/2015
2015023424;1;2;6;8;2;330;20/05/2015
2015023425;5;2;1;1;6;330;09/05/2015
2015023426;5;2;2;1;7;330;21/05/2015
2015023427;1;2;3;1;3;330;13/05/2015
2015023428;1;2;3;1;1;330;20/05/2015
2015023429;5;2;1;1;3;330;23/05/2015
2015023430;5;2;1;1;6;330;22/05/2015
2015023431;1;2;3;1;6;330;21/05/2015
2015023432;1;2;1;1;2;330;13/05/2015
2015023433;1;2;1;1;6;330;20/05/2015
2015023434;1;2;1;1;5;330;22/05/2015
2015023435;1;2;1;1;3;330;23/05/2015
2015023436;5;2;3;1;3;330;15/05/2015
2015023437;1;2;1;1;6;330;20/05/2015
2015023438;1;2;3;1;3;330;26/05/2015
2015023439;1;2;2;1;1;330;23/05/2015
2015023440;1;2;1;1;6;330;28/05/2015
2015023441;1;2;2;1;3;330;21/05/2015
2015023442;1;2;2;1;3;330;26/05/2015
2015023443;1;2;2;1;3;330;21/05/2015
2015023444;1;2;1;1;6;330;21/05/2015
2015023445;1;2;1;1;1;330;22/05/2015
2015023446;1;2;3;1;3;330;24/05/2015
2015023447;1;2;1;1;1;330;28/05/2015
2015023448;1;2;1;1;3;330;27/05/2015
2015023449;1;2;1;1;3;330;27/05/2015
2015023450;1;2;3;1;3;330;27/05/2015
2015023451;1;2;3;1;3;330;28/05/2015
2015023452;1;2;2;1;2;330;22/05/2015
2015023453;1;2;2;1;3;330;28/05/2015
2015023454;1;2;2;1;3;330;27/05/2015
2015023455;1;2;2;1;6;330;21/05/2015
2015023456;5;2;3;1;3;330;22/05/2015
2015023457;1;2;6;1;2;330;22/05/2015
2015023458;1;2;2;1;3;330;22/05/2015
2015023459;1;2;2;1;3;330;22/05/2015
2015023460;1;2;1;1;6;330;22/05/2015
2015023461;1;2;3;1;6;330;27/05/2015
2015023462;1;2;1;1;6;330;29/05/2015
2015023463;1;2;3;1;5;330;27/05/2015
2015023464;1;2;3;1;3;330;28/05/2015
2015023465;1;2;2;1;3;330;01/06/2015
2015023466;1;2;4;1;1;330;01/06/2015
2015023467;1;2;1;1;1;330;28/05/2015
2015023468;1;2;3;1;6;330;30/05/2015
2015023469;1;2;1;1;2;330;02/06/2015
2015023470;1;2;1;1;3;330;30/05/2015
2015023471;1;2;2;1;3;330;29/05/2015
2015023472;1;2;2;1;4;330;31/05/2015
2015023473;1;2;2;1;2;330;29/05/2015
2015023474;1;2;1;1;2;330;03/06/2015
2015023475;1;2;1;1;3;330;04/06/2015
2015023476;1;2;1;1;3;330;04/06/2015
2015023477;2;2;1;1;6;330;02/06/2015
2015023478;1;2;1;1;6;330;04/06/2015
2015023479;1;2;2;1;3;330;04/06/2015
2015023480;1;2;2;1;2;330;06/06/2015
2015023481;1;2;1;1;2;330;03/06/2015
2015023482;1;2;1;1;3;330;05/06/2015
2015023483;1;2;2;1;5;330;04/06/2015
2015023484;5;2;3;1;6;330;04/06/2015
2015023485;1;2;1;1;2;330;04/06/2015
2015023486;5;2;6;1;6;330;04/06/2015
2015023487;1;2;1;1;3;330;06/06/2015
2015023488;1;1;1;1;4;330;05/06/2015
2015023489;1;2;3;1;3;330;06/06/2015
2015023490;1;2;2;1;6;330;05/06/2015
2015023491;1;2;3;1;6;330;01/06/2015
2015023492;2;2;6;1;7;330;04/06/2015
2015023493;1;2;1;1;3;330;02/01/2015
2015023494;1;2;1;1;3;330;05/06/2015
2015023495;4;2;1;1;6;330;11/06/2015
2015023496;1;2;1;1;3;330;09/06/2015
2015023497;1;2;2;1;3;330;03/06/2015
2015023498;2;2;2;1;1;330;10/06/2015
2015023499;1;2;3;1;3;330;02/06/2015
2015023500;1;2;1;1;3;330;03/06/2015
2015023501;5;2;6;1;2;330;28/05/2015
2015023502;1;2;6;1;3;330;05/06/2015
2015023503;1;2;1;1;6;330;15/06/2015
2015023504;1;2;4;1;3;330;14/06/2015
2015023505;1;2;1;1;4;330;13/06/2015
2015023506;1;2;1;1;3;330;07/06/2015
2015023507;1;2;1;1;1;330;09/06/2015
2015023508;1;2;1;1;5;330;09/06/2015
2015023509;1;2;1;3;6;330;10/06/2015
2015023510;1;2;2;1;6;330;12/06/2015
2015023511;1;2;3;1;3;330;12/06/2015
2015023512;1;2;3;1;3;330;05/06/2015
2015023513;1;2;3;1;6;330;09/06/2015
2015023514;1;2;6;1;6;330;10/06/2015
2015023515;1;2;1;1;1;330;11/06/2015
2015023516;1;2;2;1;3;330;31/05/2015
2015023517;1;2;5;1;3;330;11/06/2015
2015023518;1;2;1;1;6;330;12/06/2015
2015023519;1;2;3;2;7;330;11/06/2015
2015023520;1;2;3;1;6;330;11/06/2015
2015023521;1;2;2;2;3;330;11/06/2015
2015023522;1;2;3;1;3;330;10/06/2015
2015023523;5;2;1;1;6;330;21/06/2015
2015023524;1;2;1;1;6;330;13/06/2015
2015023525;1;2;2;1;6;330;15/06/2015
2015023526;1;2;2;1;3;330;12/06/2015
2015023527;1;2;2;1;6;330;17/06/2015
2015023528;1;2;3;1;3;330;15/06/2015
2015023529;1;2;2;8;3;330;12/06/2015
2015023530;1;2;2;1;7;330;17/06/2015
2015023531;5;2;4;1;7;330;17/06/2015
2015023532;1;2;3;1;6;330;20/06/2015
2015023533;1;2;2;1;3;330;13/06/2015
2015023534;1;2;3;1;3;330;04/06/2015
2015023535;5;2;4;1;6;330;03/01/2015
2015023536;1;2;1;1;6;330;18/06/2015
2015023537;1;2;1;1;6;330;18/06/2015
2015023538;5;2;2;1;3;330;18/06/2015
2015023539;1;1;2;1;1;330;18/06/2015
2015023540;1;2;1;1;6;330;23/06/2015
2015023541;5;2;1;2;6;330;13/06/2015
2015023542;1;2;2;1;1;330;23/06/2015
2015023543;1;2;1;1;2;330;23/06/2015
2015023544;2;2;2;1;3;330;17/06/2015
2015023545;1;2;2;2;3;330;19/06/2015
2015023546;2;2;2;1;3;330;21/06/2015
2015023547;1;2;1;1;6;330;28/06/2015
2015023548;5;2;3;1;3;330;26/06/2015
2015023549;1;2;2;1;3;330;25/06/2015
2015023550;1;2;1;1;2;330;23/06/2015
2015023551;1;2;1;1;3;330;22/06/2015
2015023552;1;2;3;1;1;330;17/06/2015
2015023553;1;2;3;1;1;330;22/06/2015
2015023554;1;2;2;1;3;330;29/06/2015
2015023555;1;2;1;1;3;330;30/06/2015
2015023556;1;2;1;1;3;330;27/06/2015
2015023557;5;2;4;1;3;330;28/06/2015
2015023558;2;2;3;1;6;330;30/06/2015
2015023559;1;2;1;1;6;330;30/06/2015
2015023560;1;2;3;1;3;330;01/07/2015
2015023561;1;2;2;1;6;330;19/06/2015
2015023562;1;2;1;1;3;330;27/06/2015
2015023563;1;2;1;1;2;330;01/07/2015
2015023564;5;2;1;1;2;330;24/06/2015
2015023565;1;2;2;1;3;330;03/07/2015
2015023566;1;2;1;1;6;330;01/07/2015
2015023567;1;2;1;1;3;330;06/07/2015
2015023568;1;2;6;1;3;330;25/06/2015
2015023569;5;2;1;1;6;330;04/07/2015
2015023570;2;2;2;1;3;330;02/07/2015
2015023571;1;2;1;1;1;330;02/06/2015
2015023572;1;2;2;1;3;330;03/01/2015
2015023573;1;2;3;1;3;330;03/07/2015
2015023574;1;2;3;1;3;330;26/06/2015
2015023575;1;2;2;1;3;330;26/06/2015
2015023576;1;2;1;1;6;330;25/06/2015
2015023577;1;2;2;1;1;330;24/06/2015
2015023578;1;2;6;1;3;330;26/06/2015
2015023579;1;2;1;1;6;330;03/07/2015
2015023580;1;2;4;1;3;330;29/06/2015
2015023581;1;2;6;1;3;330;01/07/2015
2015023582;5;2;1;1;2;330;27/06/2015
2015023583;1;2;1;1;2;330;30/06/2015
2015023584;1;2;2;1;3;330;05/07/2015
2015023585;1;2;1;1;2;330;02/07/2015
2015023586;1;2;3;7;3;330;06/07/2015
2015023587;1;2;2;1;3;330;13/07/2015
2015023588;1;2;3;1;3;330;12/07/2015
2015023589;1;2;1;1;6;330;29/06/2015
2015023590;1;2;2;1;3;330;08/07/2015
2015023591;1;2;6;1;2;330;09/07/2015
2015023592;1;2;2;1;3;330;12/07/2015
2015023593;1;2;1;1;1;330;08/07/2015
2015023594;1;2;1;1;2;330;15/07/2015
2015023595;1;2;1;1;3;330;15/07/2015
2015023596;5;2;1;1;6;330;16/07/2015
2015023597;1;2;6;1;1;330;11/07/2015
2015023598;1;2;3;1;3;330;09/07/2015
2015023599;1;2;1;1;2;330;09/07/2015
2015023600;1;2;1;1;4;330;06/07/2015
2015023601;1;2;7;1;6;330;07/07/2015
2015023602;5;2;2;1;3;330;07/07/2015
2015023603;1;2;3;1;3;330;07/07/2015
2015023604;1;2;3;1;2;330;08/07/2015
2015023605;1;2;2;1;3;330;08/07/2015
2015023606;1;2;6;1;3;330;07/07/2015
2015023607;1;2;2;1;3;330;09/07/2015
2015023608;1;2;2;1;3;330;08/07/2015
2015023609;1;2;1;1;6;330;10/07/2015
2015023610;1;2;2;1;6;330;19/06/2015
2015023611;1;2;3;1;6;330;15/07/2015
2015023612;1;2;2;1;3;330;15/07/2015
2015023613;1;2;2;1;1;330;09/07/2015
2015023614;5;2;1;1;6;330;10/07/2015
2015023615;1;2;2;1;3;330;09/07/2015
2015023616;1;2;2;1;3;330;11/07/2015
2015023617;1;2;2;1;3;330;11/07/2015
2015023618;1;2;3;1;3;330;17/07/2015
2015023619;1;2;3;1;2;330;11/07/2015
2015023620;1;2;3;1;3;330;11/07/2015
2015023621;1;2;1;1;5;330;17/07/2015
2015023622;1;2;3;1;3;330;18/07/2015
2015023623;5;2;2;1;3;330;20/07/2015
2015023624;1;2;2;1;2;330;21/07/2015
2015023625;5;2;2;1;3;330;08/07/2015
2015023626;1;2;2;1;3;330;19/07/2015
2015023627;2;2;1;1;6;330;19/07/2015
2015023628;1;2;5;1;6;330;20/07/2015
2015023629;1;2;4;1;3;330;17/07/2015
2015023630;1;2;3;1;3;330;17/07/2015
2015023631;1;2;1;1;1;330;16/07/2015
2015023632;1;2;3;1;5;330;16/07/2015
2015023633;1;2;1;1;1;330;24/07/2015
2015023634;1;2;1;1;1;330;16/07/2015
2015023635;1;2;2;1;3;330;21/07/2015
2015023636;5;2;1;1;6;330;19/07/2015
2015023637;1;2;6;1;2;330;18/07/2015
2015023638;2;2;2;1;3;330;27/07/2015
2015023639;1;2;1;1;3;330;26/07/2015
2015023640;1;2;2;1;3;330;26/07/2015
2015023641;1;2;2;1;3;330;27/07/2015
2015023642;2;2;6;1;3;330;21/07/2015
2015023643;1;2;2;1;3;330;24/07/2015
2015023644;1;2;3;1;2;330;23/07/2015
2015023645;1;2;3;1;3;330;26/07/2015
2015023646;1;2;1;1;6;330;28/07/2015
2015023647;1;2;3;1;3;330;23/07/2015
2015023648;1;2;2;1;3;330;28/07/2015
2015023649;1;2;3;1;3;330;28/07/2015
2015023650;5;2;1;1;7;330;28/07/2015
2015023651;1;2;3;1;3;330;22/07/2015
2015023652;1;2;1;1;2;330;21/07/2015
2015023653;1;2;3;1;2;330;28/07/2015
2015023654;1;2;3;1;6;330;19/07/2015
2015023655;1;2;3;1;3;330;18/07/2015
2015023656;2;2;6;1;3;330;24/07/2015
2015023657;1;2;7;1;7;330;29/07/2015
2015023658;1;2;2;1;6;330;31/07/2015
2015023659;1;2;2;1;3;330;02/08/2015
2015023660;5;2;2;1;3;330;03/08/2015
2015023661;1;2;3;1;3;330;04/08/2015
2015023662;1;2;3;1;5;330;27/07/2015
2015023663;1;2;4;2;3;330;04/08/2015
2015023664;1;2;1;1;2;330;04/08/2015
2015023665;1;2;1;1;3;330;05/08/2015
2015023666;1;2;3;1;6;330;06/08/2015
2015023667;5;2;3;1;3;330;06/08/2015
2015023668;1;2;1;1;2;330;28/07/2015
2015023669;1;2;1;1;6;330;31/07/2015
2015023670;5;2;6;1;7;330;06/08/2015
2015023671;5;2;3;1;2;330;06/08/2015
2015023672;5;2;3;1;7;330;07/08/2015
2015023673;1;1;3;1;2;330;10/08/2015
2015023674;1;2;1;1;1;330;05/07/2015
2015023675;5;2;1;1;7;330;07/07/2015
2015023676;1;2;1;1;6;330;10/08/2015
2015023677;1;2;3;1;2;330;04/08/2015
2015023678;1;2;1;1;3;330;08/08/2015
2015023679;1;2;3;1;6;330;11/08/2015
2015023680;1;2;3;1;3;330;09/08/2015
2015023681;5;1;1;2;3;330;09/08/2015
2015023682;1;2;5;1;3;330;12/08/2015
2015023683;1;2;2;1;3;330;13/08/2015
2015023684;1;2;1;2;1;330;14/08/2015
2015023685;1;2;2;3;3;330;14/08/2015
2015023686;1;2;2;1;6;330;17/08/2015
2015023687;1;2;3;1;3;330;17/08/2015
2015023688;1;2;1;1;3;330;12/08/2015
2015023689;1;2;1;1;6;330;18/08/2015
2015023690;1;2;3;1;2;330;18/08/2015
2015023691;5;2;3;1;6;330;20/07/2015
2015023692;5;2;3;1;3;330;19/08/2015
2015023693;1;2;1;1;4;330;12/08/2015
2015023694;5;2;1;1;1;330;20/08/2015
2015023695;5;2;3;1;6;330;21/08/2015
2015023696;5;2;3;1;3;330;21/08/2015
2015023697;1;2;3;1;3;330;13/08/2015
2015023698;1;2;2;1;3;330;20/08/2015
2015023699;2;2;1;1;6;330;18/08/2015
2015023700;5;2;4;3;6;330;23/08/2015
2015023701;5;2;1;2;6;330;23/08/2015
2015023702;1;2;3;1;6;330;24/08/2015
2015023703;5;2;2;1;3;330;24/08/2015
2015023704;1;2;3;1;3;330;24/08/2015
2015023705;1;2;1;1;3;330;25/08/2015
2015023706;1;1;1;1;3;330;21/08/2015
2015023707;5;2;6;1;6;330;21/08/2015
2015023708;1;2;3;1;1;330;25/08/2015
2015023709;1;2;1;1;3;330;25/08/2015
2015023710;1;2;1;1;6;330;31/08/2015
2015023711;1;2;1;1;3;330;30/08/2015
2015023712;1;2;2;1;6;330;31/08/2015
2015023713;1;2;2;1;2;330;01/09/2015
2015023714;1;2;1;1;6;330;27/08/2015
2015023715;1;2;1;1;2;330;27/08/2015
2015023716;1;2;1;1;3;330;31/08/2015
2015023717;1;2;3;1;3;330;28/08/2015
2015023718;1;2;1;2;2;330;25/08/2015
2015023719;1;2;1;1;1;330;26/08/2015
2015023720;1;2;1;1;4;330;28/08/2015
2015023721;1;2;6;1;6;330;03/09/2015
2015023722;1;2;1;1;3;330;06/09/2015
2015023723;1;2;1;1;6;330;03/09/2015
2015023724;1;2;2;1;3;330;01/09/2015
2015023725;1;2;3;7;3;330;29/08/2015
2015023726;1;2;2;1;3;330;02/09/2015
2015023727;1;2;4;1;6;330;04/09/2015
2015023728;1;2;1;1;6;330;04/09/2015
2015023729;1;2;1;1;6;330;28/08/2015
2015023730;1;2;1;1;2;330;06/09/2015
2015023731;1;2;1;1;2;330;28/08/2015
2015023732;1;2;2;1;1;330;07/09/2015
2015023733;1;2;3;1;1;330;28/08/2015
2015023734;1;2;1;1;2;330;06/09/2015
2015023735;1;2;2;1;6;330;02/09/2015
2015023736;1;2;1;1;2;330;02/09/2015
2015023737;1;2;2;1;1;330;03/09/2015
2015023738;1;2;3;1;3;330;08/09/2015
2015023739;2;2;6;5;2;330;05/01/2015
2015023740;1;2;2;1;3;330;08/09/2015
2015023741;1;2;6;1;6;330;07/09/2015
2015023742;1;2;1;1;1;330;08/09/2015
2015023743;1;2;2;1;1;330;08/09/2015
2015023744;1;2;1;1;3;330;04/09/2015
2015023745;1;2;3;1;3;330;07/09/2015
2015023746;1;2;6;1;3;330;03/09/2015
2015023747;1;2;3;1;3;330;04/09/2015
2015023748;1;2;1;1;6;330;08/09/2015
2015023749;1;2;3;1;3;330;09/09/2015
2015023750;1;2;1;1;4;330;11/09/2015
2015023751;1;2;1;1;2;330;11/09/2015
2015023752;1;2;1;1;2;330;16/09/2015
2015023753;1;2;1;1;6;330;15/09/2015
2015023754;5;2;1;2;7;330;14/09/2015
2015023755;1;2;1;1;2;330;14/09/2015
2015023756;1;2;2;1;1;330;15/09/2015
2015023757;2;2;2;1;6;330;15/09/2015
2015023758;1;2;1;1;6;330;07/09/2015
2015023759;1;2;1;1;2;330;09/09/2015
2015023760;1;2;1;1;3;330;09/09/2015
2015023761;5;2;6;1;6;330;13/09/2015
2015023762;1;2;1;1;6;330;20/09/2015
2015023763;1;2;1;1;2;330;20/09/2015
2015023764;1;2;1;1;2;330;13/09/2015
2015023765;1;2;3;1;6;330;14/09/2015
2015023766;1;2;2;1;1;330;08/09/2015
2015023767;1;2;2;1;3;330;09/09/2015
2015023768;1;2;2;1;3;330;09/09/2015
2015023769;1;2;2;1;1;330;09/09/2015
2015023770;1;2;6;1;6;330;10/09/2015
2015023771;1;2;6;1;2;330;17/09/2015
2015023772;1;2;3;2;2;330;22/09/2015
2015023773;1;2;1;2;6;330;22/09/2015
2015023774;1;2;1;1;2;330;21/09/2015
2015023775;1;2;3;1;3;330;22/09/2015
2015023776;1;2;1;2;2;330;22/09/2015
2015023777;1;2;3;3;3;330;22/09/2015
2015023778;1;2;1;1;3;330;23/09/2015
2015023779;1;2;1;1;5;330;24/09/2015
2015023780;5;2;2;1;1;330;17/09/2015
2015023781;1;2;1;1;5;330;18/09/2015
2015023782;1;1;3;1;3;330;23/09/2015
2015023783;1;2;3;1;2;330;23/09/2015
2015023784;1;2;4;1;3;330;11/09/2015
2015023785;1;2;3;1;3;330;15/09/2015
2015023786;1;2;1;1;4;330;14/09/2015
2015023787;1;2;6;1;3;330;15/09/2015
2015023788;1;2;3;1;3;330;16/09/2015
2015023789;1;2;1;6;3;330;16/09/2015
2015023790;2;2;3;1;2;330;15/09/2015
2015023791;1;2;3;1;4;330;25/09/2015
2015023792;2;2;2;1;3;330;25/09/2015
2015023793;5;2;1;1;3;330;16/09/2015
2015023794;1;2;4;1;2;330;16/09/2015
2015023795;5;2;1;1;7;330;25/09/2015
2015023796;1;2;3;1;5;330;17/09/2015
2015023797;1;2;2;1;3;330;18/09/2015
2015023798;1;2;5;1;1;330;20/09/2015
2015023799;1;2;4;1;2;330;21/09/2015
2015023800;5;2;1;1;3;330;17/09/2015
2015023801;5;2;3;1;3;330;24/09/2015
2015023802;1;2;3;1;1;330;21/09/2015
2015023803;1;2;1;1;2;330;22/09/2015
2015023804;1;2;3;1;3;330;22/09/2015
2015023805;1;2;2;1;6;330;23/09/2015
2015023806;1;2;1;1;3;330;24/09/2015
2015023807;1;2;3;1;1;330;25/09/2015
2015023808;1;2;3;1;3;330;23/09/2015
2015023809;5;2;2;1;2;330;25/09/2015
2015023810;1;2;2;1;3;330;23/09/2015
2015023811;5;2;3;1;3;330;25/09/2015
2015023812;1;2;6;1;3;330;28/09/2015
2015023813;1;2;1;1;2;330;29/09/2015
2015023814;1;2;1;1;6;330;29/09/2015
2015023815;5;2;3;1;6;330;02/10/2015
2015023816;5;2;2;1;1;330;30/09/2015
2015023817;5;2;1;1;3;330;24/09/2015
2015023818;1;2;3;1;3;330;03/10/2015
2015023819;1;2;3;1;3;330;24/09/2015
2015023820;1;2;6;1;2;330;25/09/2015
2015023821;1;2;1;1;4;330;26/09/2015
2015023822;1;2;1;1;6;330;31/08/2015
2015023823;1;2;3;1;3;330;29/09/2015
2015023824;1;2;2;1;1;330;27/09/2015
2015023825;1;2;1;1;6;330;28/09/2015
2015023826;2;2;2;1;3;330;29/09/2015
2015023827;1;2;1;1;6;330;30/09/2015
2015023828;5;2;2;1;3;330;01/10/2015
2015023829;1;2;2;1;3;330;28/09/2015
2015023830;1;2;3;1;3;330;28/09/2015
2015023831;1;2;2;1;3;330;01/10/2015
2015023832;1;2;1;1;3;330;30/09/2015
2015023833;1;2;1;1;3;330;02/10/2015
2015023834;1;2;1;1;6;330;02/10/2015
2015023835;5;2;1;1;3;330;06/10/2015
2015023836;5;2;1;2;4;330;06/10/2015
2015023837;1;2;3;1;4;330;02/10/2015
2015023838;1;2;1;1;4;330;07/10/2015
2015023839;1;2;2;1;3;330;04/10/2015
2015023840;1;2;2;2;1;330;04/10/2015
2015023841;1;2;1;2;1;330;02/10/2015
2015023842;1;2;1;1;6;330;08/10/2015
2015023843;1;2;3;1;3;330;02/10/2015
2015023844;2;2;1;1;1;330;05/10/2015
2015023845;1;2;2;1;3;330;08/10/2015
2015023846;1;2;3;1;3;330;08/10/2015
2015023847;1;2;3;1;3;330;07/10/2015
2015023848;1;2;1;1;2;330;09/10/2015
2015023849;5;2;2;1;6;330;09/10/2015
2015023850;1;2;3;1;6;330;09/10/2015
2015023851;1;2;2;1;3;330;10/10/2015
2015023852;5;2;3;1;6;330;09/10/2015
2015023853;1;2;1;1;2;330;07/10/2015
2015023854;1;2;2;1;3;330;10/10/2015
2015023855;1;2;1;1;6;330;10/10/2015
2015023856;1;2;4;1;6;330;11/10/2015
2015023857;1;2;1;1;6;330;10/10/2015
2015023858;1;2;2;1;3;330;10/10/2015
2015023859;5;2;3;1;6;330;11/10/2015
2015023860;1;2;6;2;3;330;07/10/2015