num_acc;lum;agg;inter;atm;col;dep;date
2015027340;1;1;1;1;7;470;05/12/2015
2015027341;5;2;1;8;6;480;01/02/2015
2015027342;5;2;1;1;6;480;10/04/2015
2015027343;1;2;1;1;2;480;11/12/2015
2015027344;1;1;1;1;6;480;20/05/2015
2015027345;1;2;1;1;6;480;31/08/2015
2015027346;1;2;9;1;6;480;24/09/2015
2015027347;5;2;1;1;6;490;05/01/2015
2015027348;3;1;1;1;7;490;18/02/2015
2015027349;1;2;1;1;6;490;31/12/2015
2015027350;5;2;3;1;3;490;05/01/2015
2015027351;1;2;1;1;5;490;16/02/2015
2015027352;1;1;1;1;6;490;31/12/2015
2015027353;1;1;3;1;4;490;06/01/2015
2015027354;1;2;1;2;3;490;20/02/2015
2015027355;5;2;1;1;3;490;07/01/2015
2015027356;1;2;1;1;2;490;21/02/2015
2015027357;4;2;6;2;6;490;06/01/2015
2015027358;1;2;2;3;6;490;20/02/2015
2015027359;1;1;1;1;2;490;07/01/2015
2015027360;5;1;1;1;7;490;21/02/2015
2015027361;1;2;9;1;3;490;08/01/2015
2015027362;1;1;1;1;6;490;20/02/2015
2015027363;1;2;1;1;4;490;08/01/2015
2015027364;1;2;1;1;6;490;25/02/2015
2015027365;1;2;3;1;3;490;08/01/2015
2015027366;1;1;6;1;6;490;01/03/2015
2015027367;2;2;1;1;2;490;09/01/2015
2015027368;1;2;1;1;6;490;01/03/2015
2015027369;5;2;2;1;3;490;09/01/2015
2015027370;1;2;6;1;3;490;02/03/2015
2015027371;1;2;1;1;7;490;09/01/2015
2015027372;1;2;1;1;4;490;02/03/2015
2015027373;1;2;3;1;3;490;11/01/2015
2015027374;1;1;1;1;6;490;02/03/2015
2015027375;1;2;1;1;7;490;01/01/2015
2015027376;1;2;2;1;3;490;03/03/2015
2015027377;5;2;6;1;3;490;11/01/2015
2015027378;1;2;1;1;6;490;04/03/2015
2015027379;1;2;1;1;6;490;13/01/2015
2015027380;1;1;1;1;4;490;05/03/2015
2015027381;1;1;1;1;2;490;12/01/2015
2015027382;1;2;1;1;6;490;07/03/2015
2015027383;1;2;2;1;3;490;12/01/2015
2015027384;1;2;3;1;6;490;10/03/2015
2015027385;1;2;2;1;3;490;12/01/2015
2015027386;1;2;2;1;6;490;12/03/2015
2015027387;5;1;1;1;4;490;13/01/2015
2015027388;5;2;1;1;6;490;13/03/2015
2015027389;5;1;1;1;6;490;15/01/2015
2015027390;1;2;6;1;6;490;14/03/2015
2015027391;2;1;1;2;6;490;15/01/2015
2015027392;1;2;6;1;3;490;14/03/2015
2015027393;1;2;1;2;6;490;15/01/2015
2015027394;1;1;1;1;4;490;17/03/2015
2015027395;5;2;2;1;6;490;16/01/2015
2015027396;1;2;1;1;2;490;19/03/2015
2015027397;5;2;1;1;5;490;17/01/2015
2015027398;1;2;2;1;3;490;20/03/2015
2015027399;5;2;1;1;6;490;16/01/2015
2015027400;1;1;1;1;6;490;22/03/2015
2015027401;1;2;1;1;3;490;17/01/2015
2015027402;1;1;1;1;7;490;23/03/2015
2015027403;1;1;3;1;2;490;16/01/2015
2015027404;1;2;2;2;3;490;24/03/2015
2015027405;5;2;1;1;4;490;20/01/2015
2015027406;5;2;2;1;3;490;28/03/2015
2015027407;5;2;1;1;6;490;22/01/2015
2015027408;1;1;1;2;3;490;27/03/2015
2015027409;1;2;1;1;6;490;22/01/2015
2015027410;1;2;2;1;3;490;30/03/2015
2015027411;2;2;1;1;6;490;21/01/2015
2015027412;1;1;1;1;2;490;30/03/2015
2015027413;1;2;1;1;6;490;08/01/2015
2015027414;4;2;4;1;6;490;30/03/2015
2015027415;5;2;1;1;6;490;23/01/2015
2015027416;2;2;1;1;6;490;01/04/2015
2015027417;1;2;6;1;3;490;23/01/2015
2015027418;1;2;3;1;1;490;01/04/2015
2015027419;1;2;1;1;2;490;23/01/2015
2015027420;1;2;1;1;6;490;01/04/2015
2015027421;2;2;1;1;3;490;23/01/2015
2015027422;1;1;1;1;6;490;03/04/2015
2015027423;2;2;1;1;6;490;26/01/2015
2015027424;1;1;1;1;6;490;06/04/2015
2015027425;5;2;2;1;3;490;26/01/2015
2015027426;1;2;1;1;7;490;07/04/2015
2015027427;1;2;3;1;3;490;28/01/2015
2015027428;1;2;2;1;3;490;08/04/2015
2015027429;1;1;1;1;6;490;27/01/2015
2015027430;1;2;1;1;4;490;09/04/2015
2015027431;1;2;1;1;6;490;28/01/2015
2015027432;1;2;1;1;3;490;12/04/2015
2015027433;2;2;6;2;2;490;29/01/2015
2015027434;1;2;4;1;6;490;10/04/2015
2015027435;1;1;1;1;2;490;30/01/2015
2015027436;1;2;2;1;6;490;13/04/2015
2015027437;1;2;6;1;3;490;30/01/2015
2015027438;1;2;1;1;6;490;13/04/2015
2015027439;1;2;6;1;7;490;02/02/2015
2015027440;1;2;3;1;3;490;14/04/2015
2015027441;1;2;2;1;7;490;03/02/2015
2015027442;1;2;1;1;6;490;14/04/2015
2015027443;1;2;2;1;2;490;05/02/2015
2015027444;1;1;1;1;7;490;16/04/2015
2015027445;1;2;1;1;6;490;05/02/2015
2015027446;3;2;6;1;7;490;20/04/2015
2015027447;1;2;2;1;6;490;05/02/2015
2015027448;3;2;1;1;6;490;18/04/2015
2015027449;5;2;6;1;7;490;07/02/2015
2015027450;5;2;2;1;3;490;21/04/2015
2015027451;5;2;2;1;3;490;07/02/2015
2015027452;1;2;9;1;4;490;21/04/2015
2015027453;1;2;3;1;3;490;09/02/2015
2015027454;1;2;2;1;3;490;22/04/2015
2015027455;1;1;1;1;3;490;09/02/2015
2015027456;1;2;2;1;6;490;22/04/2015
2015027457;1;2;1;1;2;490;10/02/2015
2015027458;1;2;3;1;2;490;24/04/2015
2015027459;1;2;2;1;7;490;11/02/2015
2015027460;1;2;1;1;7;490;25/04/2015
2015027461;5;2;1;1;7;490;11/02/2015
2015027462;1;2;1;1;4;490;28/04/2015
2015027463;5;2;1;1;7;490;12/02/2015
2015027464;1;2;6;2;3;490;02/05/2015
2015027465;1;2;2;1;3;490;14/02/2015
2015027466;1;2;1;2;6;490;02/05/2015
2015027467;5;2;2;1;3;490;14/02/2015
2015027468;1;2;1;2;2;490;30/04/2015
2015027469;1;2;1;1;7;490;13/02/2015
2015027470;5;1;1;2;6;490;03/05/2015
2015027471;4;2;1;1;3;490;14/02/2015
2015027472;1;2;1;1;6;490;05/05/2015
2015027473;1;2;3;1;3;490;15/02/2015
2015027474;1;2;1;1;7;490;05/05/2015
2015027475;5;2;2;1;3;490;14/02/2015
2015027476;1;2;1;1;6;490;10/05/2015
2015027477;1;2;1;1;6;490;07/05/2015
2015027478;5;2;1;1;6;490;09/05/2015
2015027479;5;2;6;1;7;490;13/05/2015
2015027480;1;2;1;1;3;490;13/05/2015
2015027481;1;2;1;1;3;490;15/05/2015
2015027482;2;2;1;1;7;490;15/05/2015
2015027483;1;2;3;1;2;490;15/05/2015
2015027484;1;2;1;1;3;490;16/05/2015
2015027485;1;1;1;1;4;490;19/05/2015
2015027486;1;2;1;1;6;490;19/05/2015
2015027487;1;2;1;1;6;490;19/05/2015
2015027488;1;2;1;1;2;490;21/05/2015
2015027489;1;2;1;1;2;490;21/05/2015
2015027490;1;2;1;1;2;490;22/05/2015
2015027491;1;2;1;1;2;490;22/05/2015
2015027492;5;2;1;1;6;490;24/05/2015
2015027493;1;2;2;1;3;490;27/05/2015
2015027494;1;2;1;1;2;490;27/05/2015
2015027495;1;2;2;1;6;490;27/05/2015
2015027496;1;2;2;1;3;490;27/05/2015
2015027497;1;2;6;1;7;490;27/05/2015
2015027498;1;2;2;1;3;490;31/05/2015
2015027499;1;2;3;1;3;490;29/05/2015
2015027500;1;2;1;1;1;490;29/05/2015
2015027501;1;1;1;1;4;490;02/06/2015
2015027502;1;1;1;1;2;490;02/06/2015
2015027503;1;2;1;1;6;490;02/06/2015
2015027504;1;2;3;1;3;490;03/06/2015
2015027505;1;2;3;1;3;490;04/06/2015
2015027506;1;2;3;1;2;490;06/06/2015
2015027507;1;2;1;1;2;490;06/06/2015
2015027508;1;2;3;1;3;490;08/06/2015
2015027509;1;2;2;1;3;490;05/06/2015
2015027510;1;1;1;1;6;490;08/06/2015
2015027511;1;2;2;1;6;490;06/06/2015
2015027512;1;2;1;1;3;490;05/06/2015
2015027513;1;2;1;1;7;490;05/06/2015
2015027514;1;2;3;1;3;490;09/06/2015
2015027515;1;2;1;1;3;490;09/06/2015
2015027516;1;2;1;1;6;490;05/06/2015
2015027517;1;2;6;1;6;490;09/06/2015
2015027518;1;2;1;1;6;490;05/06/2015
2015027519;1;2;1;1;6;490;11/06/2015
2015027520;1;2;6;2;1;490;12/06/2015
2015027521;1;2;1;2;6;490;12/06/2015
2015027522;1;2;2;1;7;490;15/06/2015
2015027523;1;2;3;1;3;490;15/06/2015
2015027524;1;1;1;1;7;490;16/06/2015
2015027525;1;2;3;1;3;490;17/06/2015
2015027526;1;2;1;1;3;490;17/06/2015
2015027527;1;2;1;1;7;490;18/06/2015
2015027528;1;2;3;1;1;490;19/06/2015
2015027529;1;2;2;1;3;490;19/06/2015
2015027530;1;2;1;1;6;490;22/06/2015
2015027531;1;2;3;1;1;490;19/06/2015
2015027532;1;2;6;1;7;490;21/06/2015
2015027533;1;1;3;1;5;490;22/06/2015
2015027534;1;2;6;1;6;490;26/06/2015
2015027535;1;2;2;1;3;490;27/06/2015
2015027536;1;2;1;1;7;490;28/06/2015
2015027537;1;2;1;1;2;490;29/06/2015
2015027538;1;2;6;1;3;490;22/06/2015
2015027539;1;1;1;1;2;490;23/06/2015
2015027540;1;2;1;1;6;490;24/06/2015
2015027541;1;2;3;1;2;490;24/06/2015
2015027542;1;2;2;1;3;490;01/07/2015
2015027543;1;2;1;1;2;490;06/07/2015
2015027544;5;1;1;1;6;490;05/07/2015
2015027545;1;2;1;1;2;490;03/07/2015
2015027546;1;2;4;1;3;490;07/07/2015
2015027547;1;2;1;1;3;490;09/07/2015
2015027548;3;2;4;1;7;490;13/07/2015
2015027549;5;2;3;1;3;490;14/07/2015
2015027550;1;2;1;1;2;490;18/07/2015
2015027551;1;1;1;1;2;490;20/07/2015
2015027552;1;2;6;1;3;490;20/07/2015
2015027553;1;2;1;1;2;490;20/07/2015
2015027554;1;2;3;1;6;490;20/07/2015
2015027555;1;1;2;1;7;490;21/07/2015
2015027556;1;2;2;1;6;490;23/07/2015
2015027557;1;2;2;2;3;490;26/07/2015
2015027558;1;2;2;1;3;490;25/07/2015
2015027559;1;2;6;2;6;490;26/07/2015
2015027560;1;2;1;2;6;490;26/07/2015
2015027561;1;2;6;2;7;490;27/07/2015
2015027562;1;2;1;2;2;490;28/07/2015
2015027563;1;2;1;1;6;490;30/07/2015
2015027564;1;2;1;1;6;490;31/07/2015
2015027565;1;1;1;1;6;490;03/08/2015
2015027566;1;1;1;1;7;490;31/07/2015
2015027567;1;2;2;1;3;490;03/08/2015
2015027568;1;2;1;1;7;490;11/08/2015
2015027569;5;2;2;1;3;490;11/08/2015
2015027570;1;2;1;1;7;490;11/08/2015
2015027571;5;2;1;1;7;490;12/08/2015
2015027572;1;2;2;1;3;490;13/08/2015
2015027573;1;2;4;1;2;490;15/08/2015
2015027574;1;2;3;1;3;490;18/08/2015
2015027575;1;2;1;1;2;490;20/08/2015
2015027576;1;2;1;1;7;490;22/08/2015
2015027577;1;2;2;1;3;490;23/08/2015
2015027578;1;2;2;1;3;490;21/08/2015
2015027579;1;2;1;1;5;490;24/08/2015
2015027580;1;2;2;1;3;490;24/08/2015
2015027581;1;2;6;1;6;490;27/08/2015
2015027582;1;2;3;1;7;490;28/08/2015
2015027583;1;2;2;1;6;490;31/08/2015
2015027584;1;2;1;1;6;490;01/09/2015
2015027585;1;1;1;1;5;490;31/08/2015
2015027586;1;2;1;1;6;490;29/08/2015
2015027587;1;1;1;1;3;490;02/09/2015
2015027588;1;1;1;1;1;490;02/09/2015
2015027589;1;2;2;1;1;490;03/09/2015
2015027590;1;1;1;1;1;490;05/09/2015
2015027591;1;2;6;1;3;490;04/09/2015
2015027592;1;2;3;1;7;490;06/09/2015
2015027593;1;2;1;1;6;490;07/09/2015
2015027594;1;2;1;1;6;490;08/09/2015
2015027595;5;2;1;1;5;490;13/09/2015
2015027596;1;2;1;1;5;490;14/09/2015
2015027597;1;2;2;1;1;490;15/09/2015
2015027598;1;2;2;1;6;490;15/09/2015
2015027599;1;2;1;1;1;490;15/09/2015
2015027600;2;2;1;2;6;490;16/09/2015
2015027601;1;2;1;3;1;490;16/09/2015
2015027602;2;1;1;3;4;490;17/09/2015
2015027603;1;2;1;1;6;490;17/09/2015
2015027604;3;2;2;1;6;490;17/09/2015
2015027605;1;2;2;2;6;490;18/09/2015
2015027606;1;2;1;1;6;490;21/09/2015
2015027607;1;1;3;1;7;490;22/09/2015
2015027608;5;2;1;1;7;490;24/09/2015
2015027609;2;2;1;1;1;490;24/09/2015
2015027610;1;2;2;1;3;490;25/09/2015
2015027611;1;2;1;1;2;490;25/09/2015
2015027612;1;2;1;1;4;490;28/09/2015
2015027613;1;2;1;1;2;490;28/09/2015
2015027614;5;2;2;1;3;490;29/09/2015
2015027615;1;2;6;1;6;490;28/09/2015
2015027616;1;2;1;1;1;490;29/09/2015
2015027617;1;2;2;1;6;490;28/09/2015
2015027618;5;1;9;1;6;490;02/10/2015
2015027619;1;2;3;1;3;490;02/10/2015
2015027620;1;2;1;1;3;490;02/10/2015
2015027621;1;2;1;1;6;490;05/10/2015
2015027622;5;2;1;2;6;490;06/10/2015
2015027623;1;2;2;1;3;490;09/10/2015
2015027624;1;2;1;1;4;490;12/10/2015
2015027625;1;2;1;1;3;490;12/10/2015
2015027626;1;2;1;1;6;490;14/10/2015
2015027627;1;2;1;1;6;490;14/10/2015
2015027628;1;2;9;1;6;490;14/10/2015
2015027629;1;2;3;1;3;490;15/10/2015
2015027630;1;2;2;1;3;490;17/10/2015
2015027631;1;2;3;1;3;490;17/10/2015
2015027632;1;2;1;1;6;490;17/10/2015
2015027633;4;2;3;1;3;490;20/10/2015
2015027634;1;2;5;1;6;490;21/10/2015
2015027635;5;2;3;1;3;490;22/10/2015
2015027636;5;1;2;1;3;490;23/10/2015
2015027637;5;2;3;1;5;490;22/10/2015
2015027638;1;2;2;1;3;490;23/10/2015
2015027639;5;2;1;1;2;490;24/10/2015
2015027640;1;2;1;1;6;490;27/10/2015
2015027641;1;2;9;1;6;490;27/10/2015
2015027642;1;1;1;1;6;490;25/10/2015
2015027643;5;2;2;1;3;490;28/10/2015
2015027644;2;1;1;2;4;490;03/11/2015
2015027645;1;1;1;1;2;490;03/11/2015
2015027646;1;2;2;1;3;490;03/11/2015
2015027647;1;2;1;1;6;490;03/11/2015
2015027648;2;1;1;1;7;490;04/11/2015
2015027649;1;2;9;1;6;490;04/11/2015
2015027650;1;2;1;1;6;490;04/11/2015
2015027651;5;2;2;1;6;490;05/11/2015
2015027652;1;2;1;2;3;490;06/11/2015
2015027653;1;2;1;1;7;490;06/11/2015
2015027654;5;2;3;1;3;490;06/11/2015
2015027655;1;2;6;1;7;490;06/11/2015
2015027656;1;2;1;1;3;490;07/11/2015
2015027657;1;2;2;1;2;490;09/11/2015
2015027658;1;1;1;1;3;490;12/11/2015
2015027659;1;2;2;1;3;490;16/11/2015
2015027660;1;2;2;1;3;490;14/11/2015
2015027661;1;2;2;1;3;490;14/11/2015
2015027662;1;1;2;1;2;490;13/11/2015
2015027663;1;2;2;2;1;490;17/11/2015
2015027664;2;1;1;1;7;490;13/11/2015
2015027665;3;1;1;1;7;490;15/11/2015
2015027666;2;2;1;1;6;490;13/11/2015
2015027667;5;2;4;2;6;490;17/11/2015
2015027668;1;2;4;2;7;490;18/11/2015
2015027669;1;1;1;2;7;490;18/11/2015
2015027670;1;2;3;2;3;490;18/11/2015
2015027671;1;2;1;1;6;490;19/11/2015
2015027672;1;2;6;3;3;490;20/11/2015
2015027673;5;2;1;2;2;490;20/11/2015
2015027674;1;2;1;1;6;490;22/11/2015
2015027675;5;2;1;1;6;490;21/11/2015
2015027676;5;2;1;1;2;490;23/11/2015
2015027677;1;2;2;2;6;490;24/11/2015
2015027678;1;2;2;1;3;490;25/11/2015
2015027679;1;2;1;1;7;490;25/11/2015
2015027680;3;1;1;1;7;490;25/11/2015
2015027681;2;2;1;1;3;490;26/11/2015
2015027682;1;2;3;1;3;490;26/11/2015
2015027683;1;2;1;1;7;490;25/11/2015
2015027684;4;2;1;1;2;490;28/11/2015
2015027685;1;1;1;1;6;490;28/11/2015
2015027686;2;1;1;2;2;490;27/11/2015
2015027687;1;2;1;1;2;490;30/11/2015
2015027688;1;2;3;8;6;490;29/11/2015
2015027689;2;1;1;1;7;490;30/11/2015
2015027690;5;1;6;1;7;490;27/11/2015
2015027691;1;2;2;1;3;490;02/12/2015
2015027692;1;2;2;1;6;490;04/12/2015
2015027693;1;2;1;1;3;490;03/12/2015
2015027694;1;2;3;1;3;490;04/12/2015
2015027695;1;2;1;1;1;490;06/12/2015
2015027696;1;2;1;1;7;490;06/12/2015
2015027697;1;2;1;1;6;490;05/12/2015
2015027698;1;2;1;1;3;490;04/12/2015
2015027699;1;2;3;1;6;490;05/12/2015
2015027700;1;2;1;1;7;490;07/12/2015
2015027701;1;2;2;1;3;490;08/12/2015
2015027702;1;2;1;1;6;490;11/12/2015
2015027703;1;2;6;1;3;490;12/12/2015
2015027704;5;2;9;1;3;490;14/12/2015
2015027705;3;2;1;1;7;490;15/12/2015
2015027706;1;2;3;1;6;490;16/12/2015
2015027707;5;2;1;1;6;490;16/12/2015
2015027708;1;2;2;2;3;490;16/12/2015
2015027709;1;2;3;1;3;490;17/12/2015
2015027710;2;2;1;1;2;490;18/12/2015
2015027711;5;2;2;1;3;490;21/12/2015
2015027712;1;2;1;1;4;490;22/12/2015
2015027713;1;2;1;1;3;490;23/12/2015
2015027714;5;2;2;1;3;490;27/12/2015
2015027715;4;2;1;1;7;490;27/12/2015
2015027716;5;2;1;1;6;490;26/12/2015
2015027717;5;2;1;1;1;490;25/12/2015
2015027718;5;2;1;1;1;490;24/12/2015
2015027719;2;2;6;1;7;490;29/12/2015
2015027720;5;2;3;1;3;490;16/01/2015
2015027721;1;2;1;1;6;490;03/10/2015
2015027722;1;2;1;8;6;490;23/02/2015
2015027723;1;2;1;1;6;490;19/01/2015
2015027724;1;2;2;1;3;490;07/11/2015
2015027725;1;1;2;1;3;490;22/05/2015
2015027726;5;2;2;1;3;490;19/01/2015
2015027727;1;2;2;1;6;490;07/11/2015
2015027728;5;2;6;2;6;490;26/02/2015
2015027729;2;2;1;1;6;490;21/01/2015
2015027730;1;1;1;1;1;490;22/11/2015
2015027731;3;2;6;1;3;490;04/03/2015
2015027732;5;2;1;1;2;490;22/12/2015
2015027733;1;2;1;8;6;490;23/01/2015
2015027734;1;2;1;1;3;490;11/03/2015
2015027735;5;2;1;1;6;490;31/01/2015
2015027736;1;2;1;1;6;490;19/03/2015
2015027737;5;2;1;1;6;490;03/12/2015
2015027738;1;2;6;2;6;490;20/03/2015
2015027739;2;2;2;1;6;490;09/12/2015
2015027740;1;2;2;8;6;490;11/12/2015
2015027741;5;1;1;1;3;490;30/03/2015
2015027742;5;2;3;1;3;490;14/12/2015
2015027743;1;2;1;1;6;490;17/04/2015
2015027744;5;2;1;1;6;490;30/12/2015
2015027745;1;2;2;1;3;490;27/04/2015
2015027746;1;2;3;2;3;490;30/04/2015
2015027747;1;2;1;1;2;490;10/04/2015
2015027748;3;1;1;1;6;490;25/06/2015
2015027749;1;2;2;1;3;490;14/04/2015
2015027750;1;1;1;1;6;490;07/07/2015
2015027751;1;2;3;2;6;490;03/04/2015
2015027752;1;1;1;7;1;490;20/04/2015
2015027753;1;2;1;1;6;490;05/04/2015
2015027754;1;2;1;1;6;490;11/04/2015
2015027755;5;2;6;1;1;490;19/04/2015
2015027756;1;2;3;8;3;490;24/04/2015
2015027757;1;2;3;2;6;490;30/04/2015
2015027758;5;2;2;2;5;490;30/04/2015
2015027759;1;2;1;1;6;490;13/05/2015
2015027760;1;2;2;1;6;490;22/05/2015
2015027761;1;1;1;1;1;490;22/05/2015
2015027762;1;2;6;1;2;490;13/05/2015
2015027763;5;2;3;1;3;490;12/06/2015
2015027764;1;2;1;7;3;490;17/06/2015
2015027765;1;2;3;1;6;490;22/06/2015
2015027766;1;2;2;1;3;490;23/06/2015
2015027767;1;2;6;1;3;490;24/06/2015
2015027768;1;2;1;1;2;490;24/06/2015
2015027769;1;2;1;1;1;490;06/07/2015
2015027770;1;2;1;1;2;490;10/07/2015
2015027771;1;2;1;1;4;490;05/09/2015
2015027772;1;2;1;1;6;490;12/09/2015
2015027773;1;2;1;1;6;490;15/09/2015
2015027774;5;2;6;2;6;490;15/09/2015
2015027775;1;1;1;1;6;490;30/09/2015
2015027776;3;1;1;1;2;490;21/10/2015
2015027777;5;2;1;1;7;490;23/10/2015
2015027778;2;2;1;8;2;490;27/10/2015
2015027779;1;2;3;1;1;490;28/10/2015
2015027780;1;2;1;1;3;490;28/10/2015
2015027781;5;2;1;1;2;490;04/11/2015
2015027782;5;1;1;2;6;490;05/11/2015
2015027783;2;2;1;1;6;490;07/11/2015
2015027784;5;2;3;1;3;490;20/02/2015
2015027785;1;2;6;1;3;490;12/03/2015
2015027786;1;1;1;1;5;490;17/03/2015
2015027787;1;1;1;1;3;490;17/04/2015
2015027788;1;2;3;3;3;490;02/05/2015
2015027789;1;1;1;1;2;490;11/05/2015
2015027790;1;2;1;1;6;490;13/05/2015
2015027791;1;2;6;1;6;490;21/05/2015
2015027792;1;2;1;1;2;490;24/05/2015
2015027793;1;2;1;1;6;490;09/06/2015
2015027794;1;2;2;1;5;490;20/06/2015
2015027795;1;1;1;1;1;490;02/07/2015
2015027796;3;2;1;1;1;490;05/07/2015
2015027797;1;2;1;1;6;490;10/07/2015
2015027798;1;2;1;1;6;490;11/07/2015
2015027799;1;2;9;1;6;490;27/07/2015
2015027800;1;2;6;1;6;490;29/07/2015
2015027801;5;2;1;1;7;490;16/08/2015
2015027802;1;1;1;1;5;490;20/08/2015
2015027803;1;2;1;1;3;490;22/08/2015
2015027804;1;2;1;1;1;490;25/08/2015
2015027805;1;2;1;2;6;490;27/08/2015
2015027806;1;2;1;1;3;490;11/09/2015
2015027807;1;2;1;1;6;490;26/09/2015
2015027808;1;2;1;1;6;490;04/11/2015
2015027809;1;2;1;1;6;490;10/11/2015
2015027810;2;2;1;1;6;490;16/11/2015
2015027811;5;2;6;2;6;490;20/11/2015
2015027812;1;2;1;2;6;490;24/11/2015
2015027813;1;1;3;1;1;490;07/12/2015
2015027814;1;2;1;1;6;490;09/12/2015
2015027815;2;2;1;1;6;490;07/01/2015
2015027816;4;2;1;1;3;490;13/01/2015
2015027817;1;2;2;2;2;490;15/01/2015
2015027818;1;1;1;1;5;490;27/01/2015
2015027819;1;1;1;2;1;490;29/01/2015
2015027820;3;1;3;1;5;490;26/01/2015
2015027821;1;2;1;2;7;500;16/02/2015
2015027822;1;2;6;1;6;500;19/02/2015
2015027823;1;2;3;1;2;500;21/02/2015
2015027824;1;2;2;1;1;500;26/02/2015
2015027825;4;2;3;1;3;500;26/02/2015
2015027826;5;2;2;3;3;500;28/02/2015
2015027827;1;2;2;1;1;500;01/03/2015
2015027828;1;2;3;1;2;500;02/03/2015
2015027829;1;2;3;1;7;500;04/03/2015
2015027830;1;2;2;1;3;500;07/03/2015
2015027831;1;2;2;1;7;500;08/03/2015
2015027832;1;2;3;1;7;500;09/03/2015
2015027833;1;2;2;1;3;500;10/03/2015
2015027834;5;2;1;1;2;500;13/03/2015
2015027835;5;2;3;1;7;500;13/03/2015
2015027836;1;2;2;1;7;500;11/03/2015
2015027837;1;2;1;1;7;500;18/03/2015
2015027838;1;2;3;1;4;500;23/03/2015
2015027839;1;2;6;1;3;500;25/03/2015
2015027840;1;2;1;1;2;500;26/03/2015
2015027841;1;2;1;2;7;500;28/03/2015
2015027842;1;2;1;1;7;500;29/03/2015
2015027843;1;2;1;1;1;500;31/03/2015
2015027844;1;2;1;1;1;500;30/03/2015
2015027845;1;2;1;1;7;500;03/01/2015
2015027846;1;2;1;1;1;500;30/03/2015
2015027847;5;2;1;2;7;500;30/03/2015
2015027848;1;2;1;1;2;500;01/04/2015
2015027849;5;2;1;1;7;500;05/04/2015
2015027850;1;2;1;1;2;500;04/04/2015
2015027851;1;2;2;1;3;500;08/04/2015
2015027852;1;2;3;1;2;500;15/04/2015
2015027853;1;2;2;1;4;500;07/04/2015
2015027854;1;2;1;1;6;500;20/04/2015
2015027855;1;2;1;1;6;500;21/04/2015
2015027856;1;2;1;1;6;500;21/04/2015
2015027857;1;2;1;1;7;500;28/04/2015
2015027858;1;2;1;1;7;500;28/04/2015
2015027859;1;2;1;2;7;500;29/04/2015
2015027860;1;2;2;2;7;500;02/05/2015
2015027861;1;2;1;2;2;500;02/05/2015
2015027862;1;2;3;7;7;500;06/05/2015
2015027863;1;2;3;1;5;500;06/05/2015
2015027864;1;2;3;1;7;500;08/05/2015
2015027865;1;2;1;6;6;500;06/05/2015
2015027866;1;2;1;1;4;500;12/05/2015
2015027867;1;2;3;1;7;500;15/05/2015
2015027868;1;2;3;1;2;500;15/05/2015
2015027869;1;2;3;1;3;500;19/05/2015
2015027870;1;2;6;1;2;500;19/05/2015
2015027871;1;2;3;1;2;500;20/05/2015
2015027872;1;2;1;1;4;500;19/05/2015
2015027873;1;2;2;1;3;500;20/05/2015
2015027874;1;2;3;1;2;500;22/05/2015
2015027875;1;2;1;1;7;500;22/05/2015
2015027876;1;2;1;1;7;500;24/05/2015
2015027877;1;2;1;1;1;500;25/05/2015
2015027878;1;1;1;1;7;500;27/05/2015
2015027879;1;2;6;1;3;500;27/05/2015
2015027880;5;2;1;1;6;500;31/05/2015
2015027881;1;2;1;1;6;500;30/05/2015
2015027882;1;2;1;1;2;500;01/06/2015
2015027883;1;2;1;1;7;500;02/06/2015
2015027884;1;2;2;1;7;500;05/06/2015
2015027885;1;2;2;1;3;500;05/06/2015
2015027886;1;2;6;1;3;500;09/06/2015
2015027887;1;2;3;8;2;500;12/06/2015
2015027888;1;2;1;1;7;500;12/06/2015
2015027889;1;2;2;1;3;500;15/06/2015
2015027890;4;1;1;1;7;500;21/06/2015
2015027891;1;2;2;3;6;500;22/06/2015
2015027892;1;2;1;1;3;500;15/06/2015
2015027893;1;2;1;1;2;500;26/06/2015
2015027894;1;2;2;2;7;500;02/07/2015
2015027895;2;2;1;1;7;500;03/07/2015
2015027896;2;2;2;3;1;500;05/07/2015
2015027897;1;1;1;1;7;500;05/07/2015
2015027898;1;2;1;1;7;500;07/07/2015
2015027899;1;2;6;1;3;500;07/07/2015
2015027900;1;2;1;1;7;500;10/07/2015
2015027901;1;1;1;1;1;500;11/07/2015
2015027902;1;1;2;2;3;500;12/07/2015
2015027903;1;2;1;1;7;500;06/01/2015
2015027904;1;2;1;2;7;500;13/07/2015
2015027905;1;2;1;1;7;500;16/07/2015
2015027906;1;1;1;2;7;500;17/07/2015
2015027907;1;2;1;2;2;500;19/07/2015
2015027908;1;2;2;2;7;500;20/07/2015
2015027909;1;2;1;1;7;500;21/07/2015
2015027910;1;1;1;2;7;500;19/07/2015
2015027911;1;2;2;1;1;500;23/07/2015
2015027912;1;1;1;1;1;500;25/07/2015
2015027913;1;1;1;1;7;500;31/07/2015
2015027914;5;2;1;1;7;500;06/08/2015
2015027915;1;2;1;1;7;500;07/08/2015
2015027916;1;2;3;2;2;500;11/08/2015
2015027917;1;2;3;1;1;500;13/08/2015
2015027918;1;2;3;2;2;500;13/08/2015
2015027919;1;2;2;1;3;500;18/08/2015