num_acc;lum;agg;inter;atm;col;dep;date
2015027920;1;2;1;2;6;500;22/08/2015
2015027921;1;2;6;2;2;500;22/08/2015
2015027922;5;2;1;6;7;500;24/08/2015
2015027923;5;1;1;3;2;500;23/08/2015
2015027924;2;2;1;2;1;500;24/08/2015
2015027925;1;2;1;2;2;500;24/08/2015
2015027926;1;2;3;3;3;500;26/08/2015
2015027927;1;2;1;1;2;500;29/08/2015
2015027928;1;2;1;2;7;500;31/08/2015
2015027929;1;2;2;1;7;500;31/08/2015
2015027930;1;2;1;1;3;500;06/09/2015
2015027931;1;2;1;1;2;500;07/09/2015
2015027932;1;2;2;1;7;500;09/09/2015
2015027933;1;2;3;1;6;500;09/09/2015
2015027934;1;2;2;1;7;500;10/09/2015
2015027935;1;2;2;1;2;500;11/09/2015
2015027936;1;2;1;2;7;500;09/01/2015
2015027937;1;2;2;1;7;500;13/09/2015
2015027938;1;2;6;3;3;500;14/09/2015
2015027939;1;2;3;3;2;500;14/09/2015
2015027940;2;2;2;1;7;500;18/09/2015
2015027941;1;2;2;6;7;500;18/09/2015
2015027942;5;2;1;1;7;500;20/09/2015
2015027943;1;2;4;1;6;500;23/09/2015
2015027944;1;1;4;1;7;500;26/09/2015
2015027945;1;2;1;1;7;500;27/09/2015
2015027946;1;2;3;1;2;500;29/09/2015
2015027947;2;2;3;1;3;500;30/09/2015
2015027948;1;2;2;1;3;500;02/10/2015
2015027949;5;2;2;1;3;500;09/10/2015
2015027950;1;2;1;1;1;500;11/10/2015
2015027951;1;2;2;1;3;500;13/10/2015
2015027952;1;2;3;1;7;500;13/10/2015
2015027953;1;2;3;1;7;500;15/10/2015
2015027954;5;1;1;1;7;500;14/10/2015
2015027955;1;2;2;1;3;500;19/10/2015
2015027956;3;1;1;2;7;500;21/10/2015
2015027957;1;2;1;1;7;500;22/10/2015
2015027958;1;2;2;1;7;500;23/10/2015
2015027959;1;2;6;1;1;500;25/10/2015
2015027960;1;2;1;1;7;500;26/10/2015
2015027961;5;2;3;1;1;500;28/10/2015
2015027962;1;2;2;1;7;500;11/01/2015
2015027963;5;2;1;1;7;500;29/10/2015
2015027964;5;2;7;1;7;500;12/01/2015
2015027965;2;1;6;1;2;500;31/10/2015
2015027966;1;2;3;1;2;500;04/11/2015
2015027967;2;2;3;3;7;500;06/11/2015
2015027968;1;2;2;3;3;500;06/11/2015
2015027969;1;2;1;1;3;500;09/11/2015
2015027970;1;2;1;1;7;500;10/11/2015
2015027971;5;2;3;1;6;500;15/11/2015
2015027972;1;2;2;1;3;500;15/11/2015
2015027973;5;2;1;2;7;500;19/11/2015
2015027974;5;2;1;3;7;500;20/11/2015
2015027975;1;2;3;1;7;500;20/11/2015
2015027976;1;2;4;2;7;500;20/11/2015
2015027977;1;2;3;1;7;500;20/11/2015
2015027978;4;2;1;1;6;500;29/11/2015
2015027979;1;2;2;1;7;500;30/11/2015
2015027980;1;2;3;1;7;500;16/11/2015
2015027981;1;2;1;2;7;500;30/11/2015
2015027982;1;2;4;1;7;500;03/12/2015
2015027983;3;2;1;1;7;500;07/12/2015
2015027984;5;2;2;1;3;500;06/12/2015
2015027985;1;2;4;1;3;500;05/12/2015
2015027986;1;2;1;1;7;500;07/12/2015
2015027987;5;2;1;1;6;500;08/12/2015
2015027988;5;2;1;6;7;500;29/11/2015
2015027989;5;2;3;1;1;500;09/12/2015
2015027990;3;2;1;1;7;500;12/12/2015
2015027991;1;2;2;1;3;500;14/12/2015
2015027992;1;2;1;1;2;500;14/12/2015
2015027993;1;2;2;1;7;500;14/12/2015
2015027994;1;2;2;1;3;500;16/12/2015
2015027995;5;2;2;1;3;500;17/12/2015
2015027996;5;2;1;1;7;500;20/12/2015
2015027997;1;2;2;1;7;500;18/12/2015
2015027998;2;2;2;2;1;500;22/12/2015
2015027999;2;2;2;2;7;500;22/12/2015
2015028000;5;2;2;1;4;500;25/12/2015
2015028001;5;2;1;1;7;500;23/12/2015
2015028002;3;1;6;2;7;500;25/12/2015
2015028003;5;2;2;1;3;500;26/12/2015
2015028004;5;2;3;1;7;500;27/12/2015
2015028005;1;2;2;1;2;500;27/12/2015
2015028006;5;2;2;1;7;500;17/01/2015
2015028007;1;2;1;1;7;500;19/01/2015
2015028008;5;2;3;1;1;500;20/01/2015
2015028009;2;2;4;1;2;500;20/01/2015
2015028010;1;2;1;1;1;500;23/01/2015
2015028011;1;2;1;1;7;500;26/01/2015
2015028012;1;2;3;2;7;500;28/01/2015
2015028013;3;2;6;2;7;500;29/01/2015
2015028014;2;2;1;1;2;500;05/02/2015
2015028015;1;2;3;1;3;500;05/02/2015
2015028016;1;2;1;1;7;500;11/02/2015
2015028017;5;2;3;1;3;500;11/02/2015
2015028018;1;1;3;1;2;500;04/03/2015
2015028019;1;2;1;1;2;500;18/03/2015
2015028020;1;2;1;1;7;500;19/05/2015
2015028021;1;2;6;1;3;500;29/05/2015
2015028022;1;1;1;2;3;500;02/07/2015
2015028023;1;2;1;8;7;500;08/07/2015
2015028024;1;1;1;1;6;500;25/07/2015
2015028025;1;2;9;7;6;500;23/09/2015
2015028026;1;2;7;1;7;500;29/09/2015
2015028027;1;2;9;1;6;500;09/10/2015
2015028028;1;2;3;1;3;500;13/10/2015
2015028029;1;2;1;2;6;500;16/10/2015
2015028030;2;2;6;8;3;500;20/11/2015
2015028031;5;2;3;1;1;500;07/12/2015
2015028032;1;2;1;1;6;500;21/02/2015
2015028033;1;2;6;1;3;500;13/01/2015
2015028034;5;2;1;1;6;500;16/01/2015
2015028035;5;2;2;1;6;500;22/02/2015
2015028036;1;2;1;1;6;500;26/01/2015
2015028037;1;2;3;1;6;500;02/03/2015
2015028038;2;2;4;3;6;500;29/01/2015
2015028039;1;2;1;2;7;500;13/03/2015
2015028040;1;2;1;1;6;500;13/04/2015
2015028041;1;2;1;1;6;500;10/02/2015
2015028042;1;2;1;1;6;500;21/04/2015
2015028043;1;2;1;1;3;500;16/05/2015
2015028044;1;2;1;2;4;500;18/05/2015
2015028045;1;2;1;1;3;500;30/05/2015
2015028046;1;2;1;1;2;500;06/06/2015
2015028047;1;2;3;1;7;500;14/06/2015
2015028048;1;2;1;1;6;500;25/06/2015
2015028049;1;2;1;1;7;500;05/07/2015
2015028050;1;2;8;1;7;500;09/07/2015
2015028051;1;2;1;1;2;500;11/07/2015
2015028052;1;2;3;1;6;500;20/07/2015
2015028053;1;2;2;2;3;500;24/07/2015
2015028054;1;1;1;1;7;500;31/07/2015
2015028055;1;1;3;1;2;500;05/08/2015
2015028056;1;2;1;1;3;500;10/08/2015
2015028057;1;1;1;1;2;500;12/08/2015
2015028058;1;2;6;3;3;500;24/08/2015
2015028059;1;2;1;1;3;500;30/08/2015
2015028060;1;2;6;1;3;500;01/09/2015
2015028061;1;2;1;2;2;500;14/09/2015
2015028062;1;2;1;1;6;500;15/09/2015
2015028063;1;2;9;1;3;500;18/09/2015
2015028064;1;2;1;1;6;500;20/09/2015
2015028065;1;2;1;1;3;500;23/09/2015
2015028066;1;2;1;1;6;500;24/09/2015
2015028067;1;2;3;1;2;500;30/10/2015
2015028068;1;2;1;1;2;500;31/10/2015
2015028069;1;2;2;1;3;500;05/11/2015
2015028070;1;1;1;1;7;500;14/11/2015
2015028071;5;2;1;2;6;500;17/11/2015
2015028072;1;2;1;1;2;500;30/11/2015
2015028073;3;1;2;1;5;500;09/12/2015
2015028074;1;1;2;3;2;500;15/12/2015
2015028075;5;1;1;1;3;500;22/12/2015
2015028076;1;2;3;1;3;500;17/12/2015
2015028077;1;1;1;1;7;500;27/12/2015
2015028078;3;1;1;1;7;500;07/02/2015
2015028079;1;2;1;3;2;500;26/02/2015
2015028080;1;2;1;1;6;500;07/01/2015
2015028081;1;2;1;1;2;500;27/02/2015
2015028082;1;2;2;8;4;500;04/02/2015
2015028083;1;2;1;1;3;500;01/04/2015
2015028084;1;2;2;1;6;500;11/02/2015
2015028085;1;2;6;1;1;500;07/04/2015
2015028086;1;2;3;1;3;500;15/04/2015
2015028087;1;2;3;1;3;500;22/04/2015
2015028088;1;2;6;2;7;500;25/04/2015
2015028089;1;2;1;1;4;500;30/04/2015
2015028090;1;2;1;1;6;500;11/05/2015
2015028091;1;1;6;2;3;500;18/05/2015
2015028092;1;1;2;1;3;500;05/06/2015
2015028093;1;1;1;1;6;500;13/06/2015
2015028094;1;1;1;1;7;500;23/06/2015
2015028095;1;2;6;1;3;500;04/08/2015
2015028096;1;2;2;1;3;500;05/08/2015
2015028097;1;2;6;1;3;500;12/08/2015
2015028098;1;1;1;1;3;500;21/08/2015
2015028099;1;2;6;1;1;500;22/08/2015
2015028100;1;2;1;1;3;500;10/09/2015
2015028101;1;2;3;1;3;500;11/09/2015
2015028102;1;1;1;1;7;500;16/09/2015
2015028103;1;2;3;2;2;500;21/09/2015
2015028104;1;2;6;1;6;500;02/10/2015
2015028105;1;2;1;1;6;500;08/10/2015
2015028106;1;1;1;1;7;500;11/10/2015
2015028107;1;1;1;8;7;500;05/11/2015
2015028108;1;1;6;1;2;500;13/11/2015
2015028109;1;2;1;2;6;500;25/11/2015
2015028110;1;2;2;1;6;500;11/12/2015
2015028111;1;2;1;1;6;500;23/12/2015
2015028112;2;2;1;1;6;510;06/01/2015
2015028113;1;2;1;1;2;510;07/03/2015
2015028114;1;2;6;1;3;510;18/04/2015
2015028115;1;2;1;1;6;510;09/04/2015
2015028116;1;2;1;1;2;510;25/05/2015
2015028117;1;1;1;1;7;510;14/06/2015
2015028118;1;2;1;1;6;510;09/07/2015
2015028119;1;1;1;1;5;510;22/07/2015
2015028120;1;2;1;1;3;510;21/08/2015
2015028121;1;1;1;1;6;510;02/10/2015
2015028122;1;2;1;1;6;510;27/10/2015
2015028123;5;2;1;1;6;510;08/11/2015
2015028124;1;2;3;1;6;510;21/12/2015
2015028125;5;2;1;1;7;510;18/01/2015
2015028126;1;2;3;1;6;510;23/04/2015
2015028127;1;2;7;1;6;510;22/05/2015
2015028128;1;2;3;1;3;510;06/06/2015
2015028129;1;2;1;1;6;510;21/05/2015
2015028130;1;1;3;1;3;510;12/07/2015
2015028131;1;2;3;1;6;510;02/10/2015
2015028132;1;2;3;1;3;510;11/11/2015
2015028133;1;1;1;1;3;510;14/11/2015
2015028134;5;2;6;1;3;510;27/11/2015
2015028135;5;2;1;5;6;510;14/12/2015
2015028136;1;2;1;1;3;510;21/06/2015
2015028137;1;2;1;1;3;510;22/03/2015
2015028138;5;2;1;2;6;510;13/01/2015
2015028139;5;2;1;1;6;510;15/01/2015
2015028140;5;2;2;3;3;510;24/03/2015
2015028141;1;2;3;2;6;510;26/01/2015
2015028142;5;2;1;4;6;510;30/01/2015
2015028143;1;2;6;1;3;510;05/02/2015
2015028144;5;2;1;1;6;510;07/02/2015
2015028145;1;2;2;1;3;510;20/04/2015
2015028146;5;2;2;1;3;510;21/04/2015
2015028147;5;2;1;1;3;510;18/02/2015
2015028148;1;2;1;1;6;510;26/04/2015
2015028149;1;2;1;1;2;510;09/03/2015
2015028150;1;2;1;1;6;510;23/05/2015
2015028151;1;2;1;1;4;510;21/03/2015
2015028152;5;2;1;1;6;510;05/04/2015
2015028153;3;1;1;1;2;510;09/04/2015
2015028154;5;2;1;1;4;510;19/04/2015
2015028155;5;2;2;1;1;510;24/04/2015
2015028156;1;2;1;1;6;510;13/06/2015
2015028157;1;2;3;1;3;510;16/06/2015
2015028158;5;2;9;1;3;510;24/05/2015
2015028159;5;2;1;1;6;510;22/06/2015
2015028160;1;2;1;1;6;510;27/06/2015
2015028161;1;2;3;1;3;510;30/06/2015
2015028162;1;2;1;1;2;510;01/07/2015
2015028163;1;2;3;1;4;510;03/07/2015
2015028164;1;2;3;1;3;510;07/07/2015
2015028165;1;2;1;1;6;510;13/07/2015
2015028166;1;2;1;1;6;510;29/06/2015
2015028167;1;2;2;1;5;510;24/07/2015
2015028168;5;2;1;1;2;510;07/08/2015
2015028169;1;2;3;1;2;510;10/08/2015
2015028170;5;2;2;1;3;510;07/09/2015
2015028171;1;2;3;1;6;510;08/09/2015
2015028172;5;2;1;1;6;510;19/09/2015
2015028173;1;2;3;1;3;510;21/09/2015
2015028174;1;2;1;1;6;510;23/09/2015
2015028175;1;2;9;1;3;510;24/09/2015
2015028176;1;2;1;1;2;510;25/09/2015
2015028177;1;2;1;1;3;510;25/09/2015
2015028178;1;1;1;1;1;510;26/09/2015
2015028179;3;1;1;1;2;510;29/09/2015
2015028180;1;2;2;1;6;510;03/10/2015
2015028181;5;2;1;2;4;510;05/10/2015
2015028182;1;2;1;1;3;510;07/10/2015
2015028183;1;2;1;1;6;510;07/10/2015
2015028184;1;2;3;1;5;510;08/10/2015
2015028185;5;2;1;1;6;510;11/10/2015
2015028186;1;2;1;1;6;510;12/10/2015
2015028187;2;2;1;1;3;510;13/10/2015
2015028188;5;2;1;1;2;510;13/10/2015
2015028189;2;2;9;1;3;510;14/10/2015
2015028190;1;2;1;1;5;510;14/10/2015
2015028191;1;2;6;2;6;510;14/10/2015
2015028192;5;2;2;1;3;510;09/10/2015
2015028193;5;2;2;1;1;510;15/10/2015
2015028194;1;2;6;2;3;510;16/10/2015
2015028195;1;2;3;1;3;510;16/10/2015
2015028196;5;2;3;1;3;510;21/10/2015
2015028197;1;2;3;1;1;510;23/10/2015
2015028198;1;2;1;1;1;510;23/10/2015
2015028199;5;2;6;1;3;510;24/10/2015
2015028200;1;2;2;1;1;510;26/10/2015
2015028201;1;2;1;1;4;510;27/10/2015
2015028202;1;2;1;1;3;510;31/10/2015
2015028203;1;2;2;1;6;510;02/11/2015
2015028204;1;2;4;1;3;510;04/11/2015
2015028205;1;2;1;2;2;510;04/11/2015
2015028206;1;2;2;1;6;510;06/11/2015
2015028207;1;2;2;1;2;510;08/11/2015
2015028208;5;2;1;1;6;510;11/11/2015
2015028209;1;2;3;1;3;510;12/11/2015
2015028210;1;2;1;1;6;510;12/11/2015
2015028211;1;2;6;1;6;510;12/11/2015
2015028212;5;2;2;1;3;510;12/11/2015
2015028213;1;2;1;1;6;510;13/11/2015
2015028214;1;2;2;1;3;510;16/11/2015
2015028215;1;2;1;1;1;510;16/11/2015
2015028216;1;1;3;1;3;510;16/11/2015
2015028217;5;2;1;2;1;510;16/11/2015
2015028218;1;2;1;2;4;510;17/11/2015
2015028219;1;2;1;1;3;510;17/11/2015
2015028220;5;2;2;3;3;510;20/11/2015
2015028221;5;2;2;1;3;510;22/11/2015
2015028222;5;2;1;1;3;510;22/11/2015
2015028223;1;2;1;7;2;510;23/11/2015
2015028224;1;2;2;1;3;510;24/11/2015
2015028225;1;2;1;2;3;510;24/11/2015
2015028226;5;2;1;2;3;510;24/11/2015
2015028227;1;2;6;2;6;510;25/11/2015
2015028228;1;2;1;1;3;510;27/11/2015
2015028229;1;2;1;1;3;510;28/11/2015
2015028230;1;2;6;1;3;510;30/11/2015
2015028231;5;2;1;1;6;510;02/12/2015
2015028232;1;1;6;1;2;510;03/12/2015
2015028233;5;2;1;1;2;510;03/12/2015
2015028234;2;2;2;2;6;510;08/12/2015
2015028235;5;2;1;3;6;510;08/12/2015
2015028236;1;2;1;3;6;510;11/12/2015
2015028237;5;2;1;2;6;510;11/12/2015
2015028238;5;1;9;1;6;510;16/12/2015
2015028239;1;2;2;8;6;510;16/12/2015
2015028240;5;2;1;1;6;510;15/12/2015
2015028241;5;2;1;1;4;510;16/12/2015
2015028242;5;2;1;1;6;510;20/12/2015
2015028243;1;2;1;1;1;510;21/12/2015
2015028244;1;2;2;1;3;510;21/12/2015
2015028245;1;2;1;1;2;510;24/12/2015
2015028246;1;2;1;1;7;510;24/12/2015
2015028247;1;2;2;1;3;510;24/12/2015
2015028248;5;2;2;2;6;510;25/12/2015
2015028249;1;2;2;1;3;510;26/12/2015
2015028250;5;2;1;1;6;510;26/12/2015
2015028251;5;2;1;1;6;510;26/12/2015
2015028252;1;2;1;1;2;510;29/12/2015
2015028253;1;2;2;1;1;510;30/12/2015
2015028254;1;2;2;1;3;510;30/12/2015
2015028255;1;2;6;1;2;510;30/12/2015
2015028256;1;2;1;1;2;520;07/04/2015
2015028257;2;2;1;2;6;520;20/11/2015
2015028258;1;1;1;1;1;520;23/11/2015
2015028259;1;1;1;1;6;520;24/05/2015
2015028260;1;2;1;1;4;520;24/11/2015
2015028261;5;2;1;1;6;520;24/05/2015
2015028262;5;2;2;2;6;520;27/11/2015
2015028263;1;1;1;1;2;520;31/05/2015
2015028264;1;2;3;1;2;520;11/12/2015
2015028265;3;1;1;2;1;520;14/06/2015
2015028266;1;2;1;1;6;520;16/12/2015
2015028267;3;1;6;1;7;520;23/06/2015
2015028268;5;2;2;1;6;520;21/12/2015
2015028269;1;2;2;1;3;520;01/07/2015
2015028270;1;2;1;1;6;520;22/12/2015
2015028271;1;1;1;1;6;520;21/07/2015
2015028272;1;2;2;1;5;520;21/07/2015
2015028273;1;2;1;1;6;520;06/08/2015
2015028274;1;2;3;1;2;520;07/08/2015
2015028275;3;2;1;1;7;520;11/08/2015
2015028276;3;1;1;1;1;520;07/09/2015
2015028277;3;1;1;1;6;520;26/08/2015
2015028278;1;1;1;1;7;520;01/09/2015
2015028279;1;2;1;1;2;520;05/10/2015
2015028280;1;2;6;1;6;520;15/11/2015
2015028281;3;1;1;2;4;520;09/01/2015
2015028282;3;1;1;2;6;520;28/01/2015
2015028283;1;2;2;1;6;520;12/02/2015
2015028284;1;2;3;7;6;520;11/02/2015
2015028285;1;2;1;1;2;520;28/02/2015
2015028286;5;2;4;1;7;520;21/03/2015
2015028287;5;2;1;1;7;520;08/04/2015
2015028288;1;2;1;2;6;520;27/04/2015
2015028289;1;2;6;1;3;520;04/05/2015
2015028290;1;2;3;1;3;520;17/05/2015
2015028291;1;2;1;1;6;520;15/06/2015
2015028292;1;2;2;1;5;520;25/09/2015
2015028293;2;1;1;1;4;520;01/10/2015
2015028294;1;2;1;1;6;520;20/10/2015
2015028295;5;2;1;3;2;520;20/11/2015
2015028296;1;2;1;1;6;520;30/11/2015
2015028297;2;2;3;1;3;520;01/12/2015
2015028298;1;2;2;1;3;530;18/02/2015
2015028299;2;1;1;1;6;530;21/02/2015
2015028300;3;1;1;5;7;530;12/12/2015
2015028301;1;2;1;1;3;530;21/02/2015
2015028302;1;2;6;1;7;530;18/02/2015
2015028303;1;2;2;2;6;530;10/03/2015
2015028304;5;2;1;2;6;530;29/03/2015
2015028305;1;2;3;1;6;530;09/04/2015
2015028306;1;2;1;1;6;530;23/04/2015
2015028307;1;1;1;1;6;530;17/03/2015
2015028308;1;1;1;1;5;530;27/04/2015
2015028309;1;2;1;1;6;530;29/05/2015
2015028310;1;2;1;1;1;530;08/06/2015
2015028311;1;1;1;1;2;530;18/06/2015
2015028312;1;2;1;1;6;530;10/07/2015
2015028313;1;1;1;1;6;530;30/07/2015
2015028314;1;2;1;1;3;530;24/08/2015
2015028315;1;2;6;1;3;530;03/09/2015
2015028316;1;2;3;1;3;530;03/09/2015
2015028317;1;1;1;3;7;530;24/08/2015
2015028318;1;2;1;7;6;530;02/10/2015
2015028319;5;2;2;1;6;530;30/10/2015
2015028320;5;2;6;1;6;530;29/11/2015
2015028321;2;2;2;2;3;530;24/11/2015
2015028322;5;2;1;2;6;530;22/12/2015
2015028323;5;2;1;2;6;530;14/01/2015
2015028324;1;2;1;1;6;530;19/01/2015
2015028325;2;1;1;2;1;540;28/10/2015
2015028326;1;2;1;1;6;540;11/03/2015
2015028327;1;2;1;1;6;540;06/10/2015
2015028328;1;2;1;1;7;540;11/06/2015
2015028329;1;2;1;1;6;540;05/12/2015
2015028330;1;2;1;1;1;540;23/03/2015
2015028331;1;2;1;1;7;540;14/03/2015
2015028332;5;2;2;1;3;540;09/07/2015
2015028333;1;2;1;1;7;540;19/07/2015
2015028334;1;2;1;1;6;540;30/07/2015
2015028335;2;1;1;1;7;540;09/08/2015
2015028336;1;1;1;1;3;540;20/08/2015
2015028337;1;2;9;8;7;540;28/01/2015
2015028338;3;1;1;1;7;540;23/03/2015
2015028339;1;2;3;1;6;540;25/02/2015
2015028340;1;2;1;1;6;540;22/04/2015
2015028341;1;1;1;1;6;540;02/08/2015
2015028342;1;2;1;1;6;540;28/09/2015
2015028343;1;1;1;1;6;540;27/09/2015
2015028344;3;1;1;5;6;540;05/12/2015
2015028345;1;1;1;7;5;540;09/11/2015
2015028346;1;1;1;1;7;540;05/06/2015
2015028347;1;2;3;1;3;540;12/12/2015
2015028348;5;2;4;4;6;540;25/01/2015
2015028349;1;2;1;1;6;540;20/02/2015
2015028350;3;2;1;8;7;540;03/03/2015
2015028351;1;1;1;1;2;540;23/12/2015
2015028352;1;2;3;8;3;540;04/03/2015
2015028353;1;2;6;1;6;540;26/12/2015
2015028354;1;1;1;8;2;540;04/03/2015
2015028355;3;1;1;3;5;540;25/12/2015
2015028356;1;2;1;8;3;540;05/03/2015
2015028357;1;2;1;1;6;540;15/03/2015
2015028358;2;2;1;9;2;540;25/03/2015
2015028359;1;2;3;8;3;540;25/03/2015
2015028360;1;1;1;1;1;540;03/04/2015
2015028361;1;2;3;1;3;540;08/04/2015
2015028362;1;2;1;1;6;540;03/04/2015
2015028363;5;2;1;8;6;540;24/02/2015
2015028364;2;1;1;1;6;540;15/04/2015
2015028365;3;1;1;1;6;540;17/04/2015
2015028366;1;2;1;1;2;540;04/05/2015
2015028367;3;1;1;1;6;540;12/05/2015
2015028368;1;2;1;1;4;540;20/05/2015
2015028369;3;1;1;3;6;540;30/05/2015
2015028370;1;2;1;1;6;540;02/06/2015
2015028371;1;2;1;1;6;540;05/06/2015
2015028372;1;2;1;1;6;540;05/06/2015
2015028373;1;2;1;1;4;540;06/06/2015
2015028374;1;2;1;1;2;540;10/06/2015
2015028375;1;2;1;1;4;540;10/06/2015
2015028376;5;2;9;1;1;540;14/06/2015
2015028377;1;2;3;1;3;540;24/06/2015
2015028378;1;1;1;1;5;540;24/06/2015
2015028379;1;2;1;2;6;540;10/08/2015
2015028380;5;2;1;1;6;540;14/07/2015
2015028381;1;2;1;1;3;540;04/07/2015
2015028382;3;1;1;1;7;540;31/07/2015
2015028383;1;2;1;1;6;540;04/09/2015
2015028384;5;2;1;1;2;540;09/08/2015
2015028385;1;2;1;8;6;540;10/08/2015
2015028386;1;1;1;1;7;540;13/08/2015
2015028387;1;2;6;3;6;540;24/08/2015
2015028388;1;2;1;1;6;540;22/08/2015
2015028389;3;1;1;1;7;540;22/08/2015
2015028390;5;1;1;1;7;540;26/08/2015
2015028391;5;2;1;1;2;540;16/08/2015
2015028392;1;2;1;1;4;540;23/09/2015
2015028393;1;2;1;1;6;540;04/09/2015
2015028394;1;1;1;1;2;540;25/08/2015
2015028395;1;2;1;1;4;540;13/09/2015
2015028396;3;1;1;2;5;540;12/09/2015
2015028397;2;2;1;1;7;540;01/10/2015
2015028398;1;2;1;1;4;540;22/09/2015
2015028399;1;2;1;1;7;540;27/09/2015
2015028400;1;2;1;1;3;540;25/09/2015
2015028401;3;1;1;1;7;540;08/10/2015
2015028402;4;2;1;2;6;540;15/10/2015
2015028403;1;2;1;1;6;540;09/10/2015
2015028404;2;2;1;8;1;540;14/10/2015
2015028405;3;1;1;2;7;540;21/10/2015
2015028406;1;2;1;1;6;540;21/10/2015
2015028407;5;2;1;3;6;540;06/11/2015
2015028408;1;1;6;1;6;540;30/11/2015
2015028409;1;2;1;1;2;540;10/09/2015
2015028410;5;2;1;1;6;540;25/11/2015
2015028411;3;1;1;1;6;540;21/11/2015
2015028412;5;2;1;1;6;540;19/11/2015
2015028413;5;2;1;3;6;540;10/01/2015
2015028414;5;2;1;4;7;540;25/01/2015
2015028415;1;2;1;1;6;540;16/01/2015
2015028416;1;2;1;1;6;540;27/01/2015
2015028417;5;2;1;1;6;540;24/02/2015
2015028418;1;2;4;1;2;540;08/04/2015
2015028419;1;2;2;1;3;540;27/05/2015
2015028420;1;2;6;1;6;540;12/12/2015
2015028421;5;2;3;1;6;540;12/03/2015
2015028422;1;2;3;1;3;540;29/12/2015
2015028423;1;2;2;1;1;540;18/03/2015
2015028424;5;2;1;1;6;540;31/12/2015
2015028425;1;2;1;1;2;540;03/03/2015
2015028426;5;2;1;1;3;540;23/12/2015
2015028427;1;2;1;1;6;540;04/03/2015
2015028428;1;2;1;1;3;540;18/12/2015
2015028429;1;1;1;1;4;540;04/03/2015
2015028430;1;2;1;1;6;540;21/12/2015
2015028431;4;2;1;1;6;540;02/03/2015
2015028432;1;2;1;1;3;540;17/11/2015
2015028433;1;2;1;1;4;540;07/03/2015
2015028434;1;2;1;1;2;540;22/12/2015
2015028435;1;2;1;5;6;540;27/11/2015
2015028436;1;1;1;1;6;540;11/03/2015
2015028437;1;2;1;1;3;540;13/03/2015
2015028438;5;2;4;1;3;540;21/12/2015
2015028439;1;2;3;1;3;540;12/03/2015
2015028440;1;2;2;1;3;540;29/12/2015
2015028441;5;2;1;1;6;540;13/03/2015
2015028442;5;1;1;1;2;540;24/12/2015
2015028443;1;2;1;1;2;540;17/03/2015
2015028444;5;2;1;2;3;540;13/03/2015
2015028445;1;2;1;1;6;540;15/03/2015
2015028446;5;2;4;1;1;540;20/11/2015
2015028447;1;2;1;1;6;540;19/03/2015
2015028448;5;2;1;1;6;540;23/11/2015
2015028449;1;2;1;1;6;540;19/03/2015
2015028450;5;2;1;1;6;540;18/03/2015
2015028451;5;2;1;1;3;540;19/03/2015
2015028452;1;2;1;1;3;540;17/03/2015
2015028453;1;2;2;2;6;540;23/12/2015
2015028454;1;2;1;1;2;540;23/03/2015
2015028455;1;2;2;1;3;540;21/03/2015
2015028456;1;2;2;1;3;540;25/03/2015
2015028457;2;2;1;1;2;540;28/12/2015
2015028458;1;1;1;1;6;540;16/03/2015
2015028459;1;2;1;1;3;540;23/03/2015
2015028460;1;2;1;9;2;540;02/03/2015
2015028461;5;2;1;2;2;540;28/03/2015
2015028462;1;2;3;1;3;540;31/03/2015
2015028463;1;2;1;1;6;540;31/03/2015
2015028464;1;2;1;1;6;540;03/12/2015
2015028465;1;2;1;1;2;540;13/03/2015
2015028466;1;2;1;1;1;540;01/12/2015
2015028467;5;2;1;1;2;540;01/04/2015
2015028468;5;2;1;1;2;540;02/12/2015
2015028469;1;2;1;1;3;540;01/04/2015
2015028470;1;2;1;1;6;540;15/12/2015
2015028471;1;2;2;2;3;540;03/04/2015
2015028472;2;2;1;1;6;540;09/03/2015
2015028473;1;2;1;1;3;540;05/04/2015
2015028474;1;2;3;1;6;540;19/05/2015
2015028475;5;2;1;1;2;540;07/04/2015
2015028476;5;2;1;1;1;540;10/04/2015
2015028477;1;2;2;1;3;540;10/04/2015
2015028478;1;2;1;1;6;540;14/04/2015
2015028479;1;2;1;1;6;540;04/04/2015
2015028480;1;1;1;1;2;540;14/04/2015
2015028481;1;2;1;1;6;540;09/04/2015
2015028482;1;2;1;1;3;540;10/04/2015
2015028483;1;2;1;1;2;540;13/04/2015
2015028484;1;2;3;1;3;540;02/12/2015
2015028485;5;2;1;1;1;540;06/03/2015
2015028486;1;2;1;2;2;540;02/03/2015
2015028487;1;2;1;2;6;540;17/04/2015
2015028488;5;2;1;1;6;540;18/04/2015
2015028489;1;2;1;1;3;540;10/04/2015
2015028490;1;2;1;1;3;540;20/04/2015
2015028491;5;1;6;1;7;540;22/12/2015
2015028492;1;2;2;7;3;540;24/04/2015
2015028493;1;2;1;2;6;540;27/04/2015
2015028494;1;2;6;2;3;540;23/12/2015
2015028495;1;1;1;1;3;540;27/04/2015
2015028496;1;2;1;1;2;540;31/12/2015
2015028497;1;2;1;1;5;540;29/04/2015
2015028498;1;2;1;2;3;540;30/04/2015
2015028499;1;2;1;1;6;540;19/03/2015