num_acc;lum;agg;inter;atm;col;dep;date
2015029660;1;2;1;2;3;590;22/06/2015
2015029661;3;1;1;1;1;590;21/06/2015
2015029662;2;1;1;1;7;590;22/06/2015
2015029663;5;2;2;1;3;590;05/07/2015
2015029664;1;1;1;1;1;590;19/07/2015
2015029665;1;2;1;1;1;590;29/07/2015
2015029666;1;1;1;3;3;590;30/07/2015
2015029667;1;2;6;1;6;590;02/08/2015
2015029668;5;2;1;1;6;590;02/09/2015
2015029669;1;2;9;1;6;590;01/08/2015
2015029670;1;2;1;1;2;590;08/08/2015
2015029671;1;1;6;1;1;590;19/08/2015
2015029672;1;2;1;1;2;590;20/09/2015
2015029673;1;1;1;1;3;590;19/09/2015
2015029674;1;2;1;1;6;590;21/06/2015
2015029675;5;2;3;1;1;590;13/10/2015
2015029676;1;2;1;1;6;590;02/10/2015
2015029677;1;1;2;1;3;590;20/09/2015
2015029678;1;1;1;8;5;590;28/10/2015
2015029679;1;2;2;1;5;590;16/10/2015
2015029680;1;2;6;1;6;590;28/10/2015
2015029681;5;2;1;1;6;590;28/10/2015
2015029682;2;2;1;8;6;590;04/11/2015
2015029683;1;2;1;1;3;590;05/11/2015
2015029684;1;2;2;1;6;590;12/11/2015
2015029685;1;2;1;1;6;590;12/02/2015
2015029686;3;1;1;1;6;590;24/01/2015
2015029687;1;2;1;1;1;590;16/01/2015
2015029688;1;2;1;1;6;590;02/02/2015
2015029689;1;2;3;1;2;590;06/02/2015
2015029690;5;2;9;2;6;590;09/01/2015
2015029691;5;2;2;3;3;590;22/02/2015
2015029692;3;1;1;2;6;590;09/01/2015
2015029693;5;2;1;1;6;590;17/02/2015
2015029694;1;2;2;1;1;590;13/12/2015
2015029695;1;2;1;2;6;590;13/01/2015
2015029696;5;2;1;9;3;590;10/01/2015
2015029697;4;2;1;1;6;590;09/03/2015
2015029698;1;2;1;2;6;590;05/02/2015
2015029699;5;1;6;1;6;590;14/03/2015
2015029700;1;2;9;1;6;590;14/03/2015
2015029701;2;1;1;1;4;590;11/02/2015
2015029702;5;2;1;1;6;590;14/03/2015
2015029703;1;2;1;1;6;590;13/02/2015
2015029704;1;2;1;2;6;590;03/04/2015
2015029705;5;2;9;2;5;590;14/02/2015
2015029706;1;2;1;1;6;590;21/04/2015
2015029707;5;2;2;1;3;590;05/04/2015
2015029708;1;2;1;1;2;590;10/05/2015
2015029709;1;2;9;1;6;590;13/05/2015
2015029710;1;2;3;1;3;590;17/05/2015
2015029711;1;1;2;1;3;590;20/05/2015
2015029712;1;2;6;1;3;590;24/05/2015
2015029713;1;2;1;1;6;590;11/06/2015
2015029714;1;1;1;1;6;590;14/06/2015
2015029715;1;2;1;1;1;590;19/06/2015
2015029716;1;1;3;1;6;590;03/07/2015
2015029717;1;2;1;1;6;590;01/04/2015
2015029718;1;2;1;1;2;590;11/07/2015
2015029719;1;2;2;1;3;590;11/07/2015
2015029720;1;2;3;1;3;590;12/07/2015
2015029721;5;2;1;2;6;590;19/07/2015
2015029722;1;1;1;1;3;590;23/07/2015
2015029723;1;2;1;1;7;590;24/07/2015
2015029724;1;2;3;1;3;590;22/07/2015
2015029725;1;2;1;1;6;590;25/07/2015
2015029726;1;2;1;1;6;590;05/08/2015
2015029727;1;2;9;1;2;590;15/06/2015
2015029728;1;2;9;1;6;590;12/08/2015
2015029729;5;2;1;1;6;590;16/08/2015
2015029730;1;2;1;3;2;590;27/08/2015
2015029731;5;1;1;1;6;590;29/08/2015
2015029732;1;2;1;1;6;590;29/08/2015
2015029733;1;2;1;1;6;590;07/09/2015
2015029734;1;1;2;1;3;590;20/09/2015
2015029735;1;2;3;1;3;590;13/09/2015
2015029736;1;2;3;1;3;590;25/09/2015
2015029737;1;1;1;1;7;590;26/09/2015
2015029738;1;2;1;1;3;590;02/10/2015
2015029739;5;2;1;1;6;590;17/10/2015
2015029740;1;2;9;1;6;590;23/10/2015
2015029741;5;2;1;1;6;590;27/10/2015
2015029742;5;2;2;2;1;590;06/11/2015
2015029743;2;2;1;2;2;590;05/11/2015
2015029744;1;2;7;1;3;590;27/10/2015
2015029745;1;2;1;1;6;590;28/10/2015
2015029746;2;2;1;1;4;590;03/11/2015
2015029747;3;1;1;1;6;590;20/11/2015
2015029748;3;1;1;2;7;590;19/11/2015
2015029749;1;2;6;1;6;590;21/11/2015
2015029750;3;1;1;1;6;590;22/11/2015
2015029751;2;2;1;1;6;590;26/11/2015
2015029752;3;1;1;1;6;590;06/12/2015
2015029753;1;2;1;1;3;590;09/12/2015
2015029754;3;1;1;1;3;590;09/12/2015
2015029755;5;2;2;1;6;590;11/12/2015
2015029756;1;2;2;2;1;590;15/12/2015
2015029757;5;2;6;1;6;590;21/12/2015
2015029758;1;2;1;1;6;590;18/12/2015
2015029759;5;2;1;4;6;590;14/01/2015
2015029760;1;1;1;5;1;590;07/04/2015
2015029761;1;2;1;1;6;590;16/01/2015
2015029762;1;1;1;1;2;590;11/05/2015
2015029763;1;2;1;1;6;590;03/06/2015
2015029764;1;1;1;1;1;590;12/06/2015
2015029765;1;2;3;1;3;590;03/09/2015
2015029766;1;2;1;1;6;590;28/09/2015
2015029767;1;2;6;7;3;590;25/11/2015
2015029768;1;2;1;1;6;590;10/03/2015
2015029769;1;2;3;1;2;590;10/06/2015
2015029770;5;2;1;1;6;590;06/06/2015
2015029771;5;2;3;9;3;590;14/09/2015
2015029772;5;2;1;1;6;590;27/11/2015
2015029773;5;2;9;1;6;590;03/01/2015
2015029774;1;2;1;1;6;590;17/02/2015
2015029775;5;2;1;1;6;590;21/12/2015
2015029776;5;2;1;2;6;590;09/01/2015
2015029777;5;2;3;1;6;590;28/11/2015
2015029778;1;2;1;1;6;590;02/03/2015
2015029779;1;2;3;2;2;590;09/01/2015
2015029780;1;2;1;1;6;590;03/03/2015
2015029781;5;2;4;1;3;590;10/01/2015
2015029782;1;1;2;1;4;590;05/03/2015
2015029783;2;2;2;2;3;590;09/01/2015
2015029784;1;2;1;2;6;590;22/09/2015
2015029785;2;2;1;1;6;590;17/02/2015
2015029786;1;2;2;2;3;590;13/01/2015
2015029787;5;1;1;1;6;590;17/02/2015
2015029788;5;2;2;4;6;590;18/01/2015
2015029789;1;2;1;1;6;590;13/03/2015
2015029790;1;2;5;1;3;590;17/12/2015
2015029791;5;1;1;1;6;590;17/01/2015
2015029792;1;2;1;1;6;590;04/03/2015
2015029793;5;2;1;1;1;590;16/01/2015
2015029794;4;2;1;2;4;590;01/03/2015
2015029795;1;2;2;1;6;590;20/01/2015
2015029796;1;2;1;1;6;590;08/04/2015
2015029797;1;2;2;1;6;590;16/01/2015
2015029798;5;2;1;1;2;590;06/03/2015
2015029799;5;2;3;1;2;590;08/03/2015
2015029800;1;2;3;8;3;590;22/01/2015
2015029801;1;2;3;1;3;590;01/04/2015
2015029802;5;2;2;1;3;590;24/01/2015
2015029803;5;2;1;1;2;590;10/03/2015
2015029804;1;2;2;1;3;590;24/01/2015
2015029805;5;2;3;1;6;590;14/03/2015
2015029806;1;2;1;2;7;590;30/01/2015
2015029807;1;2;2;1;6;590;07/12/2015
2015029808;5;2;1;1;6;590;12/03/2015
2015029809;5;2;1;4;6;590;30/01/2015
2015029810;1;2;1;1;6;590;19/06/2015
2015029811;2;2;1;4;2;590;30/01/2015
2015029812;1;2;1;1;6;590;25/03/2015
2015029813;5;2;9;1;3;590;27/01/2015
2015029814;5;2;2;1;3;590;28/03/2015
2015029815;5;2;9;2;6;590;25/01/2015
2015029816;1;2;2;1;1;590;24/03/2015
2015029817;1;2;9;1;3;590;03/02/2015
2015029818;1;2;1;1;5;590;01/04/2015
2015029819;3;2;1;2;6;590;07/02/2015
2015029820;2;2;1;1;3;590;22/03/2015
2015029821;1;2;6;1;6;590;09/03/2015
2015029822;1;2;1;1;6;590;07/02/2015
2015029823;5;2;2;1;3;590;29/03/2015
2015029824;5;2;9;1;4;590;06/02/2015
2015029825;1;2;2;1;6;590;15/04/2015
2015029826;1;2;3;1;3;590;07/04/2015
2015029827;5;2;1;2;6;590;01/02/2015
2015029828;1;2;7;1;6;590;09/04/2015
2015029829;5;2;9;1;7;590;28/01/2015
2015029830;1;2;6;1;3;590;06/04/2015
2015029831;1;1;2;7;3;590;22/04/2015
2015029832;5;2;1;1;2;590;14/03/2015
2015029833;1;2;1;1;6;590;13/02/2015
2015029834;5;2;1;2;3;590;25/04/2015
2015029835;1;2;1;1;3;590;14/02/2015
2015029836;1;2;1;1;6;590;17/04/2015
2015029837;2;2;1;1;7;590;16/11/2015
2015029838;5;1;1;3;5;590;13/02/2015
2015029839;1;2;2;1;3;590;30/03/2015
2015029840;5;2;2;1;3;590;25/04/2015
2015029841;1;2;1;7;7;590;10/02/2015
2015029842;5;2;1;1;6;590;17/03/2015
2015029843;1;2;2;1;3;590;20/04/2015
2015029844;1;2;1;1;6;590;23/03/2015
2015029845;5;2;1;1;6;590;03/05/2015
2015029846;1;2;1;1;6;590;09/04/2015
2015029847;1;2;1;1;6;590;17/03/2015
2015029848;1;2;2;1;6;590;06/04/2015
2015029849;1;2;2;1;5;590;28/04/2015
2015029850;1;2;1;1;6;590;12/05/2015
2015029851;1;2;9;1;6;590;23/09/2015
2015029852;1;1;3;1;3;590;07/03/2015
2015029853;1;2;2;7;6;590;23/04/2015
2015029854;1;2;3;1;3;590;02/05/2015
2015029855;5;2;2;1;3;590;17/05/2015
2015029856;5;2;2;1;6;590;22/03/2015
2015029857;1;1;1;1;3;590;07/04/2015
2015029858;1;2;1;1;1;590;26/05/2015
2015029859;1;2;3;1;3;590;21/05/2015
2015029860;1;2;2;1;6;590;24/05/2015
2015029861;1;2;1;1;6;590;25/05/2015
2015029862;1;2;1;1;6;590;01/10/2015
2015029863;1;1;1;1;1;590;05/06/2015
2015029864;1;2;2;1;2;590;17/04/2015
2015029865;1;2;8;1;3;590;09/06/2015
2015029866;2;2;1;1;6;590;07/05/2015
2015029867;5;2;1;1;6;590;11/06/2015
2015029868;1;2;2;7;3;590;05/05/2015
2015029869;1;2;3;1;6;590;10/09/2015
2015029870;5;2;1;1;6;590;14/05/2015
2015029871;5;2;1;1;7;590;10/05/2015
2015029872;1;1;2;1;3;590;19/05/2015
2015029873;1;2;2;1;6;590;01/10/2015
2015029874;1;2;1;1;3;590;14/06/2015
2015029875;1;1;2;1;6;590;11/06/2015
2015029876;1;2;9;1;4;590;24/09/2015
2015029877;1;2;2;1;3;590;09/07/2015
2015029878;5;2;2;1;3;590;04/06/2015
2015029879;1;2;1;1;6;590;13/06/2015
2015029880;5;2;2;1;3;590;16/06/2015
2015029881;1;2;1;1;2;590;21/06/2015
2015029882;5;2;1;1;3;590;17/04/2015
2015029883;1;2;1;1;6;590;05/06/2015
2015029884;1;2;2;2;6;590;22/06/2015
2015029885;1;2;2;1;3;590;12/05/2015
2015029886;5;2;1;1;3;590;26/06/2015
2015029887;1;2;6;1;3;590;29/06/2015
2015029888;1;2;1;1;3;590;25/06/2015
2015029889;1;2;1;1;3;590;29/06/2015
2015029890;1;2;2;1;3;590;18/06/2015
2015029891;1;2;3;1;3;590;03/07/2015
2015029892;5;2;1;1;6;590;04/07/2015
2015029893;2;2;1;2;3;590;28/10/2015
2015029894;2;2;3;1;3;590;05/07/2015
2015029895;5;2;1;1;3;590;12/06/2015
2015029896;1;2;2;1;6;590;27/05/2015
2015029897;5;2;1;1;6;590;09/07/2015
2015029898;2;2;1;9;6;590;13/11/2015
2015029899;1;2;8;7;6;590;28/09/2015
2015029900;1;1;1;1;1;590;03/07/2015
2015029901;1;2;1;2;6;590;15/09/2015
2015029902;1;2;2;3;6;590;20/07/2015
2015029903;1;2;1;1;3;590;22/07/2015
2015029904;1;2;1;1;2;590;22/07/2015
2015029905;1;2;2;1;6;590;30/06/2015
2015029906;2;2;1;1;6;590;26/07/2015
2015029907;1;2;1;1;4;590;22/07/2015
2015029908;1;2;1;1;6;590;16/07/2015
2015029909;1;2;2;1;6;590;18/07/2015
2015029910;1;2;2;1;3;590;29/07/2015
2015029911;1;2;1;1;6;590;11/06/2015
2015029912;1;2;2;1;3;590;18/06/2015
2015029913;1;2;1;1;3;590;06/08/2015
2015029914;3;2;1;1;6;590;07/08/2015
2015029915;5;2;1;1;3;590;07/08/2015
2015029916;1;1;3;1;2;590;15/07/2015
2015029917;1;2;3;1;1;590;13/08/2015
2015029918;1;2;2;1;3;590;02/08/2015
2015029919;2;1;1;1;3;590;15/08/2015
2015029920;1;2;1;1;6;590;07/07/2015
2015029921;1;2;2;1;4;590;15/08/2015
2015029922;1;2;3;2;6;590;13/08/2015
2015029923;1;2;6;1;6;590;15/07/2015
2015029924;1;2;1;1;6;590;17/06/2015
2015029925;1;1;1;3;2;590;24/08/2015
2015029926;2;1;1;1;6;590;12/08/2015
2015029927;1;2;2;1;6;590;07/07/2015
2015029928;1;2;1;1;2;590;05/04/2015
2015029929;5;2;2;2;6;590;19/11/2015
2015029930;5;2;2;1;3;590;06/09/2015
2015029931;1;1;1;8;1;590;27/08/2015
2015029932;1;2;2;1;3;590;06/08/2015
2015029933;2;2;1;1;3;590;05/08/2015
2015029934;1;1;2;1;3;590;08/09/2015
2015029935;1;2;1;1;6;590;07/04/2015
2015029936;1;2;1;2;3;590;12/09/2015
2015029937;1;2;2;1;6;590;27/08/2015
2015029938;2;2;1;1;3;590;25/09/2015
2015029939;1;2;2;1;7;590;22/08/2015
2015029940;1;2;1;1;6;590;02/07/2015
2015029941;1;2;1;2;6;590;24/09/2015
2015029942;5;2;2;1;3;590;10/10/2015
2015029943;1;2;3;1;3;590;04/10/2015
2015029944;5;2;2;2;3;590;17/10/2015
2015029945;1;2;9;1;3;590;16/10/2015
2015029946;1;2;1;1;6;590;03/07/2015
2015029947;1;2;1;1;6;590;07/08/2015
2015029948;1;2;1;1;6;590;18/07/2015
2015029949;2;2;2;2;3;590;20/07/2015
2015029950;1;2;2;1;6;590;06/10/2015
2015029951;1;2;1;1;6;590;07/09/2015
2015029952;2;1;1;1;3;590;15/10/2015
2015029953;1;2;1;1;3;590;18/10/2015
2015029954;1;2;2;1;3;590;23/09/2015
2015029955;5;2;1;1;3;590;30/10/2015
2015029956;5;2;4;1;6;590;31/10/2015
2015029957;1;2;1;1;6;590;22/08/2015
2015029958;1;2;1;1;6;590;31/07/2015
2015029959;5;2;1;2;6;590;07/11/2015
2015029960;1;2;1;1;2;590;02/11/2015
2015029961;1;2;2;3;6;590;13/11/2015
2015029962;5;2;3;8;3;590;07/11/2015
2015029963;5;2;2;8;3;590;01/10/2015
2015029964;2;2;7;3;6;590;22/11/2015
2015029965;1;2;1;1;6;590;12/11/2015
2015029966;1;1;1;1;3;590;07/11/2015
2015029967;1;1;1;1;6;590;20/11/2015
2015029968;1;2;1;2;6;590;30/11/2015
2015029969;2;2;1;8;6;590;14/11/2015
2015029970;1;1;1;1;6;590;03/12/2015
2015029971;3;1;1;2;3;590;28/11/2015
2015029972;1;2;1;1;6;590;12/11/2015
2015029973;1;1;3;1;6;590;02/11/2015
2015029974;2;2;1;2;6;590;11/12/2015
2015029975;5;1;3;2;3;590;11/12/2015
2015029976;5;2;3;1;3;590;14/12/2015
2015029977;1;1;2;1;5;590;26/11/2015
2015029978;1;2;1;1;6;590;30/10/2015
2015029979;5;2;3;1;3;590;18/12/2015
2015029980;5;2;1;2;3;590;10/12/2015
2015029981;5;2;3;9;3;590;11/12/2015
2015029982;5;2;1;1;2;590;23/12/2015
2015029983;5;2;2;1;3;590;28/12/2015
2015029984;2;2;9;1;1;590;07/12/2015
2015029985;1;2;3;1;6;590;07/11/2015
2015029986;5;2;1;1;3;590;20/12/2015
2015029987;1;2;1;8;2;590;26/04/2015
2015029988;1;2;3;1;6;590;24/04/2015
2015029989;1;2;1;1;6;590;08/06/2015
2015029990;5;2;1;1;6;590;13/07/2015
2015029991;1;2;3;1;1;590;24/09/2015
2015029992;1;2;2;1;7;590;12/11/2015
2015029993;5;2;1;1;1;590;31/12/2015
2015029994;5;2;1;8;1;590;10/02/2015
2015029995;1;2;2;1;1;590;17/02/2015
2015029996;1;2;1;7;6;590;18/02/2015
2015029997;2;2;1;1;6;590;18/02/2015
2015029998;5;2;1;1;6;590;19/02/2015
2015029999;5;2;1;1;3;590;19/02/2015
2015030000;5;2;1;1;6;590;19/02/2015
2015030001;5;2;2;2;3;590;20/02/2015
2015030002;1;2;1;1;6;590;22/02/2015
2015030003;1;2;1;1;6;590;23/02/2015
2015030004;1;2;2;2;6;590;25/02/2015
2015030005;1;2;7;2;2;590;26/02/2015
2015030006;1;2;1;7;6;590;02/03/2015
2015030007;1;2;2;2;3;590;02/03/2015
2015030008;1;2;2;1;3;590;04/03/2015
2015030009;1;2;2;1;6;590;04/03/2015
2015030010;1;2;2;1;6;590;04/03/2015
2015030011;1;2;1;1;2;590;06/03/2015
2015030012;1;1;1;1;4;590;07/03/2015
2015030013;5;2;2;1;3;590;08/03/2015
2015030014;1;2;1;1;6;590;10/03/2015
2015030015;1;2;2;1;3;590;11/03/2015
2015030016;1;2;3;1;3;590;11/03/2015
2015030017;1;2;2;1;3;590;15/03/2015
2015030018;1;1;1;8;3;590;15/03/2015
2015030019;1;2;1;1;4;590;15/03/2015
2015030020;1;2;1;1;6;590;16/03/2015
2015030021;5;2;3;1;3;590;16/03/2015
2015030022;1;2;2;1;3;590;17/03/2015
2015030023;1;2;1;1;2;590;17/03/2015
2015030024;1;2;1;1;2;590;18/03/2015
2015030025;1;2;2;1;3;590;18/03/2015
2015030026;1;2;1;1;5;590;22/03/2015
2015030027;1;2;3;1;6;590;23/03/2015
2015030028;1;2;1;1;6;590;23/03/2015
2015030029;1;2;3;2;3;590;25/03/2015
2015030030;1;2;1;2;6;590;26/03/2015
2015030031;1;2;1;1;6;590;27/03/2015
2015030032;4;2;2;1;3;590;27/03/2015
2015030033;1;1;3;1;6;590;30/03/2015
2015030034;1;2;3;1;3;590;27/03/2015
2015030035;1;1;1;1;6;590;03/04/2015
2015030036;1;2;1;2;3;590;03/04/2015
2015030037;1;1;1;1;4;590;07/04/2015
2015030038;1;2;1;1;3;590;10/04/2015
2015030039;1;1;3;1;6;590;12/04/2015
2015030040;1;2;6;1;3;590;12/04/2015
2015030041;1;2;1;1;2;590;13/04/2015
2015030042;1;1;2;1;3;590;14/04/2015
2015030043;1;2;1;1;6;590;14/04/2015
2015030044;1;2;1;1;6;590;15/04/2015
2015030045;1;2;1;1;6;590;16/04/2015
2015030046;1;2;2;1;6;590;18/04/2015
2015030047;5;1;1;1;6;590;18/04/2015
2015030048;1;2;1;1;2;590;19/04/2015
2015030049;1;2;1;1;6;590;20/04/2015
2015030050;1;2;6;1;6;590;20/04/2015
2015030051;1;2;3;1;2;590;21/04/2015
2015030052;1;2;9;1;6;590;22/04/2015
2015030053;1;2;1;1;6;590;22/04/2015
2015030054;1;2;1;1;6;590;24/04/2015
2015030055;1;2;1;1;5;590;24/04/2015
2015030056;1;2;1;1;6;590;25/04/2015
2015030057;5;2;1;1;6;590;26/04/2015
2015030058;1;2;9;1;6;590;28/04/2015
2015030059;1;2;1;1;6;590;28/04/2015
2015030060;1;2;1;1;3;590;29/04/2015
2015030061;1;2;2;2;3;590;30/04/2015
2015030062;1;2;1;1;6;590;30/04/2015
2015030063;1;2;1;1;3;590;01/05/2015
2015030064;1;1;1;1;6;590;01/05/2015
2015030065;1;2;1;1;3;590;02/05/2015
2015030066;1;2;1;2;2;590;03/05/2015
2015030067;1;2;1;1;6;590;05/05/2015
2015030068;1;2;2;1;3;590;08/05/2015
2015030069;1;2;3;1;6;590;08/05/2015
2015030070;1;2;1;1;1;590;09/05/2015
2015030071;1;2;1;1;3;590;10/05/2015
2015030072;1;2;7;1;3;590;10/05/2015
2015030073;1;2;2;1;6;590;13/05/2015
2015030074;1;2;2;1;3;590;13/05/2015
2015030075;1;2;1;1;6;590;13/05/2015
2015030076;1;1;1;1;3;590;15/05/2015
2015030077;1;2;3;1;1;590;15/05/2015
2015030078;1;2;1;1;6;590;17/05/2015
2015030079;1;2;1;1;3;590;20/05/2015
2015030080;1;2;1;1;6;590;21/05/2015
2015030081;1;2;2;1;3;590;22/05/2015
2015030082;1;2;1;1;6;590;22/05/2015
2015030083;1;2;1;1;6;590;23/05/2015
2015030084;1;2;1;1;6;590;26/05/2015
2015030085;1;2;3;1;6;590;26/05/2015
2015030086;1;2;1;1;6;590;26/05/2015
2015030087;1;2;1;1;2;590;27/05/2015
2015030088;1;2;1;1;6;590;27/05/2015
2015030089;1;2;1;1;3;590;27/05/2015
2015030090;1;2;3;1;1;590;27/05/2015
2015030091;1;2;1;1;6;590;28/05/2015
2015030092;1;2;1;2;3;590;31/05/2015
2015030093;1;2;9;1;5;590;01/06/2015
2015030094;1;2;1;2;1;590;02/06/2015
2015030095;1;2;2;1;6;590;02/06/2015
2015030096;1;2;3;1;3;590;04/06/2015
2015030097;1;2;1;1;2;590;07/06/2015
2015030098;1;2;4;1;3;590;09/06/2015
2015030099;1;2;1;1;3;590;12/06/2015
2015030100;1;2;2;1;6;590;14/06/2015
2015030101;1;1;2;1;6;590;15/06/2015
2015030102;5;2;1;1;6;590;15/06/2015
2015030103;1;2;1;1;6;590;16/06/2015
2015030104;1;2;1;1;6;590;19/06/2015
2015030105;5;2;2;3;3;590;20/06/2015
2015030106;1;2;1;2;6;590;22/06/2015
2015030107;1;2;2;1;5;590;22/06/2015
2015030108;1;2;1;1;6;590;24/06/2015
2015030109;1;1;1;1;3;590;24/06/2015
2015030110;1;2;3;1;3;590;26/06/2015
2015030111;5;2;1;1;7;590;27/06/2015
2015030112;1;2;3;1;3;590;30/06/2015
2015030113;1;2;1;1;2;590;30/06/2015
2015030114;1;2;1;1;3;590;30/06/2015
2015030115;1;2;1;1;3;590;30/06/2015
2015030116;2;2;1;1;6;590;08/04/2015
2015030117;1;2;1;1;2;590;03/07/2015
2015030118;1;2;1;1;3;590;03/07/2015
2015030119;1;2;1;1;6;590;05/07/2015
2015030120;1;2;2;1;3;590;06/07/2015
2015030121;1;2;1;1;3;590;07/07/2015
2015030122;1;2;1;1;2;590;07/07/2015
2015030123;1;2;1;1;6;590;09/07/2015
2015030124;1;2;1;1;6;590;19/07/2015
2015030125;1;2;1;1;6;590;19/07/2015
2015030126;1;1;1;1;7;590;20/07/2015
2015030127;1;2;1;2;3;590;20/07/2015
2015030128;1;2;1;1;6;590;21/07/2015
2015030129;1;2;3;8;6;590;21/07/2015
2015030130;1;2;2;1;3;590;21/07/2015
2015030131;1;2;3;1;7;590;21/07/2015
2015030132;1;2;1;1;6;590;23/07/2015
2015030133;1;2;1;2;6;590;26/07/2015
2015030134;5;2;2;1;3;590;29/07/2015
2015030135;1;1;1;1;6;590;29/07/2015
2015030136;1;2;1;1;3;590;29/07/2015
2015030137;1;2;2;1;3;590;31/07/2015
2015030138;5;2;2;1;6;590;01/08/2015
2015030139;1;2;2;1;3;590;01/08/2015
2015030140;1;2;1;1;3;590;01/08/2015
2015030141;2;1;1;1;6;590;01/08/2015
2015030142;1;2;3;1;5;590;02/08/2015
2015030143;1;2;1;1;6;590;04/08/2015
2015030144;1;2;2;1;1;590;05/08/2015
2015030145;1;1;1;1;6;590;07/08/2015
2015030146;1;2;1;1;6;590;08/08/2015
2015030147;1;2;1;1;3;590;11/08/2015
2015030148;5;2;3;2;2;590;13/08/2015
2015030149;1;2;1;1;6;590;14/08/2015
2015030150;1;2;1;2;6;590;15/08/2015
2015030151;1;2;1;1;6;590;19/08/2015
2015030152;1;2;2;1;3;590;22/08/2015
2015030153;1;1;1;1;6;590;23/08/2015
2015030154;1;2;3;1;3;590;28/08/2015
2015030155;1;2;1;1;2;590;28/08/2015
2015030156;1;2;2;1;1;590;30/08/2015
2015030157;5;2;1;1;1;590;31/08/2015
2015030158;1;2;3;1;3;590;31/08/2015
2015030159;2;2;1;1;6;590;28/08/2015
2015030160;1;2;2;9;6;590;31/08/2015
2015030161;1;2;1;1;6;590;01/09/2015
2015030162;1;2;2;1;5;590;03/09/2015
2015030163;1;2;1;1;6;590;03/09/2015
2015030164;1;2;1;1;1;590;04/09/2015
2015030165;5;2;2;1;3;590;04/09/2015
2015030166;5;1;6;1;3;590;06/09/2015
2015030167;1;2;1;2;2;590;06/09/2015
2015030168;1;2;1;1;6;590;07/09/2015
2015030169;1;2;1;1;6;590;09/09/2015
2015030170;1;1;2;1;6;590;10/09/2015
2015030171;1;2;6;1;3;590;10/09/2015
2015030172;1;2;6;1;3;590;11/09/2015
2015030173;1;2;2;1;3;590;11/09/2015
2015030174;1;2;1;1;3;590;12/09/2015
2015030175;1;1;1;1;1;590;14/09/2015
2015030176;1;2;2;1;3;590;14/09/2015
2015030177;5;2;2;1;3;590;15/09/2015
2015030178;1;2;1;2;6;590;16/09/2015
2015030179;1;2;2;1;3;590;16/09/2015
2015030180;1;2;1;1;1;590;17/09/2015
2015030181;5;1;1;1;6;590;18/09/2015
2015030182;1;2;2;1;3;590;18/09/2015
2015030183;5;2;1;1;6;590;19/09/2015
2015030184;1;2;1;1;2;590;20/09/2015
2015030185;1;2;3;1;6;590;23/09/2015
2015030186;1;2;1;1;6;590;23/09/2015
2015030187;5;2;2;1;3;590;24/09/2015
2015030188;1;2;2;1;1;590;28/09/2015
2015030189;1;2;1;1;6;590;29/09/2015
2015030190;1;2;1;1;6;590;29/09/2015
2015030191;1;2;1;1;6;590;30/09/2015
2015030192;1;2;1;1;3;590;02/10/2015
2015030193;1;1;3;1;3;590;02/10/2015
2015030194;1;2;1;1;6;590;02/10/2015
2015030195;5;2;2;1;1;590;04/10/2015
2015030196;5;2;3;1;3;590;04/10/2015
2015030197;5;2;1;2;6;590;05/10/2015
2015030198;1;2;1;1;2;590;07/10/2015
2015030199;5;2;1;2;6;590;08/10/2015
2015030200;1;2;7;1;6;590;08/10/2015
2015030201;1;1;1;1;6;590;10/10/2015
2015030202;3;1;1;1;3;590;10/10/2015
2015030203;1;2;3;1;3;590;12/10/2015
2015030204;1;2;2;1;1;590;13/10/2015
2015030205;1;2;1;2;3;590;14/10/2015
2015030206;1;2;1;2;6;590;15/10/2015
2015030207;1;2;3;2;3;590;15/10/2015
2015030208;2;2;2;2;3;590;16/10/2015
2015030209;1;2;1;2;6;590;22/10/2015
2015030210;1;2;1;2;2;590;22/10/2015
2015030211;5;2;1;1;1;590;24/10/2015
2015030212;5;2;2;1;3;590;25/10/2015
2015030213;1;2;9;2;2;590;28/10/2015
2015030214;1;2;1;1;1;590;25/10/2015
2015030215;3;2;2;8;3;590;29/10/2015
2015030216;1;2;1;1;2;590;30/10/2015
2015030217;1;2;3;1;3;590;01/11/2015
2015030218;1;2;1;1;7;590;08/08/2015
2015030219;1;2;6;1;3;590;06/11/2015
2015030220;3;2;1;8;6;590;06/11/2015
2015030221;2;2;2;1;3;590;08/11/2015
2015030222;1;2;3;1;3;590;09/11/2015
2015030223;5;2;3;1;1;590;12/11/2015
2015030224;1;2;1;2;6;590;14/11/2015
2015030225;3;1;1;2;5;590;16/11/2015
2015030226;1;1;1;1;6;590;20/11/2015
2015030227;1;2;1;1;5;590;23/11/2015
2015030228;1;2;1;9;1;590;23/11/2015
2015030229;1;2;1;1;2;590;23/11/2015
2015030230;1;2;1;8;6;590;24/11/2015
2015030231;5;2;1;2;6;590;25/11/2015
2015030232;1;2;1;1;3;590;28/11/2015
2015030233;1;2;3;1;3;590;27/11/2015
2015030234;4;1;1;2;6;590;30/11/2015
2015030235;5;2;1;1;1;590;01/12/2015
2015030236;1;2;1;1;6;590;06/12/2015
2015030237;1;2;1;1;3;590;07/12/2015
2015030238;1;2;1;1;2;590;09/12/2015
2015030239;1;2;1;1;3;590;09/12/2015