num_acc;lum;agg;inter;atm;col;dep;date
2015030820;1;1;6;1;2;620;15/05/2015
2015030821;5;2;1;1;6;620;24/12/2015
2015030822;1;2;1;1;3;620;16/05/2015
2015030823;1;2;4;1;6;620;27/05/2015
2015030824;1;2;6;1;6;620;22/05/2015
2015030825;1;2;1;1;6;620;13/07/2015
2015030826;1;2;5;1;2;620;22/07/2015
2015030827;3;1;6;1;6;620;27/07/2015
2015030828;1;2;3;1;3;620;03/08/2015
2015030829;1;2;3;1;3;620;14/09/2015
2015030830;1;2;2;1;3;620;26/09/2015
2015030831;1;2;1;1;6;620;25/09/2015
2015030832;5;2;9;1;7;620;30/09/2015
2015030833;1;2;3;1;3;620;22/10/2015
2015030834;4;2;6;1;7;620;09/10/2015
2015030835;1;2;3;8;3;620;13/10/2015
2015030836;1;2;4;1;6;620;22/10/2015
2015030837;1;2;1;1;2;620;26/10/2015
2015030838;5;2;3;1;3;620;26/10/2015
2015030839;5;2;1;1;6;620;16/12/2015
2015030840;5;2;1;1;6;620;04/01/2015
2015030841;1;1;1;7;3;620;14/01/2015
2015030842;1;2;1;1;3;620;21/01/2015
2015030843;1;1;6;1;3;620;16/01/2015
2015030844;2;2;1;3;6;620;14/01/2015
2015030845;1;2;3;1;3;620;17/01/2015
2015030846;1;1;1;1;6;620;12/01/2015
2015030847;3;2;1;2;6;620;26/02/2015
2015030848;3;2;1;3;6;620;15/01/2015
2015030849;2;2;1;1;7;620;07/03/2015
2015030850;1;2;1;1;6;620;19/01/2015
2015030851;1;2;2;8;3;620;09/03/2015
2015030852;1;2;3;1;6;620;12/03/2015
2015030853;1;2;1;2;6;620;04/05/2015
2015030854;1;2;1;1;6;620;11/06/2015
2015030855;1;2;1;1;6;620;11/06/2015
2015030856;1;2;1;1;6;620;07/07/2015
2015030857;1;2;2;1;6;620;25/07/2015
2015030858;1;2;8;1;6;620;17/07/2015
2015030859;1;2;1;1;1;620;17/07/2015
2015030860;1;2;1;1;6;620;11/09/2015
2015030861;5;2;2;1;1;620;13/09/2015
2015030862;1;1;1;1;6;620;09/10/2015
2015030863;5;2;6;2;7;620;25/10/2015
2015030864;5;2;6;6;6;620;14/11/2015
2015030865;5;2;2;2;3;620;27/11/2015
2015030866;5;2;1;6;6;620;29/11/2015
2015030867;1;1;1;1;3;620;23/12/2015
2015030868;1;1;1;2;4;620;20/02/2015
2015030869;5;2;1;8;6;620;26/03/2015
2015030870;3;2;4;2;3;620;03/04/2015
2015030871;1;2;1;1;4;620;15/05/2015
2015030872;1;2;3;1;3;620;01/05/2015
2015030873;4;2;3;1;3;620;04/06/2015
2015030874;1;2;1;1;2;620;06/06/2015
2015030875;5;2;1;1;2;620;05/07/2015
2015030876;1;2;1;1;6;620;10/07/2015
2015030877;5;2;1;2;3;620;18/07/2015
2015030878;1;2;1;1;1;620;21/08/2015
2015030879;1;2;6;1;3;620;27/08/2015
2015030880;1;2;2;1;3;620;04/09/2015
2015030881;1;2;3;1;7;620;09/09/2015
2015030882;1;2;2;1;3;620;14/09/2015
2015030883;1;2;2;1;3;620;16/10/2015
2015030884;5;1;1;1;2;620;01/11/2015
2015030885;1;2;1;1;3;620;03/11/2015
2015030886;1;2;1;1;2;620;04/11/2015
2015030887;5;2;3;1;1;620;02/11/2015
2015030888;5;2;3;1;6;620;11/11/2015
2015030889;5;2;3;1;3;620;04/12/2015
2015030890;1;2;1;1;1;620;02/12/2015
2015030891;5;2;1;2;6;620;16/12/2015
2015030892;3;1;1;1;6;620;16/12/2015
2015030893;1;2;1;1;1;620;25/01/2015
2015030894;5;2;1;9;6;620;06/02/2015
2015030895;3;1;1;1;6;620;24/11/2015
2015030896;5;2;2;3;3;620;05/11/2015
2015030897;1;2;3;1;3;620;30/06/2015
2015030898;3;1;1;3;6;620;29/03/2015
2015030899;3;1;9;1;6;620;13/12/2015
2015030900;3;2;1;1;6;620;12/12/2015
2015030901;1;2;1;6;6;620;05/05/2015
2015030902;5;1;1;1;4;620;07/05/2015
2015030903;5;2;2;1;3;620;04/04/2015
2015030904;1;2;1;1;2;620;23/06/2015
2015030905;5;2;1;1;6;620;02/12/2015
2015030906;1;2;2;1;3;620;03/07/2015
2015030907;5;2;1;1;6;620;11/08/2015
2015030908;3;2;1;1;6;620;16/12/2015
2015030909;1;2;2;1;3;620;22/05/2015
2015030910;1;2;2;1;3;620;05/06/2015
2015030911;1;2;3;1;3;620;09/08/2015
2015030912;1;2;7;1;2;620;23/07/2015
2015030913;1;1;1;1;1;620;08/08/2015
2015030914;5;1;1;1;6;620;27/10/2015
2015030915;5;2;1;1;6;620;08/10/2015
2015030916;1;2;1;1;2;620;26/11/2015
2015030917;1;2;1;3;1;620;13/10/2015
2015030918;3;2;2;9;2;620;11/12/2015
2015030919;1;2;2;1;3;620;22/01/2015
2015030920;1;1;1;1;6;620;31/01/2015
2015030921;1;2;1;1;6;620;02/02/2015
2015030922;1;2;1;9;6;620;02/02/2015
2015030923;2;2;2;2;3;620;23/02/2015
2015030924;1;2;2;1;3;620;02/01/2015
2015030925;2;2;1;8;6;620;15/01/2015
2015030926;1;2;2;1;3;620;07/02/2015
2015030927;1;2;1;1;6;620;17/01/2015
2015030928;1;2;2;1;3;620;21/01/2015
2015030929;5;1;2;1;3;620;09/02/2015
2015030930;3;1;1;9;1;620;08/02/2015
2015030931;1;2;6;1;3;620;06/02/2015
2015030932;5;2;1;1;6;620;05/12/2015
2015030933;2;2;1;1;3;620;17/12/2015
2015030934;2;2;1;1;3;620;22/02/2015
2015030935;2;2;1;1;6;620;01/11/2015
2015030936;2;1;9;1;6;620;20/12/2015
2015030937;5;2;1;1;6;620;31/12/2015
2015030938;1;2;1;1;1;620;27/02/2015
2015030939;1;2;1;1;6;620;09/10/2015
2015030940;2;2;1;1;2;620;27/02/2015
2015030941;1;2;1;1;7;620;23/12/2015
2015030942;2;2;2;5;6;620;18/02/2015
2015030943;1;2;1;1;7;620;25/11/2015
2015030944;1;2;1;1;3;620;14/03/2015
2015030945;1;2;1;3;7;620;21/11/2015
2015030946;5;2;1;1;5;620;03/03/2015
2015030947;5;2;1;1;3;620;12/03/2015
2015030948;1;2;2;1;1;620;23/03/2015
2015030949;2;2;1;1;1;620;12/04/2015
2015030950;1;2;9;1;1;620;07/03/2015
2015030951;1;2;1;1;3;620;10/04/2015
2015030952;1;2;1;1;6;620;04/03/2015
2015030953;1;2;1;1;1;620;11/11/2015
2015030954;1;2;3;1;3;620;08/04/2015
2015030955;1;2;1;1;6;620;17/03/2015
2015030956;1;2;1;1;6;620;13/04/2015
2015030957;1;1;1;1;6;620;05/12/2015
2015030958;5;2;1;8;6;620;22/03/2015
2015030959;1;2;6;1;2;620;11/10/2015
2015030960;1;2;2;2;3;620;04/05/2015
2015030961;1;2;1;1;3;620;26/04/2015
2015030962;2;2;1;1;6;620;05/05/2015
2015030963;2;1;9;1;3;620;03/04/2015
2015030964;1;1;3;1;3;620;17/05/2015
2015030965;1;2;1;1;2;620;30/04/2015
2015030966;1;2;1;1;3;620;21/05/2015
2015030967;1;2;1;1;2;620;02/05/2015
2015030968;1;1;9;1;3;620;25/04/2015
2015030969;1;2;9;1;3;620;24/04/2015
2015030970;1;2;1;1;2;620;05/06/2015
2015030971;1;2;1;1;6;620;12/03/2015
2015030972;1;2;1;1;6;620;13/05/2015
2015030973;1;2;1;1;6;620;11/06/2015
2015030974;1;2;1;1;3;620;12/06/2015
2015030975;1;2;1;1;7;620;30/05/2015
2015030976;1;1;1;1;4;620;07/06/2015
2015030977;1;2;1;1;7;620;13/06/2015
2015030978;1;2;2;1;3;620;29/05/2015
2015030979;1;2;1;1;6;620;16/06/2015
2015030980;1;2;3;1;5;620;13/06/2015
2015030981;1;2;2;1;1;620;29/06/2015
2015030982;1;1;1;1;5;620;27/06/2015
2015030983;1;2;4;1;6;620;16/06/2015
2015030984;1;2;6;1;1;620;09/04/2015
2015030985;1;2;1;1;1;620;22/06/2015
2015030986;5;2;1;1;3;620;28/06/2015
2015030987;1;2;2;1;3;620;16/07/2015
2015030988;1;2;6;1;3;620;18/07/2015
2015030989;1;2;1;1;2;620;09/07/2015
2015030990;1;2;1;1;7;620;11/07/2015
2015030991;1;2;1;1;6;620;23/07/2015
2015030992;1;2;4;1;1;620;13/06/2015
2015030993;1;2;1;1;3;620;26/06/2015
2015030994;1;2;1;1;6;620;21/06/2015
2015030995;1;2;2;1;3;620;20/05/2015
2015030996;1;2;3;1;6;620;16/07/2015
2015030997;2;1;1;1;1;620;01/08/2015
2015030998;1;2;1;1;7;620;04/08/2015
2015030999;3;1;1;1;6;620;14/07/2015
2015031000;1;2;1;1;7;620;23/06/2015
2015031001;1;1;1;2;6;620;18/08/2015
2015031002;1;1;1;1;3;620;09/08/2015
2015031003;1;2;1;1;6;620;09/08/2015
2015031004;1;2;2;1;3;620;15/08/2015
2015031005;1;2;1;1;7;620;01/08/2015
2015031006;1;2;3;1;3;620;25/08/2015
2015031007;1;2;1;3;7;620;27/08/2015
2015031008;1;2;9;1;6;620;30/06/2015
2015031009;5;2;1;1;6;620;04/07/2015
2015031010;1;2;9;1;6;620;15/07/2015
2015031011;1;1;9;1;4;620;05/09/2015
2015031012;1;2;1;1;7;620;03/08/2015
2015031013;5;2;1;1;6;620;23/08/2015
2015031014;1;2;1;1;6;620;30/06/2015
2015031015;1;1;1;1;6;620;18/08/2015
2015031016;1;2;1;1;3;620;23/07/2015
2015031017;1;2;1;1;2;620;16/05/2015
2015031018;1;2;1;2;3;620;22/09/2015
2015031019;2;2;1;1;3;620;02/10/2015
2015031020;1;2;1;1;6;620;18/07/2015
2015031021;5;2;4;1;1;620;07/10/2015
2015031022;1;1;9;1;3;620;19/10/2015
2015031023;1;2;1;1;6;620;26/09/2015
2015031024;1;2;1;1;2;620;20/08/2015
2015031025;3;1;1;2;4;620;05/10/2015
2015031026;1;2;1;1;6;620;11/09/2015
2015031027;1;2;1;1;2;620;09/09/2015
2015031028;1;1;1;2;2;620;13/09/2015
2015031029;1;2;2;1;6;620;02/10/2015
2015031030;1;2;1;1;6;620;29/09/2015
2015031031;2;2;2;1;1;620;29/10/2015
2015031032;2;2;1;1;6;620;02/10/2015
2015031033;1;2;2;1;3;620;22/10/2015
2015031034;5;2;2;1;3;620;17/11/2015
2015031035;2;2;1;1;6;620;03/10/2015
2015031036;1;2;1;1;1;620;27/09/2015
2015031037;1;2;2;1;3;620;01/12/2015
2015031038;1;2;2;1;3;620;04/12/2015
2015031039;1;2;1;1;7;620;26/10/2015
2015031040;1;2;9;1;6;620;08/10/2015
2015031041;2;2;1;3;6;620;16/11/2015
2015031042;1;2;1;1;6;620;03/12/2015
2015031043;2;2;1;1;6;620;07/11/2015
2015031044;1;2;2;2;3;620;12/12/2015
2015031045;5;2;1;1;3;620;02/10/2015
2015031046;2;2;1;2;7;620;17/01/2015
2015031047;2;1;1;2;3;620;29/01/2015
2015031048;1;2;1;1;7;620;11/01/2015
2015031049;2;1;1;1;2;620;28/01/2015
2015031050;2;2;1;1;7;620;09/02/2015
2015031051;2;2;1;1;6;620;03/02/2015
2015031052;3;1;1;1;7;620;11/02/2015
2015031053;1;2;1;1;3;620;29/01/2015
2015031054;1;2;1;1;6;620;06/04/2015
2015031055;1;1;1;1;1;620;01/05/2015
2015031056;1;2;1;1;6;620;06/06/2015
2015031057;1;1;1;5;2;620;10/09/2015
2015031058;3;1;1;1;5;620;04/12/2015
2015031059;1;1;1;1;1;620;09/12/2015
2015031060;2;2;1;3;6;620;15/01/2015
2015031061;5;2;1;1;6;620;06/02/2015
2015031062;1;2;1;1;6;620;09/03/2015
2015031063;3;1;1;1;6;620;24/05/2015
2015031064;1;2;3;1;3;620;20/05/2015
2015031065;2;1;1;1;7;620;28/06/2015
2015031066;1;2;1;1;6;620;07/08/2015
2015031067;1;1;1;1;3;620;11/09/2015
2015031068;1;2;1;2;2;620;18/08/2015
2015031069;2;1;1;1;6;620;07/12/2015
2015031070;5;2;1;1;6;620;09/12/2015
2015031071;3;1;6;1;3;620;11/11/2015
2015031072;5;2;1;1;6;620;04/11/2015
2015031073;1;1;1;1;1;620;17/12/2015
2015031074;1;2;1;1;6;620;10/06/2015
2015031075;1;1;6;1;6;620;27/08/2015
2015031076;1;2;9;1;6;620;02/09/2015
2015031077;2;1;1;1;6;620;17/11/2015
2015031078;3;1;1;1;4;620;01/12/2015
2015031079;2;2;7;1;6;620;07/12/2015
2015031080;5;2;1;2;6;620;11/12/2015
2015031081;1;2;6;1;6;620;06/01/2015
2015031082;2;2;1;1;6;620;12/01/2015
2015031083;1;2;1;1;1;620;08/02/2015
2015031084;1;1;2;1;3;620;10/04/2015
2015031085;1;2;1;1;3;620;18/05/2015
2015031086;1;2;1;1;6;620;27/02/2015
2015031087;1;2;3;1;7;620;03/05/2015
2015031088;1;2;2;1;3;620;11/06/2015
2015031089;1;2;1;1;3;620;09/06/2015
2015031090;3;2;1;2;6;620;18/06/2015
2015031091;1;2;1;1;2;620;26/06/2015
2015031092;3;1;1;2;6;620;14/07/2015
2015031093;1;2;1;1;6;620;14/08/2015
2015031094;1;2;2;1;3;620;12/09/2015
2015031095;1;2;1;1;7;620;12/09/2015
2015031096;1;2;6;1;3;620;11/11/2015
2015031097;5;2;1;9;6;620;17/01/2015
2015031098;1;2;3;1;3;630;16/03/2015
2015031099;1;2;1;1;6;630;29/03/2015
2015031100;5;2;1;1;7;630;02/04/2015
2015031101;1;2;1;1;7;630;18/03/2015
2015031102;1;2;2;1;6;630;07/04/2015
2015031103;5;2;1;1;6;630;11/04/2015
2015031104;1;2;1;1;6;630;29/04/2015
2015031105;1;1;1;1;2;630;12/05/2015
2015031106;1;2;1;1;6;630;17/05/2015
2015031107;1;2;2;1;5;630;10/05/2015
2015031108;1;2;1;1;6;630;06/03/2015
2015031109;5;2;2;1;3;630;06/06/2015
2015031110;1;2;1;2;3;630;08/05/2015
2015031111;1;2;2;1;3;630;27/05/2015
2015031112;1;2;2;1;3;630;08/06/2015
2015031113;1;2;9;1;3;630;29/05/2015
2015031114;1;2;1;1;6;630;03/06/2015
2015031115;1;1;1;1;3;630;23/06/2015
2015031116;2;2;2;1;3;630;06/07/2015
2015031117;5;2;1;1;1;630;23/05/2015
2015031118;5;2;2;8;3;630;08/08/2015
2015031119;1;2;1;1;6;630;09/07/2015
2015031120;1;2;1;1;3;630;05/08/2015
2015031121;5;2;3;1;3;630;03/09/2015
2015031122;1;1;2;1;3;630;09/09/2015
2015031123;1;2;2;1;6;630;25/09/2015
2015031124;1;2;1;1;6;630;27/07/2015
2015031125;1;2;1;1;3;630;16/08/2015
2015031126;5;2;2;1;3;630;19/09/2015
2015031127;1;2;2;1;6;630;14/10/2015
2015031128;1;2;3;1;6;630;01/10/2015
2015031129;5;2;2;1;6;630;10/10/2015
2015031130;5;2;1;1;1;630;03/11/2015
2015031131;5;2;1;1;1;630;18/10/2015
2015031132;1;2;3;1;1;630;18/11/2015
2015031133;1;1;1;8;3;630;28/10/2015
2015031134;1;2;1;1;3;630;11/09/2015
2015031135;5;2;1;1;6;630;07/11/2015
2015031136;1;2;6;1;2;630;06/11/2015
2015031137;1;2;2;1;6;630;14/09/2015
2015031138;1;2;3;1;6;630;04/12/2015
2015031139;1;2;1;1;6;630;14/09/2015
2015031140;1;1;2;1;3;630;20/11/2015
2015031141;5;2;3;1;3;630;20/11/2015
2015031142;1;2;1;1;2;630;16/09/2015
2015031143;1;2;2;1;3;630;16/12/2015
2015031144;2;2;1;1;6;630;07/01/2015
2015031145;5;2;1;8;6;630;14/01/2015
2015031146;5;2;1;8;1;630;17/01/2015
2015031147;1;2;1;1;6;630;16/01/2015
2015031148;1;2;1;1;7;630;23/01/2015
2015031149;5;2;1;1;6;630;23/01/2015
2015031150;1;2;4;1;6;630;09/02/2015
2015031151;1;2;2;1;6;630;12/02/2015
2015031152;1;2;1;1;6;630;22/02/2015
2015031153;1;2;1;1;6;630;05/02/2015
2015031154;1;2;3;1;6;630;04/03/2015
2015031155;5;2;1;1;6;630;10/03/2015
2015031156;1;1;1;1;3;630;12/03/2015
2015031157;1;1;1;1;2;630;03/12/2015
2015031158;1;2;1;8;3;630;14/06/2015
2015031159;1;2;1;7;6;630;22/12/2015
2015031160;1;2;4;1;3;630;03/07/2015
2015031161;1;2;1;1;6;630;01/07/2015
2015031162;1;1;1;1;6;630;04/08/2015
2015031163;5;2;2;1;3;630;05/11/2015
2015031164;2;2;1;1;2;630;27/11/2015
2015031165;1;2;1;8;6;630;01/02/2015
2015031166;1;2;1;1;3;630;19/02/2015
2015031167;1;2;3;1;6;630;17/04/2015
2015031168;1;2;1;1;6;630;16/05/2015
2015031169;1;2;1;1;3;630;26/05/2015
2015031170;1;2;1;1;6;630;02/09/2015
2015031171;1;2;9;1;3;630;04/10/2015
2015031172;1;2;1;1;2;630;11/11/2015
2015031173;1;2;9;1;6;630;14/11/2015
2015031174;1;2;3;1;3;630;17/11/2015
2015031175;1;2;3;1;3;630;19/11/2015
2015031176;2;2;1;1;6;630;11/12/2015
2015031177;4;2;1;1;6;630;14/01/2015
2015031178;1;2;3;1;3;630;27/03/2015
2015031179;1;1;1;1;1;630;23/04/2015
2015031180;5;1;6;1;6;630;14/05/2015
2015031181;2;1;1;1;1;630;22/05/2015
2015031182;1;2;2;1;3;630;13/06/2015
2015031183;1;2;2;1;1;630;16/07/2015
2015031184;1;2;2;1;3;630;09/08/2015
2015031185;1;1;2;7;3;630;29/08/2015
2015031186;1;2;2;3;6;630;02/10/2015
2015031187;1;1;2;1;3;630;07/10/2015
2015031188;3;2;1;1;6;630;11/10/2015
2015031189;1;1;1;1;3;630;21/10/2015
2015031190;1;1;2;1;3;630;02/11/2015
2015031191;3;1;1;1;1;630;11/11/2015
2015031192;5;2;3;1;3;630;04/12/2015
2015031193;2;2;2;1;3;630;09/12/2015
2015031194;5;2;2;1;3;630;17/12/2015
2015031195;1;2;9;1;6;630;19/01/2015
2015031196;5;2;1;1;6;630;04/03/2015
2015031197;1;2;1;1;6;630;03/04/2015
2015031198;1;2;1;1;7;640;01/01/2015
2015031199;1;2;3;1;3;640;16/03/2015
2015031200;5;2;3;8;3;640;07/01/2015
2015031201;1;2;1;1;2;640;23/03/2015
2015031202;1;2;6;1;3;640;08/01/2015
2015031203;1;2;3;1;1;640;25/03/2015
2015031204;5;2;1;1;2;640;12/01/2015
2015031205;5;2;3;1;7;640;28/03/2015
2015031206;1;2;1;1;3;640;14/01/2015
2015031207;2;2;1;1;3;640;02/04/2015
2015031208;5;2;1;1;3;640;14/01/2015
2015031209;5;2;1;1;6;640;02/04/2015
2015031210;1;2;1;2;3;640;17/01/2015
2015031211;1;2;2;1;3;640;08/04/2015
2015031212;1;2;1;8;6;640;19/01/2015
2015031213;5;2;1;1;7;640;10/04/2015
2015031214;5;2;2;1;3;640;04/02/2015
2015031215;1;2;3;1;3;640;14/04/2015
2015031216;5;2;1;1;7;640;07/02/2015
2015031217;1;2;1;1;6;640;15/04/2015
2015031218;1;2;1;1;6;640;12/02/2015
2015031219;1;2;3;1;3;640;15/04/2015
2015031220;5;2;3;8;3;640;13/02/2015
2015031221;1;2;3;1;3;640;20/04/2015
2015031222;1;2;2;1;6;640;21/04/2015
2015031223;1;2;1;8;1;640;16/02/2015
2015031224;1;2;1;1;6;640;25/04/2015
2015031225;2;2;3;3;6;640;23/02/2015
2015031226;2;2;6;1;3;640;27/02/2015
2015031227;1;2;1;1;3;640;02/05/2015
2015031228;1;2;3;1;2;640;04/03/2015
2015031229;5;2;1;1;7;640;04/05/2015
2015031230;1;1;1;1;6;640;06/03/2015
2015031231;1;2;1;1;1;640;07/05/2015
2015031232;1;2;1;1;2;640;07/03/2015
2015031233;1;2;1;1;5;640;07/05/2015
2015031234;1;2;1;8;7;640;11/03/2015
2015031235;1;2;1;1;7;640;10/05/2015
2015031236;1;2;1;1;6;640;15/03/2015
2015031237;1;2;3;1;3;640;13/05/2015
2015031238;1;2;1;1;5;640;14/05/2015
2015031239;1;2;1;1;3;640;17/05/2015
2015031240;1;1;1;1;6;640;16/05/2015
2015031241;5;2;3;1;3;640;17/05/2015
2015031242;1;2;1;1;3;640;20/05/2015
2015031243;5;2;1;1;7;640;04/06/2015
2015031244;1;2;1;3;6;640;11/06/2015
2015031245;1;2;1;1;3;640;12/06/2015
2015031246;1;2;1;1;5;640;12/06/2015
2015031247;1;2;1;1;1;640;15/06/2015
2015031248;1;2;1;1;6;640;18/06/2015
2015031249;1;2;1;1;2;640;24/06/2015
2015031250;1;2;1;1;7;640;25/06/2015
2015031251;1;2;1;1;3;640;25/06/2015
2015031252;1;2;1;1;7;640;14/07/2015
2015031253;1;2;1;1;7;640;14/07/2015
2015031254;1;2;1;1;3;640;16/07/2015
2015031255;1;2;1;1;4;640;23/07/2015
2015031256;1;2;1;1;2;640;24/07/2015
2015031257;1;2;6;1;3;640;24/07/2015
2015031258;5;2;1;1;3;640;25/07/2015
2015031259;1;2;6;8;7;640;25/07/2015
2015031260;1;2;3;2;3;640;04/08/2015
2015031261;1;2;1;1;7;640;05/08/2015
2015031262;1;2;1;1;3;640;10/08/2015
2015031263;1;2;1;1;7;640;11/08/2015
2015031264;1;1;5;1;3;640;18/08/2015
2015031265;1;1;1;1;2;640;18/08/2015
2015031266;1;2;6;1;5;640;20/08/2015
2015031267;1;2;6;1;3;640;21/08/2015
2015031268;1;2;1;3;7;640;31/08/2015
2015031269;1;2;1;8;6;640;01/09/2015
2015031270;1;2;1;1;3;640;07/09/2015
2015031271;1;2;1;1;3;640;07/09/2015
2015031272;1;2;2;1;7;640;10/09/2015
2015031273;5;2;1;1;3;640;11/09/2015
2015031274;1;2;1;1;6;640;17/09/2015
2015031275;1;2;6;1;3;640;26/09/2015
2015031276;1;2;6;1;6;640;02/10/2015
2015031277;1;2;1;1;2;640;03/10/2015
2015031278;1;2;6;1;6;640;03/10/2015
2015031279;1;2;1;1;6;640;10/10/2015
2015031280;1;2;6;1;3;640;15/10/2015
2015031281;1;2;1;8;6;640;16/10/2015
2015031282;1;2;6;1;3;640;21/10/2015
2015031283;1;2;1;1;3;640;23/10/2015
2015031284;5;2;3;1;5;640;30/10/2015
2015031285;1;2;6;1;3;640;02/11/2015
2015031286;1;1;1;1;3;640;09/11/2015
2015031287;1;2;1;1;6;640;12/11/2015
2015031288;2;2;1;1;3;640;13/11/2015
2015031289;1;1;1;1;7;640;14/11/2015
2015031290;1;2;3;1;3;640;01/12/2015
2015031291;5;2;3;1;3;640;06/12/2015
2015031292;5;2;6;1;7;640;09/12/2015
2015031293;2;2;3;2;3;640;09/12/2015
2015031294;1;2;1;1;7;640;13/12/2015
2015031295;5;2;2;1;3;640;13/12/2015
2015031296;1;2;1;1;3;640;16/12/2015
2015031297;1;2;1;8;6;640;18/12/2015
2015031298;1;2;6;1;3;640;21/12/2015
2015031299;5;2;1;1;6;640;23/12/2015
2015031300;1;2;1;1;6;640;13/01/2015
2015031301;5;2;1;1;6;640;26/03/2015
2015031302;1;2;1;2;6;640;21/01/2015
2015031303;1;2;1;1;7;640;07/04/2015
2015031304;1;2;1;1;3;640;26/01/2015
2015031305;1;2;1;1;6;640;11/05/2015
2015031306;1;2;1;1;3;640;05/02/2015
2015031307;1;2;1;8;6;640;25/05/2015
2015031308;1;2;1;1;3;640;09/02/2015
2015031309;1;2;1;1;2;640;28/05/2015
2015031310;1;2;1;1;3;640;22/02/2015
2015031311;1;2;1;3;3;640;15/06/2015
2015031312;1;2;1;1;7;640;09/03/2015
2015031313;1;2;1;7;1;640;21/06/2015
2015031314;1;2;1;1;2;640;30/06/2015
2015031315;1;2;1;1;6;640;14/07/2015
2015031316;1;2;1;1;2;640;17/07/2015
2015031317;5;2;1;1;6;640;19/07/2015
2015031318;5;2;1;1;6;640;03/08/2015
2015031319;1;2;1;1;3;640;05/08/2015
2015031320;5;2;1;1;6;640;05/08/2015
2015031321;1;2;1;1;6;640;10/08/2015
2015031322;1;2;1;1;6;640;13/08/2015
2015031323;5;2;1;8;6;640;15/08/2015
2015031324;1;2;1;1;1;640;22/08/2015
2015031325;5;2;1;1;3;640;11/09/2015
2015031326;5;2;1;1;6;640;13/09/2015
2015031327;1;2;1;2;7;640;15/09/2015
2015031328;1;2;1;1;3;640;18/09/2015
2015031329;1;2;1;2;7;640;03/11/2015
2015031330;1;2;1;1;6;640;04/11/2015
2015031331;5;2;1;1;6;640;04/11/2015
2015031332;1;2;1;1;6;640;06/11/2015
2015031333;1;2;1;1;3;640;18/11/2015
2015031334;1;2;1;1;3;640;18/11/2015
2015031335;1;2;1;2;3;640;24/11/2015
2015031336;1;2;1;1;4;640;05/12/2015
2015031337;5;2;1;1;6;640;18/12/2015
2015031338;5;2;1;1;6;640;20/12/2015
2015031339;1;2;1;1;6;640;23/12/2015
2015031340;5;2;1;1;6;640;26/12/2015
2015031341;5;2;6;1;7;640;30/12/2015
2015031342;5;2;3;1;3;640;02/01/2015
2015031343;1;2;1;1;2;640;14/03/2015
2015031344;1;2;1;1;6;640;03/01/2015
2015031345;1;2;2;1;3;640;16/03/2015
2015031346;5;2;1;1;3;640;07/01/2015
2015031347;1;2;1;1;3;640;16/03/2015
2015031348;2;2;2;1;6;640;12/01/2015
2015031349;1;2;7;1;6;640;17/03/2015
2015031350;5;2;1;1;3;640;12/01/2015
2015031351;2;2;2;1;3;640;18/03/2015
2015031352;1;1;1;1;7;640;13/01/2015
2015031353;1;2;1;1;6;640;18/03/2015
2015031354;1;2;1;1;1;640;14/01/2015
2015031355;2;2;1;1;6;640;19/03/2015
2015031356;1;2;2;1;6;640;14/01/2015
2015031357;1;2;2;2;3;640;22/03/2015
2015031358;1;2;2;1;3;640;14/01/2015
2015031359;1;2;6;1;2;640;23/03/2015
2015031360;5;2;2;1;3;640;15/01/2015
2015031361;1;2;1;2;2;640;22/03/2015
2015031362;1;2;2;1;3;640;16/01/2015
2015031363;1;2;3;1;3;640;25/03/2015
2015031364;5;2;1;2;1;640;17/01/2015
2015031365;1;2;1;1;6;640;26/03/2015
2015031366;1;2;6;2;6;640;19/01/2015
2015031367;1;2;1;2;6;640;28/03/2015
2015031368;1;2;1;2;6;640;19/01/2015
2015031369;1;2;1;2;1;640;30/03/2015
2015031370;1;2;6;1;3;640;29/12/2015
2015031371;1;2;2;2;3;640;21/01/2015
2015031372;1;2;1;1;6;640;31/03/2015
2015031373;1;2;2;1;3;640;22/01/2015
2015031374;1;2;2;1;1;640;31/03/2015
2015031375;1;2;1;1;6;640;23/01/2015
2015031376;1;2;2;1;2;640;31/03/2015
2015031377;5;2;2;1;3;640;24/01/2015
2015031378;1;2;1;1;3;640;01/04/2015
2015031379;1;2;1;1;2;640;27/01/2015
2015031380;1;2;1;1;2;640;02/04/2015
2015031381;1;2;2;3;6;640;30/01/2015
2015031382;1;2;2;1;3;640;03/04/2015
2015031383;4;2;1;3;6;640;30/01/2015
2015031384;1;2;1;1;2;640;05/04/2015
2015031385;4;2;1;3;6;640;30/01/2015
2015031386;1;2;1;1;6;640;08/04/2015
2015031387;1;2;2;1;3;640;02/02/2015
2015031388;1;2;1;1;3;640;09/04/2015
2015031389;1;2;1;4;2;640;04/02/2015
2015031390;1;2;1;1;1;640;09/04/2015
2015031391;2;2;1;1;6;640;05/02/2015
2015031392;1;2;1;1;2;640;10/04/2015
2015031393;1;2;1;1;6;640;05/02/2015
2015031394;1;2;1;1;3;640;11/04/2015
2015031395;1;2;1;1;6;640;10/02/2015
2015031396;1;2;1;1;4;640;11/04/2015
2015031397;1;2;1;1;2;640;11/02/2015
2015031398;1;2;2;1;6;640;13/04/2015
2015031399;1;2;2;1;6;640;11/02/2015