num_acc;lum;agg;inter;atm;col;dep;date
2015033140;1;2;2;1;3;730;23/10/2015
2015033141;1;2;3;1;3;730;20/10/2015
2015033142;1;2;6;1;3;730;30/11/2015
2015033143;5;2;4;1;3;730;13/11/2015
2015033144;1;2;1;7;6;730;12/02/2015
2015033145;2;1;1;1;1;730;23/01/2015
2015033146;1;2;1;1;6;730;15/02/2015
2015033147;5;1;1;3;6;730;17/04/2015
2015033148;1;2;3;1;7;730;01/06/2015
2015033149;1;2;6;8;3;730;22/02/2015
2015033150;1;2;1;1;2;730;07/07/2015
2015033151;1;2;6;1;1;730;25/08/2015
2015033152;1;2;3;1;3;730;21/05/2015
2015033153;3;2;1;3;3;730;22/07/2015
2015033154;5;2;1;2;1;730;13/06/2015
2015033155;1;2;1;1;1;730;04/10/2015
2015033156;5;2;1;2;6;730;29/01/2015
2015033157;2;2;1;1;6;730;02/02/2015
2015033158;1;2;3;1;3;740;12/04/2015
2015033159;1;2;3;1;6;740;28/05/2015
2015033160;1;2;6;1;3;740;17/05/2015
2015033161;1;2;3;1;3;740;25/05/2015
2015033162;1;2;1;1;2;740;03/06/2015
2015033163;1;2;1;1;6;740;03/06/2015
2015033164;1;1;1;1;3;740;28/06/2015
2015033165;1;2;3;1;6;740;15/07/2015
2015033166;1;2;1;1;6;740;11/06/2015
2015033167;1;2;3;1;6;740;09/06/2015
2015033168;1;2;2;1;3;740;27/08/2015
2015033169;1;2;1;1;3;740;30/10/2015
2015033170;5;2;6;1;6;740;27/10/2015
2015033171;2;2;6;1;3;740;26/10/2015
2015033172;1;2;6;1;3;740;10/11/2015
2015033173;1;2;1;1;3;740;12/11/2015
2015033174;1;2;1;1;6;740;05/11/2015
2015033175;5;2;2;1;6;740;25/11/2015
2015033176;1;2;1;1;6;740;15/12/2015
2015033177;5;2;1;1;6;740;09/11/2015
2015033178;5;2;1;1;6;740;24/12/2015
2015033179;1;2;1;1;6;740;07/01/2015
2015033180;5;2;1;4;6;740;20/01/2015
2015033181;5;2;2;1;6;740;19/02/2015
2015033182;5;2;1;2;6;740;27/03/2015
2015033183;1;2;6;1;3;740;09/11/2015
2015033184;5;1;9;1;1;740;08/12/2015
2015033185;5;2;1;1;6;740;25/12/2015
2015033186;1;2;2;1;3;740;03/06/2015
2015033187;1;2;4;1;6;740;30/05/2015
2015033188;1;2;1;1;1;740;17/06/2015
2015033189;1;2;1;1;6;740;12/07/2015
2015033190;1;2;1;1;6;740;09/07/2015
2015033191;1;2;7;1;6;740;10/07/2015
2015033192;1;1;1;1;5;740;30/06/2015
2015033193;1;2;3;1;6;740;03/07/2015
2015033194;2;2;6;1;6;740;14/09/2015
2015033195;5;2;3;1;6;740;08/09/2015
2015033196;1;2;1;1;3;740;23/08/2015
2015033197;1;2;3;1;3;740;02/09/2015
2015033198;2;2;1;2;3;740;05/10/2015
2015033199;2;2;1;1;6;740;09/10/2015
2015033200;1;2;3;1;3;740;10/10/2015
2015033201;1;2;1;1;3;740;13/10/2015
2015033202;5;2;1;1;3;740;06/10/2015
2015033203;1;2;1;1;3;740;21/10/2015
2015033204;1;2;3;1;3;740;13/11/2015
2015033205;5;2;6;1;3;740;24/11/2015
2015033206;1;2;3;1;1;740;06/01/2015
2015033207;5;2;1;8;7;740;02/02/2015
2015033208;1;2;1;1;6;740;29/01/2015
2015033209;5;2;6;1;3;740;12/02/2015
2015033210;5;2;3;1;3;740;09/03/2015
2015033211;5;2;6;1;3;740;14/03/2015
2015033212;1;2;1;1;6;740;18/03/2015
2015033213;3;2;1;1;6;740;02/04/2015
2015033214;5;2;2;1;1;740;30/04/2015
2015033215;3;2;1;8;7;740;27/12/2015
2015033216;5;2;1;1;3;740;17/03/2015
2015033217;5;1;2;2;1;740;31/03/2015
2015033218;1;2;1;1;6;740;10/04/2015
2015033219;1;1;1;1;1;740;16/04/2015
2015033220;1;2;1;3;6;740;01/05/2015
2015033221;1;2;1;1;3;740;30/04/2015
2015033222;5;2;1;1;6;740;16/05/2015
2015033223;1;2;1;1;5;740;18/05/2015
2015033224;1;2;1;1;1;740;27/05/2015
2015033225;1;2;1;1;3;740;28/05/2015
2015033226;5;1;1;1;1;740;28/05/2015
2015033227;1;2;2;1;3;740;19/06/2015
2015033228;1;2;3;1;3;740;15/06/2015
2015033229;1;2;1;7;6;740;25/06/2015
2015033230;2;2;3;1;1;740;25/06/2015
2015033231;3;2;4;1;1;740;26/06/2015
2015033232;2;2;1;9;6;740;06/07/2015
2015033233;1;2;6;1;3;740;11/07/2015
2015033234;1;2;6;1;3;740;12/07/2015
2015033235;1;2;1;1;1;740;25/07/2015
2015033236;5;2;1;1;2;740;07/08/2015
2015033237;1;1;1;1;5;740;06/08/2015
2015033238;1;2;1;1;6;740;01/10/2015
2015033239;5;2;3;1;5;740;02/10/2015
2015033240;5;2;1;3;6;740;05/10/2015
2015033241;1;2;1;1;1;740;12/10/2015
2015033242;1;1;1;1;5;740;13/10/2015
2015033243;5;2;3;1;3;740;26/10/2015
2015033244;1;1;3;1;7;740;21/10/2015
2015033245;1;2;1;1;3;740;02/11/2015
2015033246;1;2;1;1;3;740;09/11/2015
2015033247;1;2;2;1;6;740;02/12/2015
2015033248;5;2;8;1;3;740;22/10/2015
2015033249;1;1;1;1;7;740;23/11/2015
2015033250;1;2;1;1;6;740;08/01/2015
2015033251;5;2;1;2;6;740;01/03/2015
2015033252;1;2;1;1;3;740;26/02/2015
2015033253;5;1;1;1;3;740;05/03/2015
2015033254;1;2;3;1;2;740;14/03/2015
2015033255;5;2;1;1;3;760;02/03/2015
2015033256;3;1;1;1;5;760;13/03/2015
2015033257;1;1;1;1;3;760;27/03/2015
2015033258;1;1;3;1;3;760;07/08/2015
2015033259;1;1;1;1;6;760;09/08/2015
2015033260;1;1;1;1;1;760;27/09/2015
2015033261;1;1;1;1;5;760;23/10/2015
2015033262;5;2;2;2;3;760;19/11/2015
2015033263;1;2;2;1;3;760;14/12/2015
2015033264;1;1;6;1;2;760;06/01/2015
2015033265;5;1;1;1;6;760;11/03/2015
2015033266;1;1;3;1;4;760;23/01/2015
2015033267;1;2;2;1;2;760;17/03/2015
2015033268;3;2;4;2;6;760;29/01/2015
2015033269;1;2;1;2;1;760;19/03/2015
2015033270;5;2;1;8;2;760;08/02/2015
2015033271;1;2;1;1;4;760;21/03/2015
2015033272;1;2;4;1;6;760;14/02/2015
2015033273;1;2;2;2;6;760;24/03/2015
2015033274;5;2;6;1;6;760;28/03/2015
2015033275;1;2;2;1;3;760;10/04/2015
2015033276;1;2;3;1;6;760;13/04/2015
2015033277;1;2;1;1;6;760;02/05/2015
2015033278;3;1;1;1;7;760;03/05/2015
2015033279;1;2;2;1;2;760;04/05/2015
2015033280;1;2;1;1;3;760;12/05/2015
2015033281;1;2;1;1;2;760;12/05/2015
2015033282;1;2;1;1;6;760;10/06/2015
2015033283;1;1;6;1;2;760;12/06/2015
2015033284;1;2;6;1;3;760;16/06/2015
2015033285;1;2;4;2;2;760;22/06/2015
2015033286;1;2;1;1;6;760;26/06/2015
2015033287;1;1;1;1;6;760;26/06/2015
2015033288;5;2;2;1;6;760;08/07/2015
2015033289;4;2;1;1;6;760;09/07/2015
2015033290;5;1;1;1;7;760;11/07/2015
2015033291;1;2;3;1;1;760;29/06/2015
2015033292;1;1;3;1;2;760;31/07/2015
2015033293;1;1;6;8;7;760;20/08/2015
2015033294;1;1;3;1;2;760;20/08/2015
2015033295;1;2;1;1;2;760;22/08/2015
2015033296;1;2;1;2;7;760;23/08/2015
2015033297;1;1;6;1;2;760;26/08/2015
2015033298;1;2;1;1;2;760;01/09/2015
2015033299;1;2;1;1;3;760;15/09/2015
2015033300;1;1;1;1;7;760;02/09/2015
2015033301;1;2;2;1;6;760;07/09/2015
2015033302;1;2;1;1;6;760;15/09/2015
2015033303;5;2;1;1;7;760;24/09/2015
2015033304;1;1;1;1;6;760;23/09/2015
2015033305;2;1;1;1;6;760;28/09/2015
2015033306;3;2;1;1;6;760;28/09/2015
2015033307;1;2;1;1;6;760;05/10/2015
2015033308;1;1;1;1;7;760;12/10/2015
2015033309;1;2;2;1;6;760;27/10/2015
2015033310;1;1;6;1;2;760;03/11/2015
2015033311;4;2;1;1;6;760;13/11/2015
2015033312;4;2;1;2;6;760;18/11/2015
2015033313;1;2;1;1;6;760;18/11/2015
2015033314;2;1;1;1;1;760;23/11/2015
2015033315;2;2;3;1;3;760;10/12/2015
2015033316;1;2;1;1;1;760;30/11/2015
2015033317;5;2;7;1;2;760;08/12/2015
2015033318;2;2;1;1;6;760;09/12/2015
2015033319;2;1;1;2;3;760;11/12/2015
2015033320;5;2;1;1;6;760;19/12/2015
2015033321;5;2;1;1;6;760;19/12/2015
2015033322;1;1;3;1;2;760;19/12/2015
2015033323;3;1;3;2;2;760;21/12/2015
2015033324;1;2;1;1;6;760;23/12/2015
2015033325;5;2;6;1;3;760;28/12/2015
2015033326;3;1;1;1;2;760;29/01/2015
2015033327;1;2;7;1;6;760;21/03/2015
2015033328;1;2;1;1;6;760;31/03/2015
2015033329;1;2;3;1;6;760;27/03/2015
2015033330;5;2;1;1;6;760;02/05/2015
2015033331;1;2;1;1;6;760;15/05/2015
2015033332;1;2;2;1;6;760;21/05/2015
2015033333;1;2;1;1;6;760;26/05/2015
2015033334;1;2;6;2;3;760;02/07/2015
2015033335;1;2;1;1;6;760;23/08/2015
2015033336;1;1;1;1;1;760;17/09/2015
2015033337;1;1;1;1;1;760;18/12/2015
2015033338;1;1;1;2;1;760;26/01/2015
2015033339;1;2;3;2;6;760;16/02/2015
2015033340;5;1;1;1;1;760;18/02/2015
2015033341;5;2;1;1;5;760;31/12/2015
2015033342;1;2;3;1;7;760;16/02/2015
2015033343;1;2;2;1;6;760;02/01/2015
2015033344;1;1;1;1;4;760;18/02/2015
2015033345;1;2;2;3;2;760;20/02/2015
2015033346;1;1;1;2;5;760;20/02/2015
2015033347;5;2;1;1;1;760;19/02/2015
2015033348;1;2;2;2;3;760;03/01/2015
2015033349;1;2;3;1;3;760;21/02/2015
2015033350;3;1;1;3;1;760;22/02/2015
2015033351;1;2;3;1;7;760;04/03/2015
2015033352;1;2;2;1;3;760;21/02/2015
2015033353;5;2;7;1;4;760;07/03/2015
2015033354;1;2;1;1;1;760;10/03/2015
2015033355;1;2;1;1;6;760;10/03/2015
2015033356;1;2;1;1;7;760;10/03/2015
2015033357;5;2;1;1;6;760;11/03/2015
2015033358;5;2;6;1;6;760;14/03/2015
2015033359;5;2;2;1;3;760;22/03/2015
2015033360;5;2;1;2;6;760;21/03/2015
2015033361;1;1;2;1;3;760;20/03/2015
2015033362;1;2;1;1;6;760;23/03/2015
2015033363;1;2;1;1;2;760;27/03/2015
2015033364;1;2;1;1;6;760;31/03/2015
2015033365;1;2;1;2;7;760;06/01/2015
2015033366;5;2;2;1;3;760;30/03/2015
2015033367;1;2;3;1;2;760;06/01/2015
2015033368;1;2;3;1;7;760;28/03/2015
2015033369;5;2;1;2;6;760;03/04/2015
2015033370;1;2;2;1;6;760;07/04/2015
2015033371;5;2;1;1;6;760;08/04/2015
2015033372;5;2;1;2;6;760;08/01/2015
2015033373;1;2;1;1;1;760;12/04/2015
2015033374;1;2;1;1;2;760;18/04/2015
2015033375;1;2;3;1;2;760;16/04/2015
2015033376;1;2;1;1;7;760;18/04/2015
2015033377;2;2;3;1;3;760;15/04/2015
2015033378;1;1;6;1;7;760;19/04/2015
2015033379;1;2;1;1;6;760;21/04/2015
2015033380;1;2;1;1;3;760;21/04/2015
2015033381;1;2;1;1;6;760;14/04/2015
2015033382;5;2;2;1;6;760;23/04/2015
2015033383;1;2;2;1;3;760;24/04/2015
2015033384;1;2;5;1;6;760;24/04/2015
2015033385;1;2;1;1;7;760;24/04/2015
2015033386;1;2;1;1;6;760;24/04/2015
2015033387;1;2;2;1;6;760;28/04/2015
2015033388;5;2;1;1;4;760;09/01/2015
2015033389;1;2;2;1;3;760;27/04/2015
2015033390;3;1;1;1;6;760;10/01/2015
2015033391;1;2;3;1;6;760;27/04/2015
2015033392;1;2;1;2;3;760;29/04/2015
2015033393;5;2;2;1;6;760;03/05/2015
2015033394;3;1;1;1;6;760;10/01/2015
2015033395;1;2;1;1;6;760;08/05/2015
2015033396;1;2;3;1;6;760;06/05/2015
2015033397;1;2;2;1;6;760;11/05/2015
2015033398;1;2;2;1;3;760;14/05/2015
2015033399;5;2;2;1;3;760;16/05/2015
2015033400;1;1;6;2;6;760;14/05/2015
2015033401;3;1;1;1;2;760;16/05/2015
2015033402;1;2;1;3;6;760;13/01/2015
2015033403;2;2;2;1;3;760;08/05/2015
2015033404;1;2;2;1;3;760;20/05/2015
2015033405;1;2;2;1;3;760;27/05/2015
2015033406;1;1;1;2;7;760;28/05/2015
2015033407;1;2;1;1;3;760;30/05/2015
2015033408;1;2;3;1;6;760;23/05/2015
2015033409;5;2;1;1;6;760;31/05/2015
2015033410;3;2;1;1;7;760;03/06/2015
2015033411;1;2;2;1;7;760;14/01/2015
2015033412;1;2;2;1;3;760;03/06/2015
2015033413;1;2;1;1;7;760;05/06/2015
2015033414;1;2;2;1;7;760;08/06/2015
2015033415;1;2;2;1;3;760;14/01/2015
2015033416;1;2;1;1;3;760;08/06/2015
2015033417;1;1;3;1;2;760;09/06/2015
2015033418;1;2;1;1;7;760;10/06/2015
2015033419;1;2;1;1;7;760;11/06/2015
2015033420;5;2;2;2;3;760;11/06/2015
2015033421;1;2;1;1;7;760;14/06/2015
2015033422;1;2;3;2;3;760;12/06/2015
2015033423;1;2;3;1;3;760;13/06/2015
2015033424;1;2;2;1;3;760;11/06/2015
2015033425;1;1;1;1;2;760;12/06/2015
2015033426;1;2;1;1;5;760;24/06/2015
2015033427;1;1;1;1;2;760;23/06/2015
2015033428;1;1;1;1;3;760;25/06/2015
2015033429;5;2;3;1;6;760;16/01/2015
2015033430;1;2;2;1;3;760;25/06/2015
2015033431;1;2;1;1;6;760;25/06/2015
2015033432;1;2;2;1;3;760;27/06/2015
2015033433;2;2;1;1;6;760;27/06/2015
2015033434;5;2;1;3;6;760;16/01/2015
2015033435;1;1;2;1;3;760;29/06/2015
2015033436;1;2;1;1;7;760;26/06/2015
2015033437;3;1;1;1;3;760;27/06/2015
2015033438;5;2;1;1;7;760;05/07/2015
2015033439;1;2;3;1;2;760;09/07/2015
2015033440;1;1;1;1;7;760;09/07/2015
2015033441;1;2;1;1;6;760;17/01/2015
2015033442;1;2;2;1;3;760;12/07/2015
2015033443;1;2;4;1;1;760;11/07/2015
2015033444;5;2;1;3;6;760;18/07/2015
2015033445;1;2;1;1;2;760;17/07/2015
2015033446;5;2;3;1;1;760;17/01/2015
2015033447;1;1;1;2;6;760;21/07/2015
2015033448;5;2;7;1;6;760;25/07/2015
2015033449;3;1;1;2;6;760;25/07/2015
2015033450;1;2;1;2;7;760;27/07/2015
2015033451;1;2;2;1;6;760;27/07/2015
2015033452;1;2;1;1;7;760;28/07/2015
2015033453;1;2;4;1;6;760;28/07/2015
2015033454;1;1;1;1;7;760;29/07/2015
2015033455;1;1;1;2;7;760;26/07/2015
2015033456;1;2;1;1;7;760;03/08/2015
2015033457;1;2;1;1;3;760;31/07/2015
2015033458;1;2;1;1;3;760;05/08/2015
2015033459;5;2;1;1;6;760;07/08/2015
2015033460;1;2;2;1;3;760;09/08/2015
2015033461;2;2;3;1;3;760;08/08/2015
2015033462;1;2;3;1;3;760;07/08/2015
2015033463;1;1;1;2;6;760;11/08/2015
2015033464;1;2;2;1;3;760;11/08/2015
2015033465;3;2;1;1;7;760;15/08/2015
2015033466;5;2;1;1;3;760;16/08/2015
2015033467;1;2;1;1;3;760;18/08/2015
2015033468;1;1;1;1;6;760;20/08/2015
2015033469;1;2;2;1;3;760;22/08/2015
2015033470;1;2;2;1;6;760;22/08/2015
2015033471;1;2;1;1;6;760;13/08/2015
2015033472;1;2;1;2;3;760;27/08/2015
2015033473;1;2;1;1;6;760;29/08/2015
2015033474;1;2;1;2;6;760;27/08/2015
2015033475;1;2;3;1;1;760;01/09/2015
2015033476;1;2;1;1;3;760;06/09/2015
2015033477;1;1;1;1;6;760;08/09/2015
2015033478;1;2;1;1;3;760;08/09/2015
2015033479;5;2;1;1;6;760;09/09/2015
2015033480;1;2;3;1;1;760;14/09/2015
2015033481;5;2;3;1;3;760;14/09/2015
2015033482;1;2;1;1;6;760;15/09/2015
2015033483;5;2;1;1;1;760;24/01/2015
2015033484;1;2;2;1;3;760;15/09/2015
2015033485;1;1;1;2;6;760;18/09/2015
2015033486;1;2;1;1;6;760;20/09/2015
2015033487;5;1;1;1;6;760;20/09/2015
2015033488;1;2;1;1;1;760;19/09/2015
2015033489;5;2;1;1;6;760;25/01/2015
2015033490;1;2;1;3;7;760;18/09/2015
2015033491;3;1;1;1;7;760;25/01/2015
2015033492;1;2;1;2;1;760;21/09/2015
2015033493;3;1;1;1;6;760;25/01/2015
2015033494;1;2;2;1;3;760;23/09/2015
2015033495;1;2;2;1;7;760;25/09/2015
2015033496;1;2;1;1;6;760;27/09/2015
2015033497;1;2;1;1;7;760;24/09/2015
2015033498;5;2;1;1;1;760;29/09/2015
2015033499;1;2;3;1;6;760;29/09/2015
2015033500;1;2;3;1;6;760;30/09/2015
2015033501;1;2;3;1;2;760;01/10/2015
2015033502;5;2;2;1;3;760;04/10/2015
2015033503;1;1;1;2;7;760;05/10/2015
2015033504;5;2;1;1;7;760;09/10/2015
2015033505;1;2;1;1;6;760;11/10/2015
2015033506;1;2;2;2;7;760;28/01/2015
2015033507;1;2;5;1;3;760;02/10/2015
2015033508;1;1;4;2;6;760;28/01/2015
2015033509;1;1;1;1;2;760;03/10/2015
2015033510;1;2;1;1;6;760;08/10/2015
2015033511;1;2;3;1;6;760;09/10/2015
2015033512;1;2;3;1;3;760;02/10/2015
2015033513;1;2;3;1;2;760;12/10/2015
2015033514;1;2;1;2;7;760;29/01/2015
2015033515;5;2;1;2;2;760;17/10/2015
2015033516;1;2;2;2;6;760;29/01/2015
2015033517;1;2;1;1;7;760;15/10/2015
2015033518;1;1;1;2;3;760;19/10/2015
2015033519;5;2;1;2;7;760;17/10/2015
2015033520;5;1;1;2;6;760;29/01/2015
2015033521;1;2;1;2;1;760;20/10/2015
2015033522;1;2;2;1;3;760;21/10/2015
2015033523;5;1;3;1;3;760;24/10/2015
2015033524;1;2;1;1;2;760;23/10/2015
2015033525;5;2;1;1;6;760;24/10/2015
2015033526;1;2;1;1;7;760;27/10/2015
2015033527;1;1;1;1;3;760;28/10/2015
2015033528;1;2;1;1;6;760;29/10/2015
2015033529;5;2;1;1;7;760;31/10/2015
2015033530;5;1;1;1;5;760;30/10/2015
2015033531;1;1;1;1;3;760;03/10/2015
2015033532;1;2;3;1;1;760;23/09/2015
2015033533;1;2;1;1;6;760;03/11/2015
2015033534;1;2;3;1;3;760;07/11/2015
2015033535;1;2;1;2;3;760;06/11/2015
2015033536;5;2;2;1;3;760;31/01/2015
2015033537;1;2;1;1;6;760;08/11/2015
2015033538;5;2;1;1;7;760;09/11/2015
2015033539;1;2;2;2;6;760;04/11/2015
2015033540;1;2;6;2;3;760;05/11/2015
2015033541;1;2;3;1;3;760;18/11/2015
2015033542;1;2;3;3;6;760;20/11/2015
2015033543;1;2;2;1;6;760;10/11/2015
2015033544;5;2;3;2;6;760;22/11/2015
2015033545;5;2;1;1;1;760;22/11/2015
2015033546;1;2;6;1;7;760;23/11/2015
2015033547;5;2;3;3;6;760;24/11/2015
2015033548;3;1;1;1;3;760;04/02/2015
2015033549;1;2;2;1;3;760;28/11/2015
2015033550;1;2;1;2;6;760;30/11/2015
2015033551;1;2;2;2;2;760;25/11/2015
2015033552;5;2;2;1;3;760;04/02/2015
2015033553;5;2;3;1;3;760;03/12/2015
2015033554;1;2;1;1;6;760;04/12/2015
2015033555;5;2;1;1;6;760;05/02/2015
2015033556;5;2;1;1;4;760;05/12/2015
2015033557;1;2;2;2;6;760;08/12/2015
2015033558;5;2;1;1;7;760;10/12/2015
2015033559;1;2;1;2;6;760;08/12/2015
2015033560;1;2;1;1;6;760;08/12/2015
2015033561;1;2;6;1;6;760;09/12/2015
2015033562;5;2;1;1;6;760;08/12/2015
2015033563;5;2;1;1;1;760;06/02/2015
2015033564;5;2;3;1;3;760;12/12/2015
2015033565;1;2;3;1;3;760;14/12/2015
2015033566;1;2;1;1;6;760;14/12/2015
2015033567;5;2;1;1;6;760;13/12/2015
2015033568;3;1;1;3;6;760;12/12/2015
2015033569;5;1;1;1;1;760;11/12/2015
2015033570;5;2;2;3;6;760;15/12/2015
2015033571;5;1;1;2;3;760;15/12/2015
2015033572;5;1;6;2;3;760;11/12/2015
2015033573;5;2;2;1;3;760;13/12/2015
2015033574;1;1;1;1;1;760;08/02/2015
2015033575;5;1;1;2;1;760;17/12/2015
2015033576;1;2;6;1;6;760;19/12/2015
2015033577;5;2;2;1;3;760;08/02/2015
2015033578;1;1;1;1;1;760;19/12/2015
2015033579;1;1;8;1;6;760;19/12/2015
2015033580;1;1;4;1;3;760;19/12/2015
2015033581;5;2;2;2;6;760;15/12/2015
2015033582;2;2;1;1;3;760;27/11/2015
2015033583;5;2;2;1;3;760;18/12/2015
2015033584;5;2;2;1;3;760;26/12/2015
2015033585;1;2;1;1;6;760;27/12/2015
2015033586;1;2;3;1;3;760;10/02/2015
2015033587;5;2;2;1;5;760;29/12/2015
2015033588;5;2;2;1;3;760;24/12/2015
2015033589;1;1;1;1;1;760;12/02/2015
2015033590;5;2;2;1;3;760;12/02/2015
2015033591;5;2;1;2;1;760;13/02/2015
2015033592;5;2;3;1;3;760;13/02/2015
2015033593;1;2;1;1;6;760;14/02/2015
2015033594;1;2;2;1;7;760;16/02/2015
2015033595;1;2;6;1;3;760;26/12/2015
2015033596;1;1;2;1;3;760;22/02/2015
2015033597;5;2;1;1;1;760;25/12/2015
2015033598;1;2;2;1;3;760;06/03/2015
2015033599;5;2;6;1;6;760;27/12/2015
2015033600;1;2;2;1;3;760;21/02/2015
2015033601;1;1;1;1;3;760;28/10/2015
2015033602;1;1;2;2;6;760;26/02/2015
2015033603;1;2;1;1;3;760;30/11/2015
2015033604;5;2;2;1;3;760;28/02/2015
2015033605;1;2;1;1;6;760;07/03/2015
2015033606;1;2;4;1;6;760;16/02/2015
2015033607;1;2;1;1;3;760;18/12/2015
2015033608;5;1;1;2;1;760;16/12/2015
2015033609;1;2;2;1;3;760;16/03/2015
2015033610;5;2;5;1;6;760;14/03/2015
2015033611;1;1;1;1;6;760;18/03/2015
2015033612;1;2;1;1;6;760;20/03/2015
2015033613;1;2;3;1;6;760;22/03/2015
2015033614;1;1;1;1;6;760;18/12/2015
2015033615;1;2;4;1;1;760;27/02/2015
2015033616;5;2;2;1;3;760;03/12/2015
2015033617;1;2;3;1;1;760;22/03/2015
2015033618;1;2;1;1;6;760;18/03/2015
2015033619;1;2;3;1;6;760;17/03/2015
2015033620;1;1;1;1;6;760;21/02/2015
2015033621;1;1;1;1;3;760;23/03/2015
2015033622;1;2;2;1;3;760;28/03/2015
2015033623;5;2;1;8;6;760;02/03/2015
2015033624;1;2;2;1;3;760;08/04/2015
2015033625;1;2;2;1;3;760;08/04/2015
2015033626;1;1;1;1;4;760;03/04/2015
2015033627;1;2;2;1;6;760;10/04/2015
2015033628;1;1;1;1;1;760;13/04/2015
2015033629;1;2;3;2;2;760;02/04/2015
2015033630;1;2;1;1;2;760;12/04/2015
2015033631;3;1;4;9;6;760;15/03/2015
2015033632;1;1;1;1;3;760;25/03/2015
2015033633;5;2;6;1;2;760;19/04/2015
2015033634;1;1;1;1;3;760;17/04/2015
2015033635;1;2;2;1;2;760;18/04/2015
2015033636;1;2;1;1;3;760;24/04/2015
2015033637;5;2;2;1;1;760;18/04/2015
2015033638;1;2;2;2;3;760;29/03/2015
2015033639;1;2;2;1;3;760;19/04/2015
2015033640;1;1;1;1;7;760;18/04/2015
2015033641;1;2;3;1;3;760;24/04/2015
2015033642;5;2;4;1;6;760;07/05/2015
2015033643;1;1;1;1;3;760;18/04/2015
2015033644;1;1;1;1;3;760;29/04/2015
2015033645;1;2;1;1;7;760;09/05/2015
2015033646;3;2;1;8;6;760;01/04/2015
2015033647;1;2;2;1;2;760;04/04/2015
2015033648;1;2;1;1;1;760;31/03/2015
2015033649;1;2;1;1;4;760;11/05/2015
2015033650;1;2;3;1;3;760;19/05/2015
2015033651;1;1;1;1;2;760;03/05/2015
2015033652;1;2;2;1;1;760;15/05/2015
2015033653;1;1;6;1;3;760;21/05/2015
2015033654;1;2;3;1;6;760;09/04/2015
2015033655;1;2;6;1;3;760;22/04/2015
2015033656;1;2;1;1;6;760;23/05/2015
2015033657;1;2;1;1;6;760;26/05/2015
2015033658;1;2;3;1;2;760;13/04/2015
2015033659;1;1;3;1;2;760;29/05/2015
2015033660;1;2;6;1;1;760;19/05/2015
2015033661;1;1;1;1;2;760;22/05/2015
2015033662;1;2;1;1;6;760;17/05/2015
2015033663;1;2;3;1;6;760;21/05/2015
2015033664;5;2;2;2;3;760;29/05/2015
2015033665;1;2;1;1;6;760;02/06/2015
2015033666;1;2;2;1;6;760;08/06/2015
2015033667;3;2;2;1;3;760;09/06/2015
2015033668;1;2;3;1;3;760;13/06/2015
2015033669;1;2;2;1;3;760;16/06/2015
2015033670;1;2;1;1;3;760;17/06/2015
2015033671;1;2;1;1;6;760;20/06/2015
2015033672;5;1;1;1;7;760;11/06/2015
2015033673;5;2;1;1;2;760;17/06/2015
2015033674;1;1;3;1;3;760;26/06/2015
2015033675;1;2;2;1;6;760;30/06/2015
2015033676;1;2;1;1;1;760;29/06/2015
2015033677;3;1;3;1;5;760;27/06/2015
2015033678;1;2;6;1;3;760;04/07/2015
2015033679;5;2;1;1;2;760;30/06/2015
2015033680;1;2;1;1;3;760;24/06/2015
2015033681;1;2;1;1;3;760;10/07/2015
2015033682;1;1;1;1;6;760;02/07/2015
2015033683;1;2;3;1;1;760;13/07/2015
2015033684;1;2;2;1;3;760;15/07/2015
2015033685;1;1;1;1;6;760;17/07/2015
2015033686;1;2;2;1;3;760;17/07/2015
2015033687;1;2;1;1;6;760;20/07/2015
2015033688;1;2;1;1;2;760;20/07/2015
2015033689;1;2;1;1;3;760;20/07/2015
2015033690;5;2;2;2;6;760;03/05/2015
2015033691;1;2;1;1;6;760;17/05/2015
2015033692;1;2;1;1;6;760;13/05/2015
2015033693;1;1;1;1;4;760;28/07/2015
2015033694;5;2;1;1;7;760;10/07/2015
2015033695;1;2;2;1;3;760;18/07/2015
2015033696;1;2;1;1;6;760;20/07/2015
2015033697;1;1;6;1;6;760;29/07/2015
2015033698;1;2;3;1;3;760;22/07/2015
2015033699;1;2;1;1;6;760;23/07/2015
2015033700;1;2;1;1;6;760;13/08/2015
2015033701;1;2;1;1;6;760;03/08/2015
2015033702;3;1;1;1;1;760;14/07/2015
2015033703;1;2;2;1;3;760;04/08/2015
2015033704;1;2;6;1;2;760;14/08/2015
2015033705;1;1;1;1;3;760;16/07/2015
2015033706;1;2;1;1;6;760;05/08/2015
2015033707;1;2;1;1;5;760;17/08/2015
2015033708;1;2;1;1;3;760;07/08/2015
2015033709;5;2;1;1;6;760;08/08/2015
2015033710;1;2;1;1;6;760;14/08/2015
2015033711;1;2;1;1;3;760;07/08/2015
2015033712;1;2;1;1;2;760;09/08/2015
2015033713;1;2;2;1;3;760;06/09/2015
2015033714;1;2;1;1;6;760;09/08/2015
2015033715;1;2;1;1;3;760;12/08/2015
2015033716;1;2;1;1;6;760;11/08/2015
2015033717;1;1;1;1;3;760;05/08/2015
2015033718;1;2;3;1;3;760;09/08/2015
2015033719;1;2;6;3;3;760;24/08/2015