num_acc;lum;agg;inter;atm;col;dep;date
2015033720;1;2;1;1;6;760;15/09/2015
2015033721;1;2;2;1;6;760;01/09/2015
2015033722;1;2;1;1;2;760;29/07/2015
2015033723;1;1;1;1;6;760;10/07/2015
2015033724;5;1;1;3;6;760;15/08/2015
2015033725;1;2;2;2;5;760;01/09/2015
2015033726;5;2;1;1;1;760;05/09/2015
2015033727;1;2;1;1;7;760;05/09/2015
2015033728;1;2;3;1;3;760;06/09/2015
2015033729;1;1;1;1;3;760;07/09/2015
2015033730;1;1;1;1;3;760;07/09/2015
2015033731;1;2;2;1;6;760;09/09/2015
2015033732;1;1;1;1;2;760;10/09/2015
2015033733;1;2;3;1;4;760;10/09/2015
2015033734;5;2;1;3;4;760;14/09/2015
2015033735;1;1;1;1;6;760;10/08/2015
2015033736;1;2;1;1;6;760;17/09/2015
2015033737;1;2;1;1;6;760;17/09/2015
2015033738;1;2;1;1;3;760;21/09/2015
2015033739;5;2;3;1;6;760;23/08/2015
2015033740;5;1;1;1;6;760;27/09/2015
2015033741;5;1;1;1;6;760;26/09/2015
2015033742;5;2;1;1;2;760;20/09/2015
2015033743;5;2;2;1;6;760;05/10/2015
2015033744;5;2;1;1;6;760;26/09/2015
2015033745;1;2;1;1;4;760;29/09/2015
2015033746;5;1;1;2;5;760;05/10/2015
2015033747;1;1;3;1;6;760;02/10/2015
2015033748;2;2;2;1;3;760;05/10/2015
2015033749;1;2;1;1;6;760;03/08/2015
2015033750;5;2;6;3;6;760;06/10/2015
2015033751;1;2;2;1;1;760;01/10/2015
2015033752;5;2;2;1;6;760;16/10/2015
2015033753;1;1;1;1;1;760;10/10/2015
2015033754;1;2;3;1;3;760;14/09/2015
2015033755;1;2;2;1;3;760;28/09/2015
2015033756;5;2;1;1;1;760;15/10/2015
2015033757;1;2;1;1;6;760;09/10/2015
2015033758;1;2;6;1;4;760;11/10/2015
2015033759;1;2;2;1;6;760;15/10/2015
2015033760;2;1;1;1;2;760;13/10/2015
2015033761;1;2;1;1;3;760;09/10/2015
2015033762;1;2;1;1;6;760;26/10/2015
2015033763;1;1;1;1;2;760;25/10/2015
2015033764;5;2;1;1;2;760;29/10/2015
2015033765;3;2;1;1;6;760;29/10/2015
2015033766;1;2;3;1;6;760;25/09/2015
2015033767;1;2;2;2;6;760;04/11/2015
2015033768;1;2;1;1;6;760;06/11/2015
2015033769;1;2;3;1;3;760;01/11/2015
2015033770;1;2;2;1;3;760;09/11/2015
2015033771;5;1;2;1;3;760;07/11/2015
2015033772;1;2;2;1;7;760;17/09/2015
2015033773;1;2;1;1;3;760;02/11/2015
2015033774;1;2;4;1;6;760;10/11/2015
2015033775;1;2;1;1;3;760;10/11/2015
2015033776;1;2;2;1;6;760;10/11/2015
2015033777;1;1;2;1;2;760;10/11/2015
2015033778;1;2;4;1;3;760;08/11/2015
2015033779;1;2;6;1;6;760;10/11/2015
2015033780;1;2;1;1;6;760;16/11/2015
2015033781;1;2;6;1;3;760;08/11/2015
2015033782;5;2;1;1;3;760;18/11/2015
2015033783;1;2;1;1;3;760;26/10/2015
2015033784;1;2;3;1;3;760;19/11/2015
2015033785;1;1;1;1;2;760;29/09/2015
2015033786;2;2;6;2;6;760;26/11/2015
2015033787;1;2;1;1;6;760;30/11/2015
2015033788;1;2;1;1;3;760;28/11/2015
2015033789;5;2;2;1;3;760;02/12/2015
2015033790;5;2;1;1;6;760;06/12/2015
2015033791;4;1;1;1;6;760;05/12/2015
2015033792;1;2;1;1;6;760;25/10/2015
2015033793;5;1;6;1;6;760;06/12/2015
2015033794;5;2;2;1;2;760;09/12/2015
2015033795;1;2;1;1;6;760;12/12/2015
2015033796;1;2;1;1;2;760;06/12/2015
2015033797;3;1;1;3;6;760;12/12/2015
2015033798;1;2;1;1;2;760;09/12/2015
2015033799;1;1;4;1;3;760;15/12/2015
2015033800;1;2;1;3;6;760;15/12/2015
2015033801;5;2;2;1;3;760;14/12/2015
2015033802;5;2;3;2;6;760;15/12/2015
2015033803;1;1;1;1;2;760;18/12/2015
2015033804;5;2;3;1;6;760;16/12/2015
2015033805;1;1;3;1;6;760;18/12/2015
2015033806;1;2;2;1;3;760;29/12/2015
2015033807;5;2;5;1;1;760;18/12/2015
2015033808;1;2;1;1;6;760;05/01/2015
2015033809;5;2;6;1;3;760;04/01/2015
2015033810;5;2;2;1;3;760;04/01/2015
2015033811;5;2;1;1;3;760;08/01/2015
2015033812;3;1;4;5;4;760;07/01/2015
2015033813;5;2;2;1;3;760;13/01/2015
2015033814;5;2;1;2;3;760;15/01/2015
2015033815;2;2;1;1;6;760;13/01/2015
2015033816;5;2;1;1;7;760;16/01/2015
2015033817;5;2;1;1;6;760;16/01/2015
2015033818;5;2;3;9;3;760;17/01/2015
2015033819;1;2;3;1;2;760;16/01/2015
2015033820;1;2;1;1;2;760;14/01/2015
2015033821;5;2;2;2;6;760;18/01/2015
2015033822;4;2;3;1;3;760;14/01/2015
2015033823;5;2;1;1;3;760;19/01/2015
2015033824;1;2;3;1;3;760;14/01/2015
2015033825;5;2;6;1;6;760;20/01/2015
2015033826;1;2;1;1;2;760;27/01/2015
2015033827;1;2;5;1;3;760;28/01/2015
2015033828;1;1;1;1;5;760;03/02/2015
2015033829;2;2;2;1;6;760;09/02/2015
2015033830;5;2;3;3;6;760;29/01/2015
2015033831;1;2;1;1;5;760;14/02/2015
2015033832;1;2;3;1;2;760;05/02/2015
2015033833;1;2;1;1;1;760;15/02/2015
2015033834;1;2;1;9;6;760;14/02/2015
2015033835;1;2;3;1;3;760;08/02/2015
2015033836;1;2;1;1;3;760;11/02/2015
2015033837;5;2;1;1;2;760;30/01/2015
2015033838;2;2;1;1;6;760;15/02/2015
2015033839;1;2;1;1;6;770;12/03/2015
2015033840;1;2;2;1;2;770;13/03/2015
2015033841;1;2;1;1;6;770;18/03/2015
2015033842;1;2;1;1;2;770;09/04/2015
2015033843;1;2;6;2;6;770;03/04/2015
2015033844;1;2;1;1;3;770;21/04/2015
2015033845;1;2;3;8;3;770;23/05/2015
2015033846;1;2;3;1;6;770;21/04/2015
2015033847;5;2;1;1;6;770;29/06/2015
2015033848;1;2;3;3;6;770;22/06/2015
2015033849;1;2;1;1;3;770;29/07/2015
2015033850;2;2;9;8;3;770;28/07/2015
2015033851;1;2;1;1;6;770;18/08/2015
2015033852;1;2;1;1;6;770;30/08/2015
2015033853;1;2;1;1;2;770;12/08/2015
2015033854;1;2;1;1;6;770;20/07/2015
2015033855;1;2;1;1;3;770;02/10/2015
2015033856;5;2;6;1;6;770;19/10/2015
2015033857;1;2;3;1;6;770;11/11/2015
2015033858;5;2;6;3;6;770;21/11/2015
2015033859;2;1;1;2;1;770;18/12/2015
2015033860;1;2;1;1;6;770;23/12/2015
2015033861;5;1;1;1;6;770;08/01/2015
2015033862;5;2;1;2;6;770;16/01/2015
2015033863;1;1;1;1;2;770;21/01/2015
2015033864;1;2;2;1;1;770;09/02/2015
2015033865;5;2;3;1;5;770;15/02/2015
2015033866;1;2;6;7;6;770;04/02/2015
2015033867;1;2;2;1;3;770;24/02/2015
2015033868;5;2;2;1;3;770;28/02/2015
2015033869;1;1;1;1;1;770;15/04/2015
2015033870;1;1;1;1;6;770;05/08/2015
2015033871;1;2;1;1;6;770;24/12/2015
2015033872;5;2;1;1;2;770;01/07/2015
2015033873;1;1;1;1;3;770;27/11/2015
2015033874;1;2;1;1;6;770;11/12/2015
2015033875;5;1;1;1;4;770;11/01/2015
2015033876;3;1;1;1;4;770;06/03/2015
2015033877;1;2;1;2;6;770;14/01/2015
2015033878;1;2;1;7;6;770;07/03/2015
2015033879;1;1;1;2;7;770;14/02/2015
2015033880;1;1;2;2;3;770;24/03/2015
2015033881;5;2;3;2;3;770;24/03/2015
2015033882;1;2;2;1;3;770;23/02/2015
2015033883;1;2;9;1;6;770;24/02/2015
2015033884;4;2;3;1;7;770;25/03/2015
2015033885;1;1;1;1;3;770;27/03/2015
2015033886;1;2;1;1;6;770;04/05/2015
2015033887;1;1;3;1;3;770;19/05/2015
2015033888;1;2;1;1;2;770;25/06/2015
2015033889;1;1;3;1;3;770;02/07/2015
2015033890;1;2;3;2;3;770;15/08/2015
2015033891;5;2;2;1;3;770;06/09/2015
2015033892;1;1;2;1;3;770;29/08/2015
2015033893;1;1;1;1;1;770;21/09/2015
2015033894;1;1;1;1;6;770;15/09/2015
2015033895;1;2;1;8;6;770;08/10/2015
2015033896;5;2;1;1;6;770;29/10/2015
2015033897;3;1;3;1;1;770;22/11/2015
2015033898;5;2;1;1;2;770;11/12/2015
2015033899;5;2;3;2;6;770;21/12/2015
2015033900;1;1;1;1;6;770;17/01/2015
2015033901;3;1;1;1;7;770;11/12/2015
2015033902;3;2;1;2;7;770;17/01/2015
2015033903;3;1;1;1;1;770;16/12/2015
2015033904;5;2;2;1;6;770;20/01/2015
2015033905;3;1;1;1;2;770;17/12/2015
2015033906;1;1;4;1;7;770;03/03/2015
2015033907;1;1;1;1;6;770;05/03/2015
2015033908;1;1;6;1;3;770;06/04/2015
2015033909;1;1;1;1;3;770;06/04/2015
2015033910;1;2;1;1;6;770;12/04/2015
2015033911;1;1;2;1;5;770;16/04/2015
2015033912;1;1;1;1;3;770;03/05/2015
2015033913;1;1;1;1;1;770;14/05/2015
2015033914;1;1;2;1;5;770;22/05/2015
2015033915;1;1;6;1;7;770;31/05/2015
2015033916;1;1;6;1;7;770;02/06/2015
2015033917;3;1;1;1;7;770;05/06/2015
2015033918;1;1;2;1;3;770;10/06/2015
2015033919;1;2;1;1;6;770;16/06/2015
2015033920;1;2;1;1;6;770;29/06/2015
2015033921;1;1;1;8;6;770;04/07/2015
2015033922;1;2;3;1;3;770;17/07/2015
2015033923;1;1;2;1;7;770;02/08/2015
2015033924;1;2;1;1;6;770;16/08/2015
2015033925;1;1;1;1;6;770;05/10/2015
2015033926;1;1;1;8;2;770;22/10/2015
2015033927;3;1;1;1;7;770;25/10/2015
2015033928;1;1;1;8;3;770;25/11/2015
2015033929;5;1;1;1;6;770;07/01/2015
2015033930;1;2;1;1;2;770;01/04/2015
2015033931;5;2;2;2;6;770;16/01/2015
2015033932;1;2;3;3;5;770;24/02/2015
2015033933;1;2;1;7;6;770;15/05/2015
2015033934;1;2;9;1;6;770;26/05/2015
2015033935;1;2;1;1;1;770;05/06/2015
2015033936;1;2;3;1;6;770;26/06/2015
2015033937;1;2;1;1;6;770;01/07/2015
2015033938;1;2;9;1;5;770;24/09/2015
2015033939;1;2;9;1;6;770;29/09/2015
2015033940;1;2;1;3;2;770;06/10/2015
2015033941;2;2;1;1;6;770;30/08/2015
2015033942;1;1;1;1;5;770;05/11/2015
2015033943;1;2;1;2;1;770;06/11/2015
2015033944;5;2;1;1;6;770;12/11/2015
2015033945;1;2;3;1;3;770;18/11/2015
2015033946;2;1;1;1;3;770;18/11/2015
2015033947;1;2;1;1;1;770;09/12/2015
2015033948;1;2;1;8;6;770;10/12/2015
2015033949;1;2;1;1;3;770;17/12/2015
2015033950;1;1;1;5;2;770;20/01/2015
2015033951;1;2;1;1;2;770;17/03/2015
2015033952;1;2;3;1;3;770;23/03/2015
2015033953;1;2;1;1;2;770;25/03/2015
2015033954;5;2;1;3;3;770;29/03/2015
2015033955;1;2;1;8;2;770;31/03/2015
2015033956;3;1;1;1;7;770;16/02/2015
2015033957;1;2;1;1;6;770;06/04/2015
2015033958;1;2;3;2;3;770;17/02/2015
2015033959;5;2;1;1;2;770;04/04/2015
2015033960;1;2;1;1;6;770;13/04/2015
2015033961;1;1;1;1;4;770;13/04/2015
2015033962;1;1;1;1;2;770;14/04/2015
2015033963;1;2;3;1;6;770;15/04/2015
2015033964;1;1;1;1;6;770;15/04/2015
2015033965;3;1;1;1;3;770;13/03/2015
2015033966;5;2;3;2;1;770;03/05/2015
2015033967;3;1;1;1;3;770;10/07/2015
2015033968;1;2;1;1;6;770;23/10/2015
2015033969;3;2;1;1;6;770;29/10/2015
2015033970;1;1;1;2;7;770;04/11/2015
2015033971;1;1;1;5;3;770;05/01/2015
2015033972;1;2;1;1;6;770;07/04/2015
2015033973;2;2;6;1;5;770;13/01/2015
2015033974;2;1;2;1;1;770;14/04/2015
2015033975;1;2;3;1;3;770;16/04/2015
2015033976;1;2;2;1;6;770;13/04/2015
2015033977;1;2;1;1;6;770;23/01/2015
2015033978;2;2;1;1;6;770;18/04/2015
2015033979;1;1;9;1;2;770;20/04/2015
2015033980;1;1;1;1;5;770;18/05/2015
2015033981;1;1;1;1;5;770;26/05/2015
2015033982;1;2;1;1;6;770;03/06/2015
2015033983;1;2;2;1;6;770;14/06/2015
2015033984;1;2;1;1;1;770;21/06/2015
2015033985;5;2;1;1;6;770;21/07/2015
2015033986;1;1;2;1;3;770;08/08/2015
2015033987;2;2;1;1;6;770;13/09/2015
2015033988;1;2;1;1;6;770;23/09/2015
2015033989;2;2;1;2;6;770;14/10/2015
2015033990;3;1;2;1;3;770;20/10/2015
2015033991;1;2;1;1;1;770;21/10/2015
2015033992;5;2;2;8;6;770;21/11/2015
2015033993;3;1;1;2;1;770;21/11/2015
2015033994;1;2;1;1;3;770;10/12/2015
2015033995;2;2;6;1;6;770;01/12/2015
2015033996;2;2;1;1;6;770;07/12/2015
2015033997;1;2;1;2;6;770;15/12/2015
2015033998;3;1;1;1;6;770;02/03/2015
2015033999;1;1;1;1;1;770;21/12/2015
2015034000;1;2;1;1;1;770;17/03/2015
2015034001;1;1;2;1;3;770;23/03/2015
2015034002;5;2;6;2;6;770;29/03/2015
2015034003;1;2;2;1;3;770;07/04/2015
2015034004;3;1;6;5;6;770;12/04/2015
2015034005;1;1;2;8;2;770;13/05/2015
2015034006;3;1;1;1;7;770;15/05/2015
2015034007;1;2;2;1;3;770;12/06/2015
2015034008;1;2;3;1;3;770;17/06/2015
2015034009;3;1;1;1;7;770;04/07/2015
2015034010;1;1;6;7;6;770;04/07/2015
2015034011;1;1;1;1;6;770;10/07/2015
2015034012;1;2;1;1;6;770;11/07/2015
2015034013;3;1;1;1;7;770;23/08/2015
2015034014;1;2;1;1;6;770;04/09/2015
2015034015;1;2;1;8;6;770;14/09/2015
2015034016;1;1;3;2;3;770;18/09/2015
2015034017;1;1;1;1;3;770;14/10/2015
2015034018;2;1;1;2;3;770;14/10/2015
2015034019;1;2;3;1;3;770;09/11/2015
2015034020;5;2;1;2;1;770;19/11/2015
2015034021;5;2;1;2;7;770;20/11/2015
2015034022;2;2;6;3;6;770;25/11/2015
2015034023;1;1;1;9;1;770;04/12/2015
2015034024;1;1;6;1;3;770;03/12/2015
2015034025;1;1;2;1;1;770;19/12/2015
2015034026;1;2;3;1;6;770;23/01/2015
2015034027;1;1;1;1;2;770;25/01/2015
2015034028;5;1;1;2;6;770;26/01/2015
2015034029;3;1;1;1;1;770;05/02/2015
2015034030;3;1;1;1;6;770;15/02/2015
2015034031;1;2;1;1;3;770;06/03/2015
2015034032;1;2;3;1;6;770;14/03/2015
2015034033;1;2;6;1;6;770;26/05/2015
2015034034;1;1;2;1;6;770;05/06/2015
2015034035;1;2;1;1;6;770;20/07/2015
2015034036;1;1;1;1;7;770;23/08/2015
2015034037;1;2;1;1;6;770;26/09/2015
2015034038;5;2;1;1;3;770;25/10/2015
2015034039;1;1;2;1;1;770;31/10/2015
2015034040;1;1;2;1;3;770;22/12/2015
2015034041;5;2;4;1;3;770;20/01/2015
2015034042;3;1;1;1;2;770;02/02/2015
2015034043;1;2;4;1;1;770;15/02/2015
2015034044;1;1;6;1;3;770;14/04/2015
2015034045;1;1;1;1;7;770;03/08/2015
2015034046;1;2;3;1;6;770;04/09/2015
2015034047;1;2;3;1;3;770;04/09/2015
2015034048;1;1;1;1;7;770;21/09/2015
2015034049;2;1;1;1;1;770;19/01/2015
2015034050;5;2;2;1;3;770;12/02/2015
2015034051;1;2;1;8;6;770;04/04/2015
2015034052;1;2;3;1;3;770;20/06/2015
2015034053;1;1;1;1;7;770;26/06/2015
2015034054;1;2;3;1;6;770;31/08/2015
2015034055;1;2;6;8;7;770;24/09/2015
2015034056;1;2;1;1;7;770;13/10/2015
2015034057;1;1;1;1;5;770;01/11/2015
2015034058;1;1;1;1;6;770;24/11/2015
2015034059;5;2;1;1;6;770;11/12/2015
2015034060;3;1;1;8;6;770;17/01/2015
2015034061;3;1;1;8;3;770;08/01/2015
2015034062;1;2;2;2;3;770;14/02/2015
2015034063;1;2;1;1;1;770;03/03/2015
2015034064;1;2;3;1;6;770;07/03/2015
2015034065;1;1;1;1;3;770;20/03/2015
2015034066;3;2;1;3;6;770;24/03/2015
2015034067;1;2;6;1;3;770;27/03/2015
2015034068;1;1;3;1;2;770;09/04/2015
2015034069;1;2;2;1;2;770;22/04/2015
2015034070;1;2;2;1;3;770;11/05/2015
2015034071;1;2;3;1;1;770;11/05/2015
2015034072;1;2;1;1;6;770;18/05/2015
2015034073;1;2;2;1;6;770;22/05/2015
2015034074;5;2;1;1;2;770;23/05/2015
2015034075;1;2;3;1;6;770;06/06/2015
2015034076;1;1;2;1;1;770;18/06/2015
2015034077;1;1;2;1;1;770;19/06/2015
2015034078;1;2;6;1;2;770;03/07/2015
2015034079;1;2;7;1;6;770;04/07/2015
2015034080;1;2;1;1;6;770;15/07/2015
2015034081;1;2;3;1;3;770;21/07/2015
2015034082;1;2;1;1;2;770;24/07/2015
2015034083;1;2;3;1;6;770;28/07/2015
2015034084;1;2;3;2;6;770;27/08/2015
2015034085;1;2;1;1;6;770;23/09/2015
2015034086;5;2;1;1;6;770;25/09/2015
2015034087;1;1;1;1;7;770;29/09/2015
2015034088;1;2;3;1;6;770;30/09/2015
2015034089;1;2;9;1;3;770;02/10/2015
2015034090;1;2;6;1;6;770;10/10/2015
2015034091;2;2;3;2;2;770;16/10/2015
2015034092;1;2;1;1;6;770;07/11/2015
2015034093;1;2;2;1;5;770;09/11/2015
2015034094;5;2;3;2;1;770;27/11/2015
2015034095;1;2;6;1;7;770;02/12/2015
2015034096;5;2;2;1;2;770;12/12/2015
2015034097;3;1;1;1;5;770;30/12/2015
2015034098;5;2;6;1;6;770;14/01/2015
2015034099;1;2;1;1;6;770;28/01/2015
2015034100;1;2;3;1;6;770;11/02/2015
2015034101;2;2;1;1;6;770;12/02/2015
2015034102;1;2;2;1;6;770;22/02/2015
2015034103;1;2;3;1;6;770;23/02/2015
2015034104;3;2;1;2;4;770;31/12/2015
2015034105;1;2;6;1;6;770;04/03/2015
2015034106;5;2;1;2;6;770;01/03/2015
2015034107;1;2;1;1;6;770;13/01/2015
2015034108;1;2;1;1;6;770;17/03/2015
2015034109;5;2;3;1;2;770;20/01/2015
2015034110;5;2;9;1;6;770;07/04/2015
2015034111;1;1;1;1;7;770;23/04/2015
2015034112;5;2;1;1;6;770;03/02/2015
2015034113;1;1;6;1;2;770;24/04/2015
2015034114;1;2;1;1;1;770;09/05/2015
2015034115;1;1;1;1;3;770;11/05/2015
2015034116;1;1;9;1;2;770;15/05/2015
2015034117;5;2;3;2;3;770;28/03/2015
2015034118;1;2;1;1;1;770;02/06/2015
2015034119;2;2;6;1;6;770;10/06/2015
2015034120;1;2;1;1;3;770;09/06/2015
2015034121;1;2;1;1;6;770;04/07/2015
2015034122;1;1;1;1;7;770;11/07/2015
2015034123;3;1;1;1;3;770;20/07/2015
2015034124;5;2;1;1;3;770;27/07/2015
2015034125;3;1;1;1;2;770;27/07/2015
2015034126;2;2;1;1;6;770;29/08/2015
2015034127;1;1;1;1;1;770;15/09/2015
2015034128;4;2;2;1;3;770;16/09/2015
2015034129;1;2;1;1;6;770;21/09/2015
2015034130;1;2;1;1;2;770;10/09/2015
2015034131;5;1;1;1;6;770;27/09/2015
2015034132;1;1;1;1;3;770;03/10/2015
2015034133;1;2;1;1;6;770;22/10/2015
2015034134;1;2;3;1;6;770;23/10/2015
2015034135;1;2;1;1;7;770;29/10/2015
2015034136;1;1;1;5;2;770;02/11/2015
2015034137;1;2;1;1;5;770;02/11/2015
2015034138;1;1;1;1;4;770;03/11/2015
2015034139;1;1;1;8;7;770;04/11/2015
2015034140;1;2;1;1;3;770;05/11/2015
2015034141;1;2;1;8;3;770;04/11/2015
2015034142;3;1;1;1;5;770;08/11/2015
2015034143;3;1;1;1;2;770;10/11/2015
2015034144;3;1;1;1;2;770;09/11/2015
2015034145;5;2;3;1;3;770;09/11/2015
2015034146;1;1;1;1;2;770;07/11/2015
2015034147;3;2;1;1;1;770;17/11/2015
2015034148;5;2;2;1;3;770;20/11/2015
2015034149;1;2;1;2;6;770;20/11/2015
2015034150;1;2;1;2;3;770;25/11/2015
2015034151;5;2;1;2;6;770;24/11/2015
2015034152;3;1;1;1;3;770;01/12/2015
2015034153;1;1;1;1;5;770;01/12/2015
2015034154;3;1;1;1;6;770;20/12/2015
2015034155;5;2;1;1;3;770;22/12/2015
2015034156;1;1;3;1;2;770;08/06/2015
2015034157;1;1;3;1;3;770;23/06/2015
2015034158;1;2;1;1;6;770;01/07/2015
2015034159;1;1;1;1;7;770;03/07/2015
2015034160;1;2;6;1;7;770;06/07/2015
2015034161;3;1;1;1;6;770;10/07/2015
2015034162;1;2;2;1;3;770;22/09/2015
2015034163;1;2;1;7;6;770;30/09/2015
2015034164;1;2;1;1;1;770;01/11/2015
2015034165;1;1;1;1;6;770;04/11/2015
2015034166;1;1;1;1;6;770;10/11/2015
2015034167;5;2;2;3;6;770;15/12/2015
2015034168;5;1;3;2;3;770;09/01/2015
2015034169;3;1;1;8;3;770;21/02/2015
2015034170;1;2;1;1;6;770;27/03/2015
2015034171;1;2;1;1;7;770;06/04/2015
2015034172;3;1;1;1;6;770;08/04/2015
2015034173;1;2;1;1;6;770;06/05/2015
2015034174;1;2;2;8;3;770;20/05/2015
2015034175;1;1;1;1;3;770;21/05/2015
2015034176;1;1;1;1;1;770;30/05/2015
2015034177;1;2;1;1;6;770;20/06/2015
2015034178;5;1;1;1;1;770;26/06/2015
2015034179;1;1;1;1;4;770;09/07/2015
2015034180;2;2;6;1;6;770;19/07/2015
2015034181;1;1;1;1;6;770;18/07/2015
2015034182;1;2;3;1;3;770;04/08/2015
2015034183;1;2;2;1;3;770;10/09/2015
2015034184;1;2;2;1;1;770;17/08/2015
2015034185;1;1;1;8;6;770;07/10/2015
2015034186;3;1;1;2;5;770;18/12/2015
2015034187;1;1;1;1;7;770;28/12/2015
2015034188;5;2;3;1;3;780;05/02/2015
2015034189;2;2;1;2;6;780;31/01/2015
2015034190;1;2;3;2;6;780;19/11/2015
2015034191;2;2;3;1;6;780;05/12/2015
2015034192;5;2;3;1;3;780;21/03/2015
2015034193;1;2;2;1;2;780;01/03/2015
2015034194;1;2;9;1;3;780;12/12/2015
2015034195;1;2;1;1;6;780;09/03/2015
2015034196;1;2;1;1;6;780;08/10/2015
2015034197;5;2;2;1;6;780;02/04/2015
2015034198;5;2;1;2;4;780;19/11/2015
2015034199;3;1;1;1;6;780;13/03/2015
2015034200;5;2;1;2;1;780;20/12/2015
2015034201;2;2;1;1;1;780;24/12/2015
2015034202;1;2;1;1;2;780;12/04/2015
2015034203;1;1;6;1;6;780;13/04/2015
2015034204;1;2;1;2;6;780;02/05/2015
2015034205;3;1;6;1;6;780;12/04/2015
2015034206;1;1;6;1;2;780;24/04/2015
2015034207;1;2;9;1;6;780;04/05/2015
2015034208;1;2;2;1;6;780;28/04/2015
2015034209;1;1;2;1;3;780;17/04/2015
2015034210;1;2;1;1;4;780;24/04/2015
2015034211;3;1;1;1;6;780;30/09/2015
2015034212;1;2;3;1;6;780;11/05/2015
2015034213;3;2;1;1;3;780;22/12/2015
2015034214;1;1;1;1;3;780;15/05/2015
2015034215;1;2;2;1;3;780;26/05/2015
2015034216;1;1;6;1;3;780;06/05/2015
2015034217;1;2;3;1;2;780;12/05/2015
2015034218;1;2;1;1;6;780;07/05/2015
2015034219;1;2;1;1;3;780;07/05/2015
2015034220;5;2;1;1;6;780;12/05/2015
2015034221;1;2;6;1;3;780;15/06/2015
2015034222;1;1;1;1;1;780;24/05/2015
2015034223;3;1;1;1;6;780;07/06/2015
2015034224;1;1;6;1;2;780;16/06/2015
2015034225;1;1;1;1;6;780;17/06/2015
2015034226;1;2;2;1;6;780;21/06/2015
2015034227;1;2;1;1;6;780;17/06/2015
2015034228;1;2;1;1;6;780;21/06/2015
2015034229;1;2;1;1;3;780;09/07/2015
2015034230;3;2;1;1;6;780;26/08/2015
2015034231;1;2;3;1;3;780;09/08/2015
2015034232;1;2;1;1;6;780;05/08/2015
2015034233;1;1;1;1;3;780;13/07/2015
2015034234;1;2;6;1;7;780;25/08/2015
2015034235;5;2;1;1;6;780;29/08/2015
2015034236;1;2;1;1;7;780;20/07/2015
2015034237;5;2;3;1;3;780;14/08/2015
2015034238;1;2;1;1;6;780;01/09/2015
2015034239;5;2;3;1;7;780;04/09/2015
2015034240;1;2;1;1;5;780;09/09/2015
2015034241;1;2;3;1;6;780;30/09/2015
2015034242;1;2;2;1;6;780;17/10/2015
2015034243;2;2;1;1;6;780;07/10/2015
2015034244;1;2;1;1;3;780;20/10/2015
2015034245;1;2;3;1;3;780;03/10/2015
2015034246;1;1;1;1;6;780;03/10/2015
2015034247;1;2;1;1;6;780;07/11/2015
2015034248;5;2;3;1;2;780;06/11/2015
2015034249;5;2;2;1;3;780;07/09/2015
2015034250;1;2;1;1;1;780;23/09/2015
2015034251;1;2;4;1;6;780;22/12/2015
2015034252;5;2;6;1;6;780;27/12/2015
2015034253;5;2;2;1;4;780;01/03/2015
2015034254;1;2;3;1;2;780;11/03/2015
2015034255;1;1;1;1;6;780;04/03/2015
2015034256;1;2;1;1;4;780;28/03/2015
2015034257;1;2;1;1;3;780;15/04/2015
2015034258;3;1;1;1;1;780;19/12/2015
2015034259;1;1;1;1;2;780;02/03/2015
2015034260;3;2;1;3;1;780;17/11/2015
2015034261;5;2;6;1;3;780;08/03/2015
2015034262;1;2;1;2;5;780;19/11/2015
2015034263;1;2;1;1;3;780;12/03/2015
2015034264;5;2;1;1;6;780;16/10/2015
2015034265;5;2;1;1;3;780;06/03/2015
2015034266;1;2;1;1;6;780;27/11/2015
2015034267;1;2;1;3;4;780;02/04/2015
2015034268;5;2;2;1;2;780;10/03/2015
2015034269;1;1;1;1;6;780;08/03/2015
2015034270;1;2;1;1;3;780;23/03/2015
2015034271;1;2;3;1;3;780;16/04/2015
2015034272;2;2;1;1;7;780;29/06/2015
2015034273;5;2;1;1;2;780;26/04/2015
2015034274;2;2;1;1;3;780;12/04/2015
2015034275;1;2;1;1;6;780;07/04/2015
2015034276;1;2;9;1;3;780;02/07/2015
2015034277;1;2;1;1;3;780;19/06/2015
2015034278;1;2;2;1;3;780;01/06/2015
2015034279;2;2;1;1;3;780;16/08/2015
2015034280;1;2;6;1;3;780;07/08/2015
2015034281;1;1;9;1;2;780;09/08/2015
2015034282;2;2;1;3;6;780;27/08/2015
2015034283;1;2;1;1;6;780;16/06/2015
2015034284;1;2;6;1;6;780;21/07/2015
2015034285;1;2;2;1;3;780;30/09/2015
2015034286;1;2;1;1;7;780;11/09/2015
2015034287;1;2;1;1;6;780;20/09/2015
2015034288;5;2;1;1;6;780;07/11/2015
2015034289;1;2;1;1;5;780;10/11/2015
2015034290;1;2;1;1;6;780;08/09/2015
2015034291;5;2;1;1;2;780;14/03/2015
2015034292;1;1;1;1;7;780;08/04/2015
2015034293;1;2;1;1;3;780;20/06/2015
2015034294;5;2;1;1;6;780;23/01/2015
2015034295;1;2;1;1;7;780;17/02/2015
2015034296;1;2;2;1;6;780;02/01/2015
2015034297;5;2;1;1;6;780;30/01/2015
2015034298;1;2;3;1;3;780;13/03/2015
2015034299;1;2;2;2;6;780;04/05/2015