num_acc;lum;agg;inter;atm;col;dep;date
2015034300;2;2;1;1;6;780;12/01/2015
2015034301;1;2;2;1;3;780;03/03/2015
2015034302;1;2;1;1;6;780;12/01/2015
2015034303;5;2;1;1;6;780;04/03/2015
2015034304;1;2;6;8;2;780;21/02/2015
2015034305;1;2;1;1;6;780;05/03/2015
2015034306;1;2;6;8;6;780;25/02/2015
2015034307;1;2;2;1;3;780;06/03/2015
2015034308;1;2;1;1;6;780;21/03/2015
2015034309;1;2;2;2;3;780;29/03/2015
2015034310;1;2;1;1;7;780;05/04/2015
2015034311;1;2;1;1;6;780;06/04/2015
2015034312;1;2;2;1;3;780;15/04/2015
2015034313;1;2;1;1;6;780;21/04/2015
2015034314;1;2;1;1;5;780;28/04/2015
2015034315;1;2;2;1;3;780;24/05/2015
2015034316;1;2;3;1;6;780;05/06/2015
2015034317;1;2;1;1;6;780;01/07/2015
2015034318;1;2;1;1;6;780;28/07/2015
2015034319;1;2;1;1;6;780;10/07/2015
2015034320;1;1;1;1;7;780;09/08/2015
2015034321;1;1;1;1;1;780;10/08/2015
2015034322;1;2;3;1;6;780;26/08/2015
2015034323;1;2;1;1;6;780;22/10/2015
2015034324;1;2;3;1;1;780;27/10/2015
2015034325;2;2;2;1;3;780;27/11/2015
2015034326;2;2;9;2;2;780;07/01/2015
2015034327;5;2;1;1;6;780;22/01/2015
2015034328;1;1;1;1;2;780;09/03/2015
2015034329;1;2;7;2;6;780;26/03/2015
2015034330;1;2;1;1;6;780;27/03/2015
2015034331;1;1;1;1;7;780;08/04/2015
2015034332;1;2;1;1;7;780;08/04/2015
2015034333;1;2;1;1;2;780;18/04/2015
2015034334;1;2;1;1;6;780;20/04/2015
2015034335;1;1;1;1;1;780;27/04/2015
2015034336;1;2;1;1;5;780;09/05/2015
2015034337;1;2;1;1;1;780;22/05/2015
2015034338;1;2;1;1;6;780;26/05/2015
2015034339;1;2;2;1;6;780;27/05/2015
2015034340;1;2;1;1;4;780;01/06/2015
2015034341;5;2;3;1;3;780;16/05/2015
2015034342;1;2;3;1;3;780;04/06/2015
2015034343;1;2;6;1;1;780;06/06/2015
2015034344;1;2;1;1;6;780;22/06/2015
2015034345;1;2;1;1;5;780;27/06/2015
2015034346;1;2;2;1;3;780;30/06/2015
2015034347;1;2;1;1;3;780;05/07/2015
2015034348;1;2;1;2;6;780;28/07/2015
2015034349;1;2;1;1;6;780;26/08/2015
2015034350;2;2;1;1;3;780;06/09/2015
2015034351;2;2;3;1;3;780;10/09/2015
2015034352;1;1;1;3;3;780;12/09/2015
2015034353;5;2;1;2;4;780;07/10/2015
2015034354;2;2;1;1;5;780;12/10/2015
2015034355;1;2;1;1;7;780;13/10/2015
2015034356;3;1;1;1;6;780;03/10/2015
2015034357;1;2;3;1;6;780;26/10/2015
2015034358;1;1;1;1;6;780;30/10/2015
2015034359;1;2;6;1;6;780;31/10/2015
2015034360;2;1;9;1;7;780;07/11/2015
2015034361;1;2;1;1;6;780;13/11/2015
2015034362;1;1;1;1;3;780;04/12/2015
2015034363;2;2;6;1;3;780;17/12/2015
2015034364;5;2;2;1;7;780;22/12/2015
2015034365;1;2;5;1;6;780;30/12/2015
2015034366;5;2;1;5;6;780;05/01/2015
2015034367;1;1;1;4;2;780;14/01/2015
2015034368;5;2;1;2;7;780;28/01/2015
2015034369;1;1;3;1;3;780;29/08/2015
2015034370;1;2;2;1;6;780;14/01/2015
2015034371;1;2;9;1;3;780;21/01/2015
2015034372;5;2;1;1;7;780;21/02/2015
2015034373;1;2;6;1;3;780;27/02/2015
2015034374;1;2;1;1;2;780;22/02/2015
2015034375;2;2;2;1;6;780;31/10/2015
2015034376;1;2;2;1;3;780;04/06/2015
2015034377;1;2;1;1;6;780;29/12/2015
2015034378;5;2;1;1;6;780;04/07/2015
2015034379;1;2;1;1;2;780;24/04/2015
2015034380;1;2;3;1;3;780;21/07/2015
2015034381;1;2;1;1;6;780;22/11/2015
2015034382;1;2;1;1;2;780;19/06/2015
2015034383;1;2;1;1;6;780;28/04/2015
2015034384;2;1;1;1;1;780;05/12/2015
2015034385;1;2;3;1;3;780;26/06/2015
2015034386;1;1;1;1;6;780;08/12/2015
2015034387;1;2;1;1;6;780;29/05/2015
2015034388;1;2;1;1;6;780;25/08/2015
2015034389;1;2;1;1;2;780;27/08/2015
2015034390;1;2;1;1;6;780;17/09/2015
2015034391;1;2;2;1;3;780;28/09/2015
2015034392;1;1;1;1;6;780;12/09/2015
2015034393;5;2;1;1;6;780;17/09/2015
2015034394;5;2;1;1;6;780;30/11/2015
2015034395;1;2;9;1;3;780;10/08/2015
2015034396;1;2;1;1;3;780;04/12/2015
2015034397;1;2;3;1;3;780;30/01/2015
2015034398;3;1;1;2;2;780;13/02/2015
2015034399;5;2;2;1;6;780;03/01/2015
2015034400;1;1;1;1;6;780;06/01/2015
2015034401;1;2;2;6;1;780;09/01/2015
2015034402;5;2;1;1;6;780;09/01/2015
2015034403;5;2;2;1;3;780;11/01/2015
2015034404;1;2;2;1;6;780;27/01/2015
2015034405;5;2;1;6;6;780;30/01/2015
2015034406;5;2;2;1;3;780;04/02/2015
2015034407;1;2;2;1;3;780;20/02/2015
2015034408;5;2;2;1;3;780;22/02/2015
2015034409;1;2;1;1;1;780;23/02/2015
2015034410;5;2;1;1;6;780;12/02/2015
2015034411;5;2;2;2;6;780;13/02/2015
2015034412;3;1;1;1;1;780;04/04/2015
2015034413;3;1;1;1;3;780;07/04/2015
2015034414;1;2;2;1;3;780;05/05/2015
2015034415;1;2;3;1;3;780;08/06/2015
2015034416;1;2;1;1;6;780;25/06/2015
2015034417;1;2;3;1;3;780;29/06/2015
2015034418;1;1;1;1;6;780;19/09/2015
2015034419;1;1;1;1;4;780;27/10/2015
2015034420;1;1;1;1;6;780;30/10/2015
2015034421;1;1;1;1;6;780;04/12/2015
2015034422;1;2;1;2;2;780;09/01/2015
2015034423;3;1;1;1;7;780;18/01/2015
2015034424;3;1;1;9;3;780;25/02/2015
2015034425;1;2;4;1;3;780;23/02/2015
2015034426;1;2;1;2;2;780;26/02/2015
2015034427;1;2;3;1;3;780;13/02/2015
2015034428;1;2;1;1;6;780;26/07/2015
2015034429;2;1;1;2;1;780;17/11/2015
2015034430;5;2;1;1;3;780;20/04/2015
2015034431;1;2;1;1;3;780;03/11/2015
2015034432;3;2;1;2;3;780;24/03/2015
2015034433;3;1;1;8;3;780;06/11/2015
2015034434;2;2;4;1;3;780;15/04/2015
2015034435;4;2;1;1;6;780;13/03/2015
2015034436;1;2;2;1;1;780;21/04/2015
2015034437;1;1;1;1;4;780;27/05/2015
2015034438;1;2;1;1;6;780;23/05/2015
2015034439;1;2;1;1;3;780;14/04/2015
2015034440;1;1;1;1;6;780;16/06/2015
2015034441;5;1;1;1;7;780;20/06/2015
2015034442;1;1;1;2;5;780;11/04/2015
2015034443;3;1;1;1;7;780;11/07/2015
2015034444;1;2;1;2;6;780;24/07/2015
2015034445;5;2;1;2;1;780;29/03/2015
2015034446;1;1;1;1;1;780;22/06/2015
2015034447;2;2;3;1;3;780;12/08/2015
2015034448;1;2;2;1;3;780;09/09/2015
2015034449;1;2;1;1;6;780;04/09/2015
2015034450;1;1;1;1;3;780;14/06/2015
2015034451;2;2;1;2;3;780;14/09/2015
2015034452;5;2;3;1;3;780;18/07/2015
2015034453;1;1;1;1;5;780;26/09/2015
2015034454;1;2;2;2;3;780;24/08/2015
2015034455;1;2;1;8;6;780;28/10/2015
2015034456;1;2;9;1;3;780;10/08/2015
2015034457;1;2;1;1;6;780;28/10/2015
2015034458;1;1;1;1;3;780;21/10/2015
2015034459;1;2;9;1;6;780;22/09/2015
2015034460;3;1;1;1;1;780;26/11/2015
2015034461;1;2;1;7;3;780;28/09/2015
2015034462;5;2;2;1;3;780;09/12/2015
2015034463;3;1;3;1;3;780;10/11/2015
2015034464;1;1;2;1;3;780;19/10/2015
2015034465;1;2;7;1;3;780;27/10/2015
2015034466;1;1;1;1;7;780;06/09/2015
2015034467;5;2;1;1;6;780;13/01/2015
2015034468;5;2;1;1;5;780;06/02/2015
2015034469;1;2;3;1;3;780;18/09/2015
2015034470;5;2;2;1;5;780;07/12/2015
2015034471;5;1;3;1;3;780;07/03/2015
2015034472;1;2;3;2;6;780;02/03/2015
2015034473;5;2;1;1;3;780;28/12/2015
2015034474;1;2;1;1;6;780;27/03/2015
2015034475;1;2;6;1;6;780;21/12/2015
2015034476;1;2;3;1;6;780;19/03/2015
2015034477;5;2;8;2;6;780;25/11/2015
2015034478;3;2;1;2;6;780;24/04/2015
2015034479;5;2;3;1;3;780;23/12/2015
2015034480;5;2;3;1;3;780;07/03/2015
2015034481;1;2;3;1;3;780;02/03/2015
2015034482;1;2;1;1;3;780;02/12/2015
2015034483;5;2;3;1;6;780;22/03/2015
2015034484;1;2;2;1;3;780;18/05/2015
2015034485;1;2;2;1;1;780;26/12/2015
2015034486;1;2;3;1;3;780;01/06/2015
2015034487;1;2;1;1;3;780;04/04/2015
2015034488;1;2;1;1;3;780;05/06/2015
2015034489;5;2;1;1;6;780;11/12/2015
2015034490;1;2;6;7;3;780;20/06/2015
2015034491;2;2;1;1;3;780;09/12/2015
2015034492;1;2;4;1;6;780;26/04/2015
2015034493;1;2;1;1;6;780;04/07/2015
2015034494;1;2;9;1;6;780;04/05/2015
2015034495;1;2;2;1;3;780;09/06/2015
2015034496;5;2;6;1;6;780;12/08/2015
2015034497;1;2;1;7;3;780;06/07/2015
2015034498;1;2;1;2;6;780;25/08/2015
2015034499;1;2;3;1;1;780;08/08/2015
2015034500;1;2;2;3;6;780;12/09/2015
2015034501;1;2;4;1;3;780;04/09/2015
2015034502;1;2;2;1;3;780;17/09/2015
2015034503;1;2;1;1;6;780;13/10/2015
2015034504;1;2;1;1;6;780;09/10/2015
2015034505;1;2;1;1;5;780;24/10/2015
2015034506;1;2;1;1;3;780;09/07/2015
2015034507;1;2;3;1;6;780;07/05/2015
2015034508;5;2;1;1;6;780;03/11/2015
2015034509;1;2;1;1;6;780;23/06/2015
2015034510;1;2;5;1;1;780;07/11/2015
2015034511;5;2;6;1;7;780;23/01/2015
2015034512;1;2;1;1;3;780;06/04/2015
2015034513;1;2;3;1;6;780;31/07/2015
2015034514;1;2;1;1;6;780;19/01/2015
2015034515;1;2;3;1;3;780;11/02/2015
2015034516;1;1;1;1;5;780;27/02/2015
2015034517;5;2;3;1;3;780;05/03/2015
2015034518;5;2;1;1;6;780;06/03/2015
2015034519;1;2;2;1;2;780;14/12/2015
2015034520;3;1;1;8;1;780;15/03/2015
2015034521;1;2;3;1;3;780;19/03/2015
2015034522;5;2;1;1;3;780;13/12/2015
2015034523;1;2;1;1;6;780;16/12/2015
2015034524;1;2;2;1;3;780;21/03/2015
2015034525;1;2;1;1;6;780;23/12/2015
2015034526;1;2;9;1;2;780;13/04/2015
2015034527;4;2;1;1;6;780;30/12/2015
2015034528;5;2;1;1;6;780;30/03/2015
2015034529;1;2;2;1;3;780;04/05/2015
2015034530;5;2;3;1;6;780;06/03/2015
2015034531;1;2;2;1;3;780;19/05/2015
2015034532;1;2;1;1;4;780;08/04/2015
2015034533;1;2;1;1;6;780;27/05/2015
2015034534;1;2;1;1;3;780;02/06/2015
2015034535;5;2;1;9;6;780;12/01/2015
2015034536;5;2;2;2;6;780;15/01/2015
2015034537;1;1;1;1;4;780;18/05/2015
2015034538;1;2;1;1;6;780;28/05/2015
2015034539;1;2;1;1;2;780;07/06/2015
2015034540;1;2;1;1;2;780;08/05/2015
2015034541;1;2;1;1;3;780;30/05/2015
2015034542;1;2;2;1;3;780;16/06/2015
2015034543;1;2;3;1;3;780;19/06/2015
2015034544;1;2;1;7;6;780;23/06/2015
2015034545;1;2;2;1;6;780;22/04/2015
2015034546;1;2;2;1;3;780;10/04/2015
2015034547;1;2;1;1;3;780;30/06/2015
2015034548;1;2;1;1;5;780;07/07/2015
2015034549;1;2;2;1;6;780;10/07/2015
2015034550;1;2;1;1;2;780;19/07/2015
2015034551;1;2;3;1;3;780;12/06/2015
2015034552;1;2;1;1;3;780;07/07/2015
2015034553;1;2;3;1;3;780;20/07/2015
2015034554;1;2;4;1;3;780;03/08/2015
2015034555;1;2;1;1;3;780;16/08/2015
2015034556;1;2;2;1;4;780;21/07/2015
2015034557;1;2;1;1;3;780;02/09/2015
2015034558;1;2;1;1;2;780;11/09/2015
2015034559;2;2;1;2;6;780;18/09/2015
2015034560;1;2;6;2;6;780;18/09/2015
2015034561;1;2;2;1;3;780;30/09/2015
2015034562;1;2;1;1;6;780;30/09/2015
2015034563;5;2;1;1;3;780;02/10/2015
2015034564;5;2;1;1;1;780;08/10/2015
2015034565;1;2;1;1;7;780;15/10/2015
2015034566;1;2;1;1;5;780;19/09/2015
2015034567;5;2;2;1;3;780;25/10/2015
2015034568;1;2;1;1;3;780;02/10/2015
2015034569;5;2;1;1;3;780;03/11/2015
2015034570;1;2;1;8;7;780;09/10/2015
2015034571;1;2;1;1;3;780;27/10/2015
2015034572;1;2;1;1;6;780;11/11/2015
2015034573;1;2;1;1;3;780;23/10/2015
2015034574;1;2;1;2;5;780;20/11/2015
2015034575;5;2;1;2;6;780;27/11/2015
2015034576;1;2;1;1;3;780;28/11/2015
2015034577;2;2;1;1;6;780;30/11/2015
2015034578;5;2;2;2;3;780;28/11/2015
2015034579;1;2;3;1;1;780;11/09/2015
2015034580;1;2;1;1;3;780;07/01/2015
2015034581;5;2;6;2;7;780;08/01/2015
2015034582;5;2;1;1;1;780;12/01/2015
2015034583;5;2;2;1;6;780;27/01/2015
2015034584;5;1;1;1;6;780;31/01/2015
2015034585;5;2;2;3;2;780;13/02/2015
2015034586;1;2;1;1;6;780;16/02/2015
2015034587;5;2;4;9;6;780;19/02/2015
2015034588;1;2;6;1;3;780;24/02/2015
2015034589;1;2;2;1;2;790;20/03/2015
2015034590;2;2;1;1;6;790;22/03/2015
2015034591;1;2;6;2;6;790;24/03/2015
2015034592;1;2;6;1;6;790;30/03/2015
2015034593;2;2;1;2;2;790;31/03/2015
2015034594;5;2;1;1;6;790;12/04/2015
2015034595;1;2;1;1;7;790;01/04/2015
2015034596;1;2;3;1;3;790;21/04/2015
2015034597;1;2;1;1;6;790;23/04/2015
2015034598;1;2;1;1;1;790;10/05/2015
2015034599;5;2;1;1;7;790;07/06/2015
2015034600;1;2;2;1;3;790;08/06/2015
2015034601;1;2;1;1;6;790;27/06/2015
2015034602;1;2;1;1;1;790;02/07/2015
2015034603;1;2;1;1;3;790;07/08/2015
2015034604;1;2;1;1;2;790;11/08/2015
2015034605;1;1;1;1;7;790;11/08/2015
2015034606;1;2;6;1;6;790;13/08/2015
2015034607;1;2;1;1;3;790;16/08/2015
2015034608;1;2;1;1;3;790;21/09/2015
2015034609;5;2;1;1;6;790;26/09/2015
2015034610;1;2;2;1;3;790;29/09/2015
2015034611;1;2;2;1;6;790;03/10/2015
2015034612;5;2;3;2;2;790;06/10/2015
2015034613;1;2;3;1;3;790;12/10/2015
2015034614;5;2;2;1;3;790;07/10/2015
2015034615;5;2;3;1;3;790;20/10/2015
2015034616;5;2;2;1;2;790;02/12/2015
2015034617;1;2;1;1;7;790;04/01/2015
2015034618;1;2;2;2;3;790;08/01/2015
2015034619;5;2;1;3;6;790;31/01/2015
2015034620;1;2;1;1;3;790;04/03/2015
2015034621;2;2;1;1;7;790;22/01/2015
2015034622;3;2;1;1;4;790;27/01/2015
2015034623;1;1;1;1;2;790;11/12/2015
2015034624;5;2;3;1;3;790;10/12/2015
2015034625;1;2;2;1;3;790;13/01/2015
2015034626;1;2;3;1;3;790;27/03/2015
2015034627;1;2;2;1;3;790;25/04/2015
2015034628;5;2;1;1;3;790;27/01/2015
2015034629;3;2;1;1;6;790;25/04/2015
2015034630;5;2;1;2;2;790;28/01/2015
2015034631;1;2;1;1;1;790;03/05/2015
2015034632;5;2;1;2;6;790;14/02/2015
2015034633;1;1;6;8;7;790;20/02/2015
2015034634;1;2;1;1;6;790;15/05/2015
2015034635;1;2;1;1;6;790;05/03/2015
2015034636;1;2;1;1;2;790;22/05/2015
2015034637;1;2;1;1;6;790;05/06/2015
2015034638;1;2;1;1;1;790;11/08/2015
2015034639;1;2;4;1;3;790;06/09/2015
2015034640;1;2;4;1;6;790;12/10/2015
2015034641;2;1;1;1;2;790;29/10/2015
2015034642;5;1;1;1;2;790;04/11/2015
2015034643;5;2;1;1;6;790;08/12/2015
2015034644;1;1;2;1;5;790;15/12/2015
2015034645;3;1;1;5;1;790;12/12/2015
2015034646;5;2;6;1;3;790;25/12/2015
2015034647;5;2;1;8;6;800;28/03/2015
2015034648;1;2;5;1;3;800;08/04/2015
2015034649;5;2;6;1;6;800;01/05/2015
2015034650;1;2;1;7;6;800;05/06/2015
2015034651;1;2;1;1;6;800;07/09/2015
2015034652;1;2;1;1;6;800;08/10/2015
2015034653;5;2;1;1;6;800;11/11/2015
2015034654;1;1;1;1;6;800;21/11/2015
2015034655;1;2;1;1;4;800;04/02/2015
2015034656;1;2;2;1;3;800;05/02/2015
2015034657;1;2;6;1;6;800;08/02/2015
2015034658;5;2;6;1;1;800;19/02/2015
2015034659;2;2;1;1;2;800;26/12/2015
2015034660;1;2;1;1;7;800;19/02/2015
2015034661;1;2;2;1;7;800;26/12/2015
2015034662;1;2;1;2;2;800;20/02/2015
2015034663;2;2;1;1;7;800;28/12/2015
2015034664;1;2;1;1;4;800;23/02/2015
2015034665;1;2;1;1;1;800;05/03/2015
2015034666;5;2;1;1;1;800;07/03/2015
2015034667;4;1;1;1;7;800;08/03/2015
2015034668;5;2;1;1;7;800;12/03/2015
2015034669;1;2;1;1;5;800;13/03/2015
2015034670;5;2;3;2;3;800;14/03/2015
2015034671;1;2;2;1;7;800;16/03/2015
2015034672;1;2;1;1;1;800;16/03/2015
2015034673;1;2;1;1;4;800;23/03/2015
2015034674;5;2;3;1;1;800;27/03/2015
2015034675;1;2;2;1;6;800;02/04/2015
2015034676;1;2;1;1;3;800;10/04/2015
2015034677;1;2;1;1;7;800;11/04/2015
2015034678;1;2;1;1;7;800;11/04/2015
2015034679;1;1;1;1;4;800;23/04/2015
2015034680;1;2;1;2;2;800;05/05/2015
2015034681;1;2;1;1;7;800;05/05/2015
2015034682;5;2;3;1;1;800;05/05/2015
2015034683;1;2;1;1;7;800;06/05/2015
2015034684;1;1;1;1;2;800;07/05/2015
2015034685;1;2;3;1;3;800;09/05/2015
2015034686;1;2;1;1;7;800;18/05/2015
2015034687;1;2;1;1;5;800;21/05/2015
2015034688;1;2;1;1;7;800;24/05/2015
2015034689;1;2;2;1;1;800;26/05/2015
2015034690;1;2;1;1;3;800;28/05/2015
2015034691;1;2;2;1;1;800;30/05/2015
2015034692;1;2;2;1;1;800;07/06/2015
2015034693;1;2;1;1;2;800;08/06/2015
2015034694;1;1;1;1;2;800;11/06/2015
2015034695;4;1;1;1;7;800;11/06/2015
2015034696;1;2;3;1;3;800;17/06/2015
2015034697;1;2;3;2;3;800;18/06/2015
2015034698;1;2;1;1;4;800;11/07/2015
2015034699;1;2;1;1;6;800;08/07/2015
2015034700;1;2;6;1;3;800;25/06/2015
2015034701;1;2;1;1;1;800;26/06/2015
2015034702;2;2;2;1;3;800;27/06/2015
2015034703;1;2;1;1;2;800;29/06/2015
2015034704;1;2;1;1;2;800;30/06/2015
2015034705;1;2;3;1;7;800;01/07/2015
2015034706;1;2;2;1;3;800;01/07/2015
2015034707;1;2;1;1;3;800;03/07/2015
2015034708;1;2;1;1;6;800;03/07/2015
2015034709;1;2;1;1;6;800;06/07/2015
2015034710;2;2;1;2;7;800;08/07/2015
2015034711;1;2;1;1;7;800;09/07/2015
2015034712;1;2;1;1;7;800;09/07/2015
2015034713;1;2;1;1;7;800;10/07/2015
2015034714;1;2;6;1;3;800;11/07/2015
2015034715;5;2;1;1;7;800;13/07/2015
2015034716;1;2;1;1;1;800;24/07/2015
2015034717;5;2;1;1;1;800;25/07/2015
2015034718;5;2;6;1;3;800;25/07/2015
2015034719;1;2;1;1;7;800;27/07/2015
2015034720;1;2;1;1;3;800;28/07/2015
2015034721;5;2;6;1;1;800;30/07/2015
2015034722;1;2;1;1;3;800;31/07/2015
2015034723;1;2;6;1;1;800;01/08/2015
2015034724;1;2;1;1;7;800;02/08/2015
2015034725;1;2;2;1;7;800;08/09/2015
2015034726;1;2;1;1;7;800;26/08/2015
2015034727;1;2;1;1;1;800;03/08/2015
2015034728;5;2;1;1;3;800;09/08/2015
2015034729;1;2;2;1;3;800;15/08/2015
2015034730;1;2;1;1;1;800;16/08/2015
2015034731;1;2;1;2;3;800;18/08/2015
2015034732;1;2;1;1;1;800;19/08/2015
2015034733;5;2;1;1;1;800;20/08/2015
2015034734;1;2;1;1;1;800;22/08/2015
2015034735;1;2;1;1;4;800;28/08/2015
2015034736;5;2;1;1;7;800;02/09/2015
2015034737;1;2;6;1;3;800;10/09/2015
2015034738;1;2;1;1;7;800;10/09/2015
2015034739;1;2;1;1;2;800;11/09/2015
2015034740;1;2;1;8;7;800;13/09/2015
2015034741;1;2;1;1;5;800;15/09/2015
2015034742;1;2;1;2;7;800;16/09/2015
2015034743;1;2;1;3;2;800;16/09/2015
2015034744;1;2;6;1;3;800;17/09/2015
2015034745;1;2;2;1;1;800;18/09/2015
2015034746;1;2;1;1;3;800;18/09/2015
2015034747;1;2;1;1;3;800;21/09/2015
2015034748;5;2;1;1;1;800;23/09/2015
2015034749;1;2;1;1;3;800;24/09/2015
2015034750;2;2;1;1;7;800;25/09/2015
2015034751;1;2;3;1;3;800;27/09/2015
2015034752;5;2;1;1;1;800;28/09/2015
2015034753;1;1;1;1;5;800;29/09/2015
2015034754;2;2;1;1;7;800;01/10/2015
2015034755;5;2;2;1;3;800;01/10/2015
2015034756;1;2;1;7;1;800;02/10/2015
2015034757;1;2;6;1;3;800;03/10/2015
2015034758;1;2;6;1;3;800;04/10/2015
2015034759;1;2;1;1;3;800;05/10/2015
2015034760;5;2;2;1;3;800;06/10/2015
2015034761;1;1;1;1;5;800;08/10/2015
2015034762;1;2;2;1;3;800;08/10/2015
2015034763;1;2;1;1;7;800;09/10/2015
2015034764;1;2;1;1;6;800;10/08/2015
2015034765;2;1;1;1;1;800;30/08/2015
2015034766;1;2;1;1;3;800;12/10/2015
2015034767;1;2;1;1;7;800;13/10/2015
2015034768;1;2;6;1;3;800;13/10/2015
2015034769;1;2;1;1;7;800;13/10/2015
2015034770;1;1;1;2;3;800;20/10/2015
2015034771;1;1;2;2;3;800;22/10/2015
2015034772;2;2;1;1;7;800;23/10/2015
2015034773;5;1;6;1;7;800;23/10/2015
2015034774;1;2;2;1;3;800;25/10/2015
2015034775;5;2;2;1;7;800;27/10/2015
2015034776;3;1;1;1;4;800;29/10/2015
2015034777;3;1;2;1;3;800;30/10/2015
2015034778;1;2;6;1;1;800;31/10/2015
2015034779;1;2;3;5;7;800;02/11/2015
2015034780;1;2;1;2;7;800;04/11/2015
2015034781;5;2;1;2;3;800;04/11/2015
2015034782;1;2;3;1;3;800;05/11/2015
2015034783;1;2;1;1;3;800;30/10/2015
2015034784;5;2;3;1;7;800;08/11/2015
2015034785;5;2;2;1;3;800;08/11/2015
2015034786;1;2;2;1;3;800;10/11/2015
2015034787;2;2;1;1;2;800;10/11/2015
2015034788;1;2;2;1;1;800;11/11/2015
2015034789;1;2;1;1;7;800;30/09/2015
2015034790;3;1;1;1;7;800;12/11/2015
2015034791;5;2;2;1;1;800;13/11/2015
2015034792;1;2;6;1;3;800;16/11/2015
2015034793;5;2;2;2;3;800;20/11/2015
2015034794;1;2;9;2;6;800;20/11/2015
2015034795;1;2;1;2;7;800;20/11/2015
2015034796;1;2;1;1;7;800;22/11/2015
2015034797;5;2;6;2;2;800;25/11/2015
2015034798;1;2;1;1;7;800;27/11/2015
2015034799;3;1;6;2;7;800;27/11/2015
2015034800;5;2;1;1;2;800;01/12/2015
2015034801;5;2;2;1;3;800;04/12/2015
2015034802;2;2;1;1;3;800;09/12/2015
2015034803;1;2;1;2;3;800;11/12/2015
2015034804;1;1;6;2;6;800;15/12/2015
2015034805;5;2;1;2;3;800;15/12/2015
2015034806;3;1;1;2;4;800;15/12/2015
2015034807;2;1;1;1;2;800;17/12/2015
2015034808;1;2;3;1;3;800;19/12/2015
2015034809;1;2;1;1;7;800;19/12/2015
2015034810;5;2;3;1;3;800;18/12/2015
2015034811;2;2;2;1;3;800;18/12/2015
2015034812;1;2;1;1;2;800;21/12/2015
2015034813;5;2;1;2;7;800;21/12/2015
2015034814;1;1;1;2;3;800;03/01/2015
2015034815;5;2;2;1;3;800;04/01/2015
2015034816;2;2;1;1;7;800;06/01/2015
2015034817;1;2;2;1;1;800;06/01/2015
2015034818;1;2;1;1;7;800;07/01/2015
2015034819;5;2;1;8;1;800;07/01/2015
2015034820;1;2;2;1;3;800;12/01/2015
2015034821;5;2;1;1;7;800;13/01/2015
2015034822;3;1;1;2;3;800;14/01/2015
2015034823;5;2;2;1;3;800;15/01/2015
2015034824;1;2;1;1;7;800;16/01/2015
2015034825;1;1;1;1;3;800;17/01/2015
2015034826;1;2;2;1;3;800;17/01/2015
2015034827;5;2;6;3;7;800;18/01/2015
2015034828;5;2;2;2;3;800;18/01/2015
2015034829;1;2;1;1;3;800;19/01/2015
2015034830;5;2;2;2;3;800;20/01/2015
2015034831;1;2;3;1;3;800;22/01/2015
2015034832;1;1;3;1;3;800;25/01/2015
2015034833;5;2;1;1;7;800;23/01/2015
2015034834;1;2;1;1;7;800;27/01/2015
2015034835;2;2;1;1;7;800;27/01/2015
2015034836;5;2;1;2;7;800;29/01/2015
2015034837;5;2;1;2;2;800;29/01/2015
2015034838;5;2;1;2;3;800;30/01/2015
2015034839;1;2;1;1;6;800;02/02/2015
2015034840;1;2;3;2;3;800;04/02/2015
2015034841;1;2;1;1;2;800;05/02/2015
2015034842;1;2;1;1;3;800;05/02/2015
2015034843;1;2;1;1;7;800;07/02/2015
2015034844;1;2;1;1;7;800;06/02/2015
2015034845;1;2;1;1;7;800;07/02/2015
2015034846;1;2;1;1;3;800;10/02/2015
2015034847;1;2;1;1;6;800;11/02/2015
2015034848;1;2;1;1;7;800;11/02/2015
2015034849;2;2;1;1;3;800;12/02/2015
2015034850;5;2;1;1;7;800;15/02/2015
2015034851;1;2;1;1;7;800;13/02/2015
2015034852;5;2;2;1;3;800;15/02/2015
2015034853;5;1;6;1;7;800;15/02/2015
2015034854;5;2;1;2;7;800;13/02/2015
2015034855;5;2;1;1;6;810;21/12/2015
2015034856;1;2;1;1;1;810;28/05/2015
2015034857;1;2;1;1;5;810;15/06/2015
2015034858;1;2;1;1;6;810;23/06/2015
2015034859;1;2;1;1;1;810;13/07/2015
2015034860;2;2;1;1;6;810;31/07/2015
2015034861;1;1;1;1;6;810;05/08/2015
2015034862;1;1;1;1;3;810;23/10/2015
2015034863;5;2;1;1;3;810;11/11/2015
2015034864;5;1;1;2;6;810;08/12/2015
2015034865;5;2;1;1;3;810;27/02/2015
2015034866;1;2;3;1;3;810;20/03/2015
2015034867;1;2;1;1;1;810;28/05/2015
2015034868;1;2;2;1;3;810;13/11/2015
2015034869;1;2;1;1;1;810;26/03/2015
2015034870;1;2;7;1;6;810;18/12/2015
2015034871;2;1;1;1;7;810;08/02/2015
2015034872;1;2;1;1;7;810;17/03/2015
2015034873;5;2;3;1;3;810;09/04/2015
2015034874;1;1;1;1;5;810;13/04/2015
2015034875;1;1;4;3;7;810;19/04/2015
2015034876;1;2;1;1;2;810;27/05/2015
2015034877;1;2;3;1;3;810;02/06/2015
2015034878;1;1;1;1;6;810;10/06/2015