num_acc;lum;agg;inter;atm;col;dep;date
2015034879;1;1;2;1;3;810;27/06/2015
2015034880;1;2;1;1;7;810;09/07/2015
2015034881;5;2;3;1;3;810;10/09/2015
2015034882;2;2;1;1;7;810;26/11/2015
2015034883;1;2;1;1;6;810;16/03/2015
2015034884;2;2;1;1;3;810;14/06/2015
2015034885;1;2;1;1;6;810;24/07/2015
2015034886;5;2;1;1;3;810;04/09/2015
2015034887;1;1;1;1;1;810;11/09/2015
2015034888;1;2;1;1;3;810;30/10/2015
2015034889;1;2;1;1;3;810;07/10/2015
2015034890;5;2;1;1;3;810;13/11/2015
2015034891;5;2;1;1;3;810;13/02/2015
2015034892;1;2;1;1;3;810;06/03/2015
2015034893;2;1;1;1;3;820;05/02/2015
2015034894;1;2;3;1;3;820;31/03/2015
2015034895;1;1;1;1;2;820;09/12/2015
2015034896;1;2;9;1;2;820;09/04/2015
2015034897;5;2;1;1;6;820;18/05/2015
2015034898;1;1;1;1;2;820;02/06/2015
2015034899;3;1;1;1;3;820;20/07/2015
2015034900;5;2;3;1;3;820;11/09/2015
2015034901;3;1;1;1;6;820;04/10/2015
2015034902;1;1;1;1;6;820;18/08/2015
2015034903;3;1;1;6;7;820;31/08/2015
2015034904;1;2;1;1;2;820;17/11/2015
2015034905;1;1;1;1;6;820;01/04/2015
2015034906;1;2;1;1;6;820;16/12/2015
2015034907;1;2;1;1;6;820;16/03/2015
2015034908;1;1;2;1;3;820;27/12/2015
2015034909;1;2;3;1;5;820;20/03/2015
2015034910;1;1;1;1;3;820;27/03/2015
2015034911;1;1;1;1;5;820;30/03/2015
2015034912;1;2;2;1;3;820;01/04/2015
2015034913;1;1;1;1;7;820;20/04/2015
2015034914;1;2;1;1;6;820;02/05/2015
2015034915;1;2;1;1;6;820;07/05/2015
2015034916;1;2;2;1;3;820;11/05/2015
2015034917;1;2;1;1;3;820;16/05/2015
2015034918;1;2;3;1;4;820;26/05/2015
2015034919;1;2;3;1;3;820;29/05/2015
2015034920;1;2;1;1;1;820;16/06/2015
2015034921;1;2;1;1;2;820;11/06/2015
2015034922;3;1;1;1;6;820;17/06/2015
2015034923;1;2;1;1;6;820;18/06/2015
2015034924;1;2;2;1;3;820;19/06/2015
2015034925;3;1;1;1;7;820;07/06/2015
2015034926;1;2;3;1;6;820;28/06/2015
2015034927;1;2;1;1;7;820;19/07/2015
2015034928;5;1;2;1;3;820;26/07/2015
2015034929;5;2;2;2;3;820;29/07/2015
2015034930;2;1;1;1;6;820;13/09/2015
2015034931;1;1;1;1;1;820;24/07/2015
2015034932;1;1;1;3;1;820;14/08/2015
2015034933;1;1;6;7;3;820;20/08/2015
2015034934;1;2;1;7;6;820;21/08/2015
2015034935;1;2;3;1;3;820;30/08/2015
2015034936;1;1;1;1;6;820;22/08/2015
2015034937;1;2;1;1;6;820;20/08/2015
2015034938;1;1;9;1;3;820;03/09/2015
2015034939;3;1;1;1;6;820;03/11/2015
2015034940;3;1;1;1;6;820;04/09/2015
2015034941;1;2;3;1;3;820;08/09/2015
2015034942;1;1;1;1;1;820;22/11/2015
2015034943;1;1;1;1;6;820;22/09/2015
2015034944;5;2;3;1;1;820;24/09/2015
2015034945;1;2;6;1;2;820;25/09/2015
2015034946;5;2;3;1;3;820;25/09/2015
2015034947;1;1;1;1;1;820;30/09/2015
2015034948;2;1;1;1;3;820;05/01/2015
2015034949;1;2;2;1;3;820;29/09/2015
2015034950;3;1;2;1;3;820;10/12/2015
2015034951;1;2;1;1;3;820;05/10/2015
2015034952;3;1;1;1;6;820;10/10/2015
2015034953;3;1;1;1;6;820;11/10/2015
2015034954;5;2;3;1;3;820;23/10/2015
2015034955;3;1;3;1;3;820;31/10/2015
2015034956;2;2;2;1;3;820;06/11/2015
2015034957;5;2;1;1;2;820;22/10/2015
2015034958;1;2;1;1;3;820;22/01/2015
2015034959;1;1;1;1;1;820;23/01/2015
2015034960;5;1;1;1;1;820;02/02/2015
2015034961;5;2;1;1;6;820;31/01/2015
2015034962;5;2;2;1;3;820;03/02/2015
2015034963;5;2;1;1;6;820;23/02/2015
2015034964;5;1;1;1;6;820;08/03/2015
2015034965;1;2;4;1;3;820;12/03/2015
2015034966;3;1;1;1;7;820;07/02/2015
2015034967;2;1;1;7;6;830;02/01/2015
2015034968;1;2;6;1;6;830;23/03/2015
2015034969;1;2;6;1;3;830;04/01/2015
2015034970;1;1;3;1;3;830;06/04/2015
2015034971;1;1;1;1;2;830;04/01/2015
2015034972;1;2;1;1;6;830;14/01/2015
2015034973;1;2;1;1;3;830;18/04/2015
2015034974;1;2;1;1;6;830;15/01/2015
2015034975;1;2;1;1;5;830;10/06/2015
2015034976;5;1;1;2;6;830;16/01/2015
2015034977;1;2;1;1;3;830;22/06/2015
2015034978;3;1;1;1;3;830;07/02/2015
2015034979;1;2;1;1;6;830;22/06/2015
2015034980;5;2;1;1;6;830;17/02/2015
2015034981;5;2;1;1;2;830;02/07/2015
2015034982;1;2;1;1;6;830;19/02/2015
2015034983;3;1;9;1;1;830;21/07/2015
2015034984;1;2;1;1;6;830;11/03/2015
2015034985;3;2;1;1;5;830;26/07/2015
2015034986;1;2;3;1;3;830;26/08/2015
2015034987;1;1;1;1;5;830;05/09/2015
2015034988;1;2;3;1;3;830;07/09/2015
2015034989;1;2;5;1;1;830;14/09/2015
2015034990;1;2;1;1;7;830;19/09/2015
2015034991;1;1;1;1;3;830;21/09/2015
2015034992;1;1;1;1;2;830;25/09/2015
2015034993;1;2;1;1;6;830;28/09/2015
2015034994;1;2;3;1;1;830;29/09/2015
2015034995;2;2;1;3;6;830;02/10/2015
2015034996;1;2;1;1;3;830;19/10/2015
2015034997;5;2;3;1;3;830;05/11/2015
2015034998;1;1;1;1;2;830;03/11/2015
2015034999;5;2;1;1;6;830;02/12/2015
2015035000;5;2;9;1;6;830;14/12/2015
2015035001;2;2;9;1;3;830;17/12/2015
2015035002;1;2;1;1;6;830;14/12/2015
2015035003;2;2;6;1;3;830;16/12/2015
2015035004;1;1;1;1;6;830;24/02/2015
2015035005;1;2;1;1;6;830;25/03/2015
2015035006;3;1;1;1;6;830;08/04/2015
2015035007;1;2;1;1;3;830;23/03/2015
2015035008;1;1;1;1;2;830;13/04/2015
2015035009;5;2;1;1;6;830;01/05/2015
2015035010;1;2;1;1;3;830;03/05/2015
2015035011;1;1;1;1;3;830;06/05/2015
2015035012;1;2;1;1;1;830;13/05/2015
2015035013;1;1;1;1;1;830;14/05/2015
2015035014;1;2;2;1;3;830;08/05/2015
2015035015;1;1;1;1;1;830;01/05/2015
2015035016;1;2;1;1;5;830;10/05/2015
2015035017;1;2;1;8;6;830;26/05/2015
2015035018;1;2;6;1;3;830;21/05/2015
2015035019;1;2;1;1;3;830;30/04/2015
2015035020;1;2;1;1;3;830;01/06/2015
2015035021;1;2;1;1;6;830;18/06/2015
2015035022;2;2;1;1;6;830;13/06/2015
2015035023;1;1;1;1;3;830;10/07/2015
2015035024;1;1;1;1;6;830;15/07/2015
2015035025;1;2;1;1;6;830;25/07/2015
2015035026;1;2;2;1;3;830;26/07/2015
2015035027;1;1;1;1;1;830;21/06/2015
2015035028;1;2;1;1;3;830;21/07/2015
2015035029;2;1;1;1;1;830;11/08/2015
2015035030;1;2;1;1;2;830;14/08/2015
2015035031;1;2;1;1;6;830;21/08/2015
2015035032;1;2;1;1;6;830;16/09/2015
2015035033;1;2;1;1;3;830;08/09/2015
2015035034;1;2;1;1;6;830;10/09/2015
2015035035;1;2;4;1;3;830;29/09/2015
2015035036;1;1;1;1;3;830;27/09/2015
2015035037;1;2;1;1;6;830;22/10/2015
2015035038;2;1;1;1;5;830;16/11/2015
2015035039;1;2;1;1;3;830;12/11/2015
2015035040;1;2;1;1;6;830;01/12/2015
2015035041;1;2;3;1;3;830;09/12/2015
2015035042;1;1;1;1;6;830;10/12/2015
2015035043;1;2;1;1;6;830;12/11/2015
2015035044;1;2;6;1;6;830;01/12/2015
2015035045;1;2;1;1;6;830;08/02/2015
2015035046;5;1;1;1;7;830;01/02/2015
2015035047;1;2;4;1;2;830;26/02/2015
2015035048;1;2;1;1;5;830;04/03/2015
2015035049;5;1;9;1;3;830;06/01/2015
2015035050;1;1;1;1;3;830;08/03/2015
2015035051;1;2;1;1;6;830;31/12/2015
2015035052;5;2;6;1;7;830;30/03/2015
2015035053;1;2;6;1;3;830;04/04/2015
2015035054;1;2;9;1;6;830;06/04/2015
2015035055;5;2;1;1;2;830;21/12/2015
2015035056;1;2;1;1;3;830;15/04/2015
2015035057;5;1;3;1;2;830;23/04/2015
2015035058;3;1;1;1;7;830;25/04/2015
2015035059;5;2;1;1;3;830;03/05/2015
2015035060;2;1;9;1;1;830;09/05/2015
2015035061;1;1;3;7;1;830;15/05/2015
2015035062;1;2;3;1;3;830;25/05/2015
2015035063;1;2;4;1;4;830;30/05/2015
2015035064;5;2;3;1;7;830;07/06/2015
2015035065;5;2;1;1;1;830;05/07/2015
2015035066;1;1;1;1;6;830;02/07/2015
2015035067;2;1;1;1;5;830;05/07/2015
2015035068;1;2;1;1;2;830;05/07/2015
2015035069;1;2;1;1;6;830;16/07/2015
2015035070;5;2;1;1;7;830;25/07/2015
2015035071;1;1;1;1;6;830;23/07/2015
2015035072;5;2;1;1;6;830;10/08/2015
2015035073;3;1;1;1;6;830;03/09/2015
2015035074;1;2;1;1;2;830;12/09/2015
2015035075;1;1;1;1;5;830;14/09/2015
2015035076;5;2;1;1;6;830;15/09/2015
2015035077;1;1;1;1;2;830;17/09/2015
2015035078;1;2;1;1;6;830;29/09/2015
2015035079;1;2;9;1;2;830;11/10/2015
2015035080;1;2;1;1;6;830;15/10/2015
2015035081;1;1;1;1;3;830;30/10/2015
2015035082;1;1;2;1;3;830;02/11/2015
2015035083;1;2;1;1;1;830;10/11/2015
2015035084;5;1;6;1;3;830;04/01/2015
2015035085;3;2;1;1;1;830;28/11/2015
2015035086;3;1;1;1;1;830;10/12/2015
2015035087;5;1;1;1;1;830;10/12/2015
2015035088;1;2;1;1;3;830;18/12/2015
2015035089;3;1;1;1;6;830;10/01/2015
2015035090;3;1;1;1;1;830;15/01/2015
2015035091;1;1;1;1;6;830;13/01/2015
2015035092;1;2;1;1;6;830;16/01/2015
2015035093;5;2;6;2;7;830;04/02/2015
2015035094;1;2;1;1;6;830;20/02/2015
2015035095;3;1;1;1;6;830;14/03/2015
2015035096;5;2;1;1;6;830;01/01/2015
2015035097;5;2;1;2;7;830;21/03/2015
2015035098;1;2;1;1;6;830;30/01/2015
2015035099;3;1;1;1;6;830;27/03/2015
2015035100;1;2;1;1;6;830;02/02/2015
2015035101;1;2;1;6;3;830;01/04/2015
2015035102;1;1;6;1;3;830;09/04/2015
2015035103;1;2;1;1;3;830;19/02/2015
2015035104;5;2;1;1;3;830;28/04/2015
2015035105;1;1;1;1;6;830;17/02/2015
2015035106;1;2;1;1;3;830;05/05/2015
2015035107;1;2;1;1;3;830;26/02/2015
2015035108;1;2;1;1;7;830;15/05/2015
2015035109;1;2;1;1;7;830;03/03/2015
2015035110;1;2;1;1;6;830;19/05/2015
2015035111;1;2;1;1;3;830;23/05/2015
2015035112;1;2;1;1;6;830;20/05/2015
2015035113;1;2;1;1;2;830;05/06/2015
2015035114;1;2;6;1;2;830;03/06/2015
2015035115;1;2;1;1;2;830;05/06/2015
2015035116;5;2;1;8;6;830;13/06/2015
2015035117;2;2;1;1;3;830;14/06/2015
2015035118;1;2;1;1;6;830;14/06/2015
2015035119;1;2;1;1;3;830;27/06/2015
2015035120;1;2;9;1;3;830;29/06/2015
2015035121;5;2;6;1;2;830;02/07/2015
2015035122;1;2;1;1;6;830;06/07/2015
2015035123;2;2;1;1;7;830;11/06/2015
2015035124;1;2;9;1;6;830;08/07/2015
2015035125;1;2;1;1;3;830;07/07/2015
2015035126;1;1;3;1;7;830;11/07/2015
2015035127;1;2;3;1;3;830;09/07/2015
2015035128;1;2;1;1;2;830;08/07/2015
2015035129;2;2;1;1;6;830;19/07/2015
2015035130;1;1;1;1;1;830;15/07/2015
2015035131;1;2;1;1;3;830;21/07/2015
2015035132;5;2;1;1;6;830;26/07/2015
2015035133;5;2;1;1;2;830;27/07/2015
2015035134;1;2;1;1;1;830;29/07/2015
2015035135;1;2;1;1;7;830;30/07/2015
2015035136;1;1;1;1;6;830;29/07/2015
2015035137;1;2;1;1;3;830;02/08/2015
2015035138;1;2;1;1;6;830;13/08/2015
2015035139;2;2;1;1;7;830;19/08/2015
2015035140;1;2;1;1;6;830;26/08/2015
2015035141;1;2;1;1;6;830;28/08/2015
2015035142;1;2;1;1;6;830;01/09/2015
2015035143;5;1;1;1;7;830;05/09/2015
2015035144;4;2;3;1;3;830;10/09/2015
2015035145;1;2;1;1;6;830;25/09/2015
2015035146;1;2;1;1;1;830;24/09/2015
2015035147;5;2;9;2;6;830;04/10/2015
2015035148;1;2;1;1;6;830;06/10/2015
2015035149;5;2;1;1;6;830;10/10/2015
2015035150;1;2;1;1;6;830;11/10/2015
2015035151;1;2;1;1;3;830;11/10/2015
2015035152;5;2;1;1;1;830;17/10/2015
2015035153;2;2;1;2;6;830;27/10/2015
2015035154;2;2;6;1;3;830;26/10/2015
2015035155;1;2;1;1;6;830;02/11/2015
2015035156;1;2;1;1;6;830;10/11/2015
2015035157;2;2;1;1;6;830;17/11/2015
2015035158;1;2;1;1;6;830;19/11/2015
2015035159;5;2;1;1;6;830;20/11/2015
2015035160;1;2;1;1;6;830;20/11/2015
2015035161;1;2;1;7;6;830;24/11/2015
2015035162;1;2;3;8;3;830;07/12/2015
2015035163;5;2;1;1;6;830;12/12/2015
2015035164;5;2;1;1;6;830;13/12/2015
2015035165;5;1;1;2;3;830;06/12/2015
2015035166;5;2;2;1;3;830;14/12/2015
2015035167;5;2;1;1;6;830;18/12/2015
2015035168;2;2;6;1;6;830;06/01/2015
2015035169;1;2;2;6;3;830;01/04/2015
2015035170;2;2;1;1;3;830;12/01/2015
2015035171;1;2;6;1;5;830;06/04/2015
2015035172;1;2;1;1;2;830;28/01/2015
2015035173;1;2;3;1;3;830;10/04/2015
2015035174;1;2;1;3;1;830;14/02/2015
2015035175;1;2;1;8;6;830;15/04/2015
2015035176;1;2;2;1;3;830;26/02/2015
2015035177;5;2;1;1;7;830;12/05/2015
2015035178;1;2;3;1;3;830;10/03/2015
2015035179;3;1;1;1;7;830;18/05/2015
2015035180;1;2;6;1;6;830;19/05/2015
2015035181;1;2;1;1;6;830;20/05/2015
2015035182;1;2;1;1;3;830;26/05/2015
2015035183;1;2;3;1;3;830;27/05/2015
2015035184;1;2;2;1;3;830;29/05/2015
2015035185;1;2;1;1;6;830;02/06/2015
2015035186;1;2;1;1;3;830;28/05/2015
2015035187;1;1;1;1;6;830;10/06/2015
2015035188;1;2;1;1;5;830;19/06/2015
2015035189;1;2;1;1;6;830;19/06/2015
2015035190;1;1;1;1;3;830;14/06/2015
2015035191;1;2;1;1;6;830;23/06/2015
2015035192;1;2;1;1;3;830;02/06/2015
2015035193;1;2;1;1;7;830;14/07/2015
2015035194;1;2;1;1;6;830;14/07/2015
2015035195;1;2;3;1;3;830;07/07/2015
2015035196;1;1;1;1;6;830;16/07/2015
2015035197;1;1;1;1;3;830;02/08/2015
2015035198;1;2;1;1;3;830;05/08/2015
2015035199;1;2;1;1;2;830;05/08/2015
2015035200;1;2;1;1;6;830;25/08/2015
2015035201;1;2;5;1;1;830;28/10/2015
2015035202;1;2;1;3;6;830;03/11/2015
2015035203;3;1;1;1;3;830;06/11/2015
2015035204;1;2;1;1;2;830;14/11/2015
2015035205;1;1;1;1;6;830;23/11/2015
2015035206;5;2;1;1;3;830;17/12/2015
2015035207;1;1;1;1;3;830;17/12/2015
2015035208;3;2;1;1;1;830;23/12/2015
2015035209;1;2;1;1;7;830;03/01/2015
2015035210;1;2;1;1;1;830;02/01/2015
2015035211;1;1;1;1;7;830;13/03/2015
2015035212;1;2;1;1;1;830;06/01/2015
2015035213;5;2;6;8;3;830;18/03/2015
2015035214;5;2;1;1;2;830;10/01/2015
2015035215;1;2;1;1;1;830;17/03/2015
2015035216;5;2;9;1;2;830;13/01/2015
2015035217;1;2;1;1;2;830;18/03/2015
2015035218;1;2;1;1;6;830;08/01/2015
2015035219;1;2;9;1;2;830;19/03/2015
2015035220;1;2;2;1;6;830;15/01/2015
2015035221;1;2;1;1;6;830;20/03/2015
2015035222;2;2;1;1;3;830;15/01/2015
2015035223;5;2;1;1;6;830;20/03/2015
2015035224;5;2;2;1;3;830;15/01/2015
2015035225;1;2;1;8;6;830;21/03/2015
2015035226;3;2;1;8;6;830;16/01/2015
2015035227;1;2;1;1;7;830;21/03/2015
2015035228;5;2;1;2;6;830;21/01/2015
2015035229;1;2;6;2;6;830;24/03/2015
2015035230;1;2;1;1;6;830;26/01/2015
2015035231;5;2;1;2;2;830;24/03/2015
2015035232;1;2;1;1;6;830;23/01/2015
2015035233;2;1;1;1;7;830;27/03/2015
2015035234;1;2;1;1;3;830;26/01/2015
2015035235;1;2;3;1;3;830;28/03/2015
2015035236;1;2;3;1;3;830;27/01/2015
2015035237;1;1;1;1;6;830;04/04/2015
2015035238;2;2;1;1;6;830;28/01/2015
2015035239;5;2;1;1;6;830;07/04/2015
2015035240;1;2;1;1;3;830;28/01/2015
2015035241;1;2;1;1;6;830;09/04/2015
2015035242;5;2;1;1;6;830;31/01/2015
2015035243;1;2;1;1;6;830;10/04/2015
2015035244;1;2;3;1;3;830;30/01/2015
2015035245;1;2;1;1;6;830;12/04/2015
2015035246;4;2;2;1;3;830;12/01/2015
2015035247;1;2;1;1;6;830;12/04/2015
2015035248;1;2;1;1;3;830;22/01/2015
2015035249;1;2;6;1;3;830;14/04/2015
2015035250;1;2;1;1;3;830;03/02/2015
2015035251;1;2;4;1;2;830;14/04/2015
2015035252;5;2;1;2;7;830;07/02/2015
2015035253;1;2;3;1;7;830;11/04/2015
2015035254;1;2;1;2;2;830;05/02/2015
2015035255;1;2;1;1;6;830;08/04/2015
2015035256;5;2;1;2;2;830;07/02/2015
2015035257;1;2;3;1;6;830;14/04/2015
2015035258;3;2;3;1;6;830;12/02/2015
2015035259;5;2;1;1;5;830;15/04/2015
2015035260;5;2;1;3;6;830;20/01/2015
2015035261;5;2;1;1;3;830;15/04/2015
2015035262;5;1;9;1;3;830;08/02/2015
2015035263;1;2;1;1;6;830;16/04/2015
2015035264;5;2;1;1;6;830;12/02/2015
2015035265;1;1;1;1;6;830;18/04/2015
2015035266;5;2;1;2;1;830;16/01/2015
2015035267;1;1;1;8;6;830;19/04/2015
2015035268;1;1;1;1;2;830;20/02/2015
2015035269;1;2;1;1;3;830;21/04/2015
2015035270;5;2;1;1;6;830;19/02/2015
2015035271;1;2;1;1;2;830;20/04/2015
2015035272;1;2;3;1;3;830;22/02/2015
2015035273;1;2;1;1;6;830;24/04/2015
2015035274;1;1;1;1;3;830;24/02/2015
2015035275;2;2;3;1;1;830;03/05/2015
2015035276;1;2;1;1;6;830;25/02/2015
2015035277;1;2;1;1;6;830;29/04/2015
2015035278;1;2;2;7;1;830;25/02/2015
2015035279;1;2;2;1;3;830;10/05/2015
2015035280;1;2;1;1;3;830;28/02/2015
2015035281;1;2;3;1;5;830;11/05/2015
2015035282;1;2;1;1;3;830;26/02/2015
2015035283;1;1;1;1;3;830;12/05/2015
2015035284;1;1;1;1;3;830;04/03/2015
2015035285;1;1;1;1;6;830;13/05/2015
2015035286;1;2;3;1;6;830;22/02/2015
2015035287;1;2;1;1;6;830;14/05/2015
2015035288;1;2;1;1;6;830;27/02/2015
2015035289;1;2;1;1;6;830;14/05/2015
2015035290;5;2;1;1;6;830;23/02/2015
2015035291;1;2;1;1;6;830;16/05/2015
2015035292;1;2;1;1;3;830;04/03/2015
2015035293;1;1;1;1;2;830;08/05/2015
2015035294;1;2;1;1;3;830;12/03/2015
2015035295;1;2;1;1;4;830;16/05/2015
2015035296;1;2;6;1;6;830;18/02/2015
2015035297;1;1;1;1;6;830;17/05/2015
2015035298;2;2;1;1;1;830;03/03/2015
2015035299;1;2;1;1;6;830;18/05/2015
2015035300;1;1;1;1;1;830;20/05/2015
2015035301;1;2;3;2;3;830;01/03/2015
2015035302;5;2;2;1;1;830;31/05/2015
2015035303;1;2;1;1;4;830;02/06/2015
2015035304;1;1;1;1;6;830;01/06/2015
2015035305;1;2;1;1;2;830;02/06/2015
2015035306;1;1;1;1;3;830;02/06/2015
2015035307;1;1;1;1;1;830;03/06/2015
2015035308;1;2;1;1;7;830;03/06/2015
2015035309;3;1;1;1;7;830;06/06/2015
2015035310;5;2;1;1;3;830;06/06/2015
2015035311;2;2;3;1;3;830;06/06/2015
2015035312;2;2;2;1;3;830;08/06/2015
2015035313;1;2;2;1;6;830;13/06/2015
2015035314;1;1;1;1;1;830;13/06/2015
2015035315;1;2;1;1;6;830;15/06/2015
2015035316;1;2;1;1;6;830;17/06/2015
2015035317;1;2;1;1;3;830;18/06/2015
2015035318;1;2;1;1;2;830;18/06/2015
2015035319;5;2;1;1;7;830;21/06/2015
2015035320;1;2;2;1;1;830;24/06/2015
2015035321;1;2;1;1;3;830;25/06/2015
2015035322;1;2;3;1;3;830;26/06/2015
2015035323;2;1;1;1;6;830;27/06/2015
2015035324;1;2;9;1;3;830;29/06/2015
2015035325;5;2;3;1;3;830;29/06/2015
2015035326;1;2;1;1;5;830;30/06/2015
2015035327;1;2;1;1;6;830;01/07/2015
2015035328;1;2;6;1;2;830;29/06/2015
2015035329;1;2;1;1;2;830;03/07/2015
2015035330;1;1;1;1;4;830;03/07/2015
2015035331;1;2;1;1;3;830;05/07/2015
2015035332;1;2;1;1;3;830;06/07/2015
2015035333;1;2;1;1;3;830;10/07/2015
2015035334;5;2;3;1;3;830;13/07/2015
2015035335;1;2;1;1;2;830;24/07/2015
2015035336;1;2;1;1;4;830;24/07/2015
2015035337;1;2;1;1;6;830;24/07/2015
2015035338;5;2;1;1;6;830;26/07/2015
2015035339;1;2;3;1;3;830;28/07/2015
2015035340;1;2;1;1;6;830;31/07/2015
2015035341;5;2;1;1;6;830;01/08/2015
2015035342;1;2;1;1;3;830;02/08/2015
2015035343;1;2;3;1;6;830;03/08/2015
2015035344;1;2;3;1;3;830;05/08/2015
2015035345;1;2;1;1;3;830;06/08/2015
2015035346;1;2;1;1;6;830;13/08/2015
2015035347;1;2;1;1;6;830;14/08/2015
2015035348;1;1;1;1;3;830;17/08/2015
2015035349;1;2;1;1;3;830;17/08/2015
2015035350;5;2;1;1;3;830;19/08/2015
2015035351;1;2;1;1;2;830;20/08/2015
2015035352;5;2;1;1;7;830;21/08/2015
2015035353;1;2;3;1;1;830;24/08/2015
2015035354;1;2;1;1;2;830;27/08/2015
2015035355;1;1;1;1;6;830;27/08/2015
2015035356;1;2;1;1;1;830;29/08/2015
2015035357;1;1;1;1;3;830;01/09/2015
2015035358;5;2;1;1;3;830;01/09/2015
2015035359;1;2;1;1;6;830;02/09/2015
2015035360;1;2;1;1;6;830;02/09/2015
2015035361;1;2;1;1;5;830;04/09/2015
2015035362;1;2;1;1;6;830;09/09/2015
2015035363;1;2;1;1;2;830;09/09/2015
2015035364;2;2;1;1;1;830;11/09/2015
2015035365;1;1;1;1;7;830;12/09/2015
2015035366;1;1;1;1;6;830;14/09/2015
2015035367;1;1;3;1;3;830;15/09/2015
2015035368;1;2;1;1;1;830;22/09/2015
2015035369;1;2;1;1;2;830;22/09/2015
2015035370;1;2;1;1;4;830;24/09/2015
2015035371;1;2;1;1;2;830;24/09/2015
2015035372;1;2;1;1;6;830;25/09/2015
2015035373;1;2;3;1;3;830;23/09/2015
2015035374;1;2;3;1;3;830;01/10/2015
2015035375;1;2;2;1;3;830;03/10/2015
2015035376;3;1;1;2;1;830;03/10/2015
2015035377;1;1;1;1;2;830;04/10/2015
2015035378;1;2;1;1;1;830;05/10/2015
2015035379;1;2;1;1;4;830;06/10/2015
2015035380;1;2;1;1;3;830;10/10/2015
2015035381;4;2;1;1;6;830;09/10/2015
2015035382;1;2;1;1;6;830;12/10/2015
2015035383;5;2;9;1;3;830;16/10/2015
2015035384;2;2;1;1;3;830;18/10/2015
2015035385;1;1;1;1;4;830;21/10/2015
2015035386;1;1;1;1;6;830;23/10/2015
2015035387;1;2;4;1;7;830;26/10/2015
2015035388;1;2;1;2;1;830;28/10/2015
2015035389;1;1;3;1;3;830;30/10/2015
2015035390;5;2;1;1;6;830;03/11/2015
2015035391;1;2;3;1;3;830;04/11/2015
2015035392;5;2;1;1;7;830;08/11/2015
2015035393;1;2;2;1;3;830;08/11/2015
2015035394;1;1;1;1;1;830;09/11/2015
2015035395;1;1;1;1;6;830;12/11/2015
2015035396;1;2;6;1;3;830;16/11/2015
2015035397;1;2;1;1;6;830;17/11/2015
2015035398;2;2;5;6;3;830;21/11/2015
2015035399;5;1;1;1;2;830;22/11/2015
2015035400;1;2;1;1;2;830;28/11/2015
2015035401;1;1;1;1;6;830;29/11/2015
2015035402;1;2;1;1;3;830;25/11/2015
2015035403;2;2;1;1;4;830;30/11/2015
2015035404;1;2;1;1;2;830;01/12/2015
2015035405;1;2;1;1;3;830;02/12/2015
2015035406;1;2;1;1;6;830;27/11/2015
2015035407;5;2;1;2;6;830;07/12/2015
2015035408;5;2;1;1;6;830;08/12/2015
2015035409;5;2;1;2;1;830;13/12/2015
2015035410;1;2;2;1;6;830;15/12/2015
2015035411;2;2;1;1;5;830;18/12/2015
2015035412;1;2;1;1;6;830;19/12/2015
2015035413;4;2;1;1;6;830;27/12/2015
2015035414;1;1;1;1;3;830;30/12/2015
2015035415;4;2;1;1;1;830;30/12/2015
2015035416;1;2;1;1;3;830;31/12/2015
2015035417;5;1;1;1;6;840;07/02/2015
2015035418;1;2;1;1;6;840;17/04/2015
2015035419;5;2;1;2;6;840;31/12/2015
2015035420;1;2;1;1;6;840;26/03/2015
2015035421;1;2;4;1;3;300;27/07/2015
2015035422;1;2;1;1;6;840;28/04/2015
2015035423;1;2;4;1;3;840;16/04/2015
2015035424;1;2;1;1;1;840;05/05/2015
2015035425;5;1;1;1;3;840;31/03/2015
2015035426;1;2;2;1;6;840;16/12/2015
2015035427;1;1;1;1;2;300;15/05/2015
2015035428;5;1;1;1;6;840;16/12/2015
2015035429;2;2;1;1;6;300;30/04/2015
2015035430;1;2;3;1;3;840;17/06/2015
2015035431;1;2;1;1;6;840;04/05/2015
2015035432;1;1;1;1;5;840;10/06/2015
2015035433;5;2;1;1;6;840;28/03/2015
2015035434;2;2;1;1;6;840;01/06/2015
2015035435;1;2;7;1;2;840;06/07/2015
2015035436;3;1;1;1;6;840;30/06/2015
2015035437;1;2;1;1;6;840;25/08/2015
2015035438;5;2;1;1;2;840;28/06/2015
2015035439;1;2;1;1;6;300;13/11/2015
2015035440;1;2;1;1;6;840;07/05/2015
2015035441;1;1;1;1;1;840;24/11/2015
2015035442;1;1;1;1;3;840;04/04/2015
2015035443;1;1;1;1;3;840;15/10/2015
2015035444;1;2;3;1;3;840;10/06/2015
2015035445;1;2;6;1;4;840;02/12/2015
2015035446;5;2;1;1;1;840;21/08/2015
2015035447;1;2;9;1;6;840;10/12/2015
2015035448;1;2;1;1;6;840;22/08/2015
2015035449;2;2;1;1;1;840;25/12/2015
2015035450;1;1;1;1;6;300;12/09/2015
2015035451;1;2;1;1;2;840;03/09/2015
2015035452;1;2;1;1;7;840;13/07/2015
2015035453;1;1;1;1;7;300;21/09/2015
2015035454;1;2;5;1;3;300;29/07/2015
2015035455;1;2;1;1;6;840;21/09/2015
2015035456;1;2;2;1;3;840;23/10/2015
2015035457;2;2;1;1;1;840;19/07/2015
2015035458;2;2;1;1;3;840;30/10/2015