num_acc;lum;agg;inter;atm;col;dep;date
2015036619;1;1;1;1;6;910;13/06/2015
2015036620;1;2;1;1;4;910;17/06/2015
2015036621;1;2;1;1;3;910;26/06/2015
2015036622;1;1;1;1;4;910;29/06/2015
2015036623;1;2;1;1;4;910;01/07/2015
2015036624;1;2;1;1;1;910;04/07/2015
2015036625;1;2;1;1;2;910;18/07/2015
2015036626;5;2;1;1;1;910;20/08/2015
2015036627;1;2;1;1;6;910;04/09/2015
2015036628;1;2;6;1;3;910;27/08/2015
2015036629;1;2;1;1;2;910;21/09/2015
2015036630;1;2;1;8;3;910;22/09/2015
2015036631;1;2;1;2;4;910;22/09/2015
2015036632;1;2;1;2;6;910;22/09/2015
2015036633;1;2;2;1;3;910;28/09/2015
2015036634;1;2;1;1;2;910;28/09/2015
2015036635;1;2;3;1;1;910;04/10/2015
2015036636;1;1;1;1;1;910;11/10/2015
2015036637;1;2;1;1;4;910;08/10/2015
2015036638;5;2;1;1;6;910;16/10/2015
2015036639;2;1;1;1;4;910;05/11/2015
2015036640;1;2;1;1;1;910;04/11/2015
2015036641;2;2;6;1;3;910;09/11/2015
2015036642;2;2;1;8;4;910;17/11/2015
2015036643;3;1;1;2;3;910;25/11/2015
2015036644;5;1;1;1;6;910;26/11/2015
2015036645;5;2;1;2;2;910;27/11/2015
2015036646;5;2;1;1;3;910;29/11/2015
2015036647;5;2;6;2;2;910;15/12/2015
2015036648;5;2;1;2;1;910;15/12/2015
2015036649;1;2;1;1;6;910;07/11/2015
2015036650;1;1;1;1;6;910;18/05/2015
2015036651;5;2;1;1;6;910;08/02/2015
2015036652;1;2;1;3;6;910;21/11/2015
2015036653;5;2;2;1;3;910;09/05/2015
2015036654;1;2;1;1;6;910;19/05/2015
2015036655;1;2;3;1;3;910;02/07/2015
2015036656;1;1;1;1;6;910;15/07/2015
2015036657;2;2;3;1;3;910;17/07/2015
2015036658;1;2;1;1;6;910;17/07/2015
2015036659;5;2;3;1;3;910;09/10/2015
2015036660;1;2;1;1;6;910;11/01/2015
2015036661;1;2;1;1;6;910;20/08/2015
2015036662;1;2;1;5;6;910;20/01/2015
2015036663;1;2;3;1;3;910;25/10/2015
2015036664;1;2;1;4;6;910;19/01/2015
2015036665;1;2;3;3;3;910;05/10/2015
2015036666;5;2;1;1;3;910;09/01/2015
2015036667;1;2;1;1;6;910;10/09/2015
2015036668;1;2;1;1;3;910;28/02/2015
2015036669;5;2;1;1;2;910;28/02/2015
2015036670;1;2;1;1;6;910;04/03/2015
2015036671;1;2;1;1;6;910;08/03/2015
2015036672;5;2;2;1;6;910;16/03/2015
2015036673;1;2;2;1;2;910;24/03/2015
2015036674;1;2;2;1;3;910;25/03/2015
2015036675;1;2;4;1;6;910;27/03/2015
2015036676;5;2;2;1;3;910;29/03/2015
2015036677;1;2;1;1;6;910;30/03/2015
2015036678;1;2;1;1;6;910;30/03/2015
2015036679;1;2;3;1;3;910;31/03/2015
2015036680;1;2;1;1;6;910;01/04/2015
2015036681;1;2;2;1;6;910;02/04/2015
2015036682;1;1;1;1;6;910;10/04/2015
2015036683;1;2;1;1;3;910;14/04/2015
2015036684;1;2;1;1;4;910;14/04/2015
2015036685;1;2;6;1;3;910;18/04/2015
2015036686;1;2;1;1;1;910;22/04/2015
2015036687;5;2;3;1;3;910;27/04/2015
2015036688;1;2;1;1;2;910;28/04/2015
2015036689;1;2;7;1;6;910;29/04/2015
2015036690;1;2;3;1;3;910;29/04/2015
2015036691;1;1;1;3;1;910;01/05/2015
2015036692;1;2;1;2;1;910;04/05/2015
2015036693;1;2;1;1;6;910;05/05/2015
2015036694;1;2;2;1;2;910;08/05/2015
2015036695;1;2;1;1;3;910;17/05/2015
2015036696;1;2;4;2;3;910;29/05/2015
2015036697;1;2;2;1;5;910;03/06/2015
2015036698;1;1;1;1;3;910;15/06/2015
2015036699;1;2;1;1;2;910;18/06/2015
2015036700;1;2;3;1;3;910;19/06/2015
2015036701;1;2;1;1;6;910;19/06/2015
2015036702;1;2;1;1;3;910;23/06/2015
2015036703;1;2;1;1;3;910;24/06/2015
2015036704;1;2;5;1;1;910;28/06/2015
2015036705;1;2;2;1;2;910;30/06/2015
2015036706;1;1;1;1;1;910;29/06/2015
2015036707;1;2;1;1;3;910;01/07/2015
2015036708;1;2;2;1;3;910;02/07/2015
2015036709;1;2;1;1;6;910;09/07/2015
2015036710;1;2;1;1;6;910;15/07/2015
2015036711;1;2;2;1;6;910;16/07/2015
2015036712;1;2;1;1;1;910;17/07/2015
2015036713;1;2;2;1;1;910;20/07/2015
2015036714;1;2;2;1;3;910;01/08/2015
2015036715;1;2;1;1;3;910;24/06/2015
2015036716;1;2;2;1;3;910;04/08/2015
2015036717;1;2;1;1;6;910;08/08/2015
2015036718;1;2;1;1;6;910;14/08/2015
2015036719;1;2;1;1;3;910;31/08/2015
2015036720;1;2;1;1;2;910;02/09/2015
2015036721;1;2;1;1;6;910;04/09/2015
2015036722;5;2;5;1;3;910;16/09/2015
2015036723;5;2;7;1;6;910;20/09/2015
2015036724;5;2;1;1;6;910;04/01/2015
2015036725;5;2;1;2;4;910;22/09/2015
2015036726;1;2;1;1;1;910;24/09/2015
2015036727;1;2;1;1;3;910;29/09/2015
2015036728;1;2;1;1;1;910;11/09/2015
2015036729;1;2;2;8;3;910;14/10/2015
2015036730;1;2;3;1;6;910;17/10/2015
2015036731;1;2;1;1;2;910;17/10/2015
2015036732;1;2;1;1;4;910;26/10/2015
2015036733;2;2;3;2;3;910;28/10/2015
2015036734;5;2;1;1;1;910;02/11/2015
2015036735;5;2;6;1;6;910;03/11/2015
2015036736;1;2;2;3;3;910;06/11/2015
2015036737;5;2;1;2;7;910;06/11/2015
2015036738;1;2;3;1;3;910;12/11/2015
2015036739;5;2;1;1;3;910;14/11/2015
2015036740;1;2;1;1;2;910;18/11/2015
2015036741;1;2;1;1;3;910;22/11/2015
2015036742;5;2;6;2;7;910;25/11/2015
2015036743;1;2;3;1;6;910;26/11/2015
2015036744;5;2;1;5;7;910;27/11/2015
2015036745;5;2;1;1;4;910;26/11/2015
2015036746;5;2;1;1;3;910;05/12/2015
2015036747;5;2;1;1;3;910;05/12/2015
2015036748;1;2;2;2;6;910;08/12/2015
2015036749;5;2;1;1;2;910;12/12/2015
2015036750;1;2;1;1;6;910;17/12/2015
2015036751;1;2;1;1;6;910;18/12/2015
2015036752;5;2;1;8;3;910;18/12/2015
2015036753;2;2;3;1;3;910;20/12/2015
2015036754;5;1;1;1;6;910;22/12/2015
2015036755;1;2;1;1;4;910;28/12/2015
2015036756;5;2;1;1;6;910;30/12/2015
2015036757;1;2;2;1;6;910;11/01/2015
2015036758;1;2;2;1;6;910;13/02/2015
2015036759;1;2;2;1;1;910;19/02/2015
2015036760;1;2;2;9;3;910;24/01/2015
2015036761;1;2;9;9;4;910;25/01/2015
2015036762;4;2;2;9;3;910;28/01/2015
2015036763;5;2;2;1;1;910;07/02/2015
2015036764;1;2;1;1;7;910;07/01/2015
2015036765;1;2;1;1;1;910;07/03/2015
2015036766;4;2;1;1;6;910;18/01/2015
2015036767;1;1;1;1;7;910;10/03/2015
2015036768;1;1;1;1;7;910;20/01/2015
2015036769;1;2;1;1;2;910;11/03/2015
2015036770;5;2;1;1;6;910;22/01/2015
2015036771;1;2;1;1;6;910;23/03/2015
2015036772;1;1;1;2;7;910;28/01/2015
2015036773;5;2;3;1;1;910;28/03/2015
2015036774;1;1;1;1;7;910;30/01/2015
2015036775;1;1;1;1;4;910;03/04/2015
2015036776;1;2;1;1;3;910;04/02/2015
2015036777;1;1;1;1;7;910;06/04/2015
2015036778;1;2;1;1;6;910;11/02/2015
2015036779;1;1;1;1;1;910;08/04/2015
2015036780;2;1;1;1;7;910;14/02/2015
2015036781;3;2;3;1;6;910;09/04/2015
2015036782;1;1;1;1;6;910;15/02/2015
2015036783;1;2;1;1;7;910;10/04/2015
2015036784;1;2;1;1;6;910;18/02/2015
2015036785;1;2;1;1;2;910;13/04/2015
2015036786;1;2;7;1;6;910;19/02/2015
2015036787;1;2;1;1;7;910;14/04/2015
2015036788;3;2;1;1;6;910;17/04/2015
2015036789;5;1;9;1;7;910;21/02/2015
2015036790;3;1;1;1;7;910;22/04/2015
2015036791;2;1;1;1;7;910;24/02/2015
2015036792;1;2;3;2;3;910;25/02/2015
2015036793;1;1;1;1;6;910;28/04/2015
2015036794;1;2;3;1;3;910;29/04/2015
2015036795;5;2;1;1;2;910;27/02/2015
2015036796;5;2;1;1;1;910;27/02/2015
2015036797;1;2;1;1;6;910;11/05/2015
2015036798;1;2;1;1;2;910;18/05/2015
2015036799;3;1;6;1;6;910;21/05/2015
2015036800;1;2;1;1;6;910;28/05/2015
2015036801;1;2;1;1;6;910;02/06/2015
2015036802;1;2;1;1;6;910;06/06/2015
2015036803;1;1;1;1;1;910;06/06/2015
2015036804;1;1;1;1;6;910;12/06/2015
2015036805;1;2;1;1;2;910;14/06/2015
2015036806;1;2;2;1;3;910;16/06/2015
2015036807;1;2;1;1;3;910;21/06/2015
2015036808;1;1;3;1;3;910;24/06/2015
2015036809;5;1;1;1;7;910;06/07/2015
2015036810;1;1;1;1;7;910;11/07/2015
2015036811;1;2;6;1;3;910;13/07/2015
2015036812;1;1;1;1;7;910;13/07/2015
2015036813;1;1;1;1;5;910;21/07/2015
2015036814;3;2;1;1;6;910;23/07/2015
2015036815;1;1;1;2;6;910;26/07/2015
2015036816;1;2;1;2;6;910;26/07/2015
2015036817;1;2;1;1;2;910;03/08/2015
2015036818;1;2;7;1;2;910;12/08/2015
2015036819;1;2;1;1;7;910;17/08/2015
2015036820;1;1;1;1;3;910;19/08/2015
2015036821;1;1;2;1;1;910;21/08/2015
2015036822;5;2;1;3;1;910;27/08/2015
2015036823;1;2;1;1;6;910;28/08/2015
2015036824;1;2;1;1;7;910;31/08/2015
2015036825;1;1;1;1;7;910;12/09/2015
2015036826;5;2;1;2;7;910;13/09/2015
2015036827;5;2;1;1;6;910;16/09/2015
2015036828;1;2;3;1;2;910;18/09/2015
2015036829;1;2;3;1;3;910;18/09/2015
2015036830;1;2;3;1;3;910;20/09/2015
2015036831;1;1;6;1;5;910;25/09/2015
2015036832;1;2;1;1;2;910;29/09/2015
2015036833;1;1;1;1;7;910;30/09/2015
2015036834;1;2;1;1;6;910;01/10/2015
2015036835;2;2;1;2;6;910;06/10/2015
2015036836;1;1;1;2;7;910;06/10/2015
2015036837;5;2;1;1;6;910;06/10/2015
2015036838;1;2;1;1;6;910;09/10/2015
2015036839;1;1;1;1;6;910;12/10/2015
2015036840;1;2;3;1;3;910;13/10/2015
2015036841;1;1;2;1;1;910;16/10/2015
2015036842;1;2;1;1;7;910;18/10/2015
2015036843;1;2;3;1;2;910;20/10/2015
2015036844;1;2;1;2;4;910;27/10/2015
2015036845;5;2;1;1;6;910;31/10/2015
2015036846;1;2;1;1;6;910;01/11/2015
2015036847;2;2;1;2;6;910;05/11/2015
2015036848;1;1;1;1;2;910;09/11/2015
2015036849;2;2;1;1;6;910;14/11/2015
2015036850;1;1;1;2;7;910;17/11/2015
2015036851;5;2;1;2;6;910;17/11/2015
2015036852;3;1;3;1;3;910;17/11/2015
2015036853;1;1;1;1;1;910;22/11/2015
2015036854;2;1;1;1;6;910;27/11/2015
2015036855;3;1;1;1;7;910;27/11/2015
2015036856;3;1;1;1;5;910;03/12/2015
2015036857;3;1;1;1;4;910;04/12/2015
2015036858;3;1;1;1;4;910;08/12/2015
2015036859;3;1;3;1;5;910;13/12/2015
2015036860;1;1;1;1;6;910;15/12/2015
2015036861;1;2;1;1;6;910;16/12/2015
2015036862;3;1;1;1;7;910;19/12/2015
2015036863;2;1;1;1;7;910;19/12/2015
2015036864;1;2;1;1;6;910;20/12/2015
2015036865;1;1;1;1;6;910;21/12/2015
2015036866;2;1;1;1;3;910;23/12/2015
2015036867;5;2;1;1;4;910;23/12/2015
2015036868;5;2;6;1;6;910;27/12/2015
2015036869;1;2;3;1;1;910;29/12/2015
2015036870;2;1;1;1;7;910;30/12/2015
2015036871;1;2;1;1;6;910;30/08/2015
2015036872;1;1;1;1;6;910;07/07/2015
2015036873;5;2;2;1;6;910;17/07/2015
2015036874;1;2;2;1;6;910;22/07/2015
2015036875;5;2;1;1;6;910;12/11/2015
2015036876;1;2;3;1;1;910;21/11/2015
2015036877;1;2;2;1;3;910;30/10/2015
2015036878;1;2;1;1;6;910;22/09/2015
2015036879;5;2;2;1;1;910;28/05/2015
2015036880;1;2;1;1;6;910;31/03/2015
2015036881;5;1;1;1;6;910;03/04/2015
2015036882;5;2;2;1;5;910;28/09/2015
2015036883;1;2;1;1;1;910;19/05/2015
2015036884;1;1;1;1;7;910;31/12/2015
2015036885;1;2;1;1;6;910;08/04/2015
2015036886;1;2;1;1;1;910;28/12/2015
2015036887;1;2;3;1;3;910;04/04/2015
2015036888;1;2;1;1;7;910;17/03/2015
2015036889;1;2;3;3;5;910;31/05/2015
2015036890;1;2;2;1;3;910;30/05/2015
2015036891;1;2;1;1;1;910;29/12/2015
2015036892;1;2;3;1;3;910;08/06/2015
2015036893;1;2;7;1;3;910;12/01/2015
2015036894;1;2;1;1;1;910;16/06/2015
2015036895;2;2;3;2;3;910;23/11/2015
2015036896;1;2;2;1;3;910;11/07/2015
2015036897;1;2;1;1;2;910;08/06/2015
2015036898;1;2;1;1;6;910;10/08/2015
2015036899;5;2;2;1;6;910;02/09/2015
2015036900;1;2;1;2;2;910;09/01/2015
2015036901;2;2;1;1;2;910;21/01/2015
2015036902;1;2;1;1;6;910;27/01/2015
2015036903;1;2;1;1;6;910;14/02/2015
2015036904;1;2;1;1;6;910;27/02/2015
2015036905;5;2;3;8;6;910;09/01/2015
2015036906;2;2;1;8;6;910;14/01/2015
2015036907;1;2;1;1;6;910;12/02/2015
2015036908;4;2;1;1;3;910;02/03/2015
2015036909;1;1;6;1;5;910;13/02/2015
2015036910;1;2;2;1;3;910;08/03/2015
2015036911;3;2;3;1;3;910;17/02/2015
2015036912;1;2;1;1;6;910;13/03/2015
2015036913;1;2;1;2;6;910;25/02/2015
2015036914;1;2;1;2;3;910;02/04/2015
2015036915;1;2;3;3;1;910;03/04/2015
2015036916;1;2;1;1;5;910;09/04/2015
2015036917;1;2;1;1;3;910;28/04/2015
2015036918;1;2;1;2;2;910;30/04/2015
2015036919;1;2;3;1;1;910;13/05/2015
2015036920;1;2;1;1;3;910;20/05/2015
2015036921;2;2;1;1;6;910;16/05/2015
2015036922;1;2;2;1;1;910;27/05/2015
2015036923;1;2;9;1;3;910;05/06/2015
2015036924;1;2;1;1;6;910;09/06/2015
2015036925;1;2;1;1;3;910;24/06/2015
2015036926;1;2;9;1;3;910;25/06/2015
2015036927;1;2;3;1;2;910;26/06/2015
2015036928;1;2;1;1;6;910;23/04/2015
2015036929;1;2;1;1;3;910;29/06/2015
2015036930;2;2;1;1;6;910;30/05/2015
2015036931;1;2;2;1;6;910;03/07/2015
2015036932;1;2;6;1;3;910;08/07/2015
2015036933;1;2;2;1;3;910;20/07/2015
2015036934;1;2;1;1;4;910;11/09/2015
2015036935;1;2;2;1;6;910;15/09/2015
2015036936;1;2;2;1;6;910;18/09/2015
2015036937;1;1;1;1;6;910;23/09/2015
2015036938;1;2;1;1;6;910;27/09/2015
2015036939;1;2;3;1;3;910;29/09/2015
2015036940;5;2;1;2;3;910;16/10/2015
2015036941;5;2;2;2;3;910;20/10/2015
2015036942;1;2;6;1;6;910;31/10/2015
2015036943;1;1;1;1;4;910;05/11/2015
2015036944;5;2;1;1;6;910;26/11/2015
2015036945;5;2;2;1;6;910;14/12/2015
2015036946;1;1;6;2;3;910;15/12/2015
2015036947;5;2;1;2;6;910;16/12/2015
2015036948;1;2;2;1;6;910;19/12/2015
2015036949;1;1;3;2;3;910;18/12/2015
2015036950;3;1;3;1;1;910;29/12/2015
2015036951;1;2;1;1;6;910;12/02/2015
2015036952;1;1;1;1;1;910;21/10/2015
2015036953;1;2;1;1;6;910;18/03/2015
2015036954;1;2;6;1;4;910;20/03/2015
2015036955;1;2;6;1;2;910;28/03/2015
2015036956;1;2;1;1;4;910;03/04/2015
2015036957;5;2;1;1;2;910;06/04/2015
2015036958;2;1;2;1;3;910;05/11/2015
2015036959;1;2;1;1;2;910;08/04/2015
2015036960;1;2;1;1;2;910;08/04/2015
2015036961;1;2;1;1;1;910;14/04/2015
2015036962;1;2;1;1;1;910;15/04/2015
2015036963;1;2;1;1;1;910;06/08/2015
2015036964;1;2;1;1;6;910;17/04/2015
2015036965;2;2;1;1;3;910;29/04/2015
2015036966;5;2;1;1;2;910;09/05/2015
2015036967;1;2;1;1;6;910;29/05/2015
2015036968;1;2;2;1;3;910;23/05/2015
2015036969;1;2;1;1;2;910;03/06/2015
2015036970;1;2;1;1;6;910;09/06/2015
2015036971;1;2;3;1;5;910;11/06/2015
2015036972;1;2;1;1;3;910;12/06/2015
2015036973;5;2;1;1;3;910;13/01/2015
2015036974;1;2;2;1;1;910;19/06/2015
2015036975;5;2;1;2;3;910;14/01/2015
2015036976;5;2;1;1;3;910;17/01/2015
2015036977;1;2;1;1;6;910;17/07/2015
2015036978;1;2;1;1;3;910;21/01/2015
2015036979;1;2;3;2;3;910;26/07/2015
2015036980;1;2;1;1;4;910;26/01/2015
2015036981;1;2;1;1;6;910;28/01/2015
2015036982;1;2;1;1;2;910;30/07/2015
2015036983;1;2;1;1;3;910;07/03/2015
2015036984;1;2;1;1;3;910;01/09/2015
2015036985;1;2;1;1;3;910;09/03/2015
2015036986;1;2;1;1;3;910;06/09/2015
2015036987;2;2;1;1;6;910;13/03/2015
2015036988;1;2;1;1;3;910;09/09/2015
2015036989;5;2;1;2;1;910;16/09/2015
2015036990;1;2;1;3;6;910;14/08/2015
2015036991;1;2;1;1;2;910;13/10/2015
2015036992;1;2;1;1;6;910;14/10/2015
2015036993;2;2;2;1;3;910;26/10/2015
2015036994;1;2;1;2;3;910;03/11/2015
2015036995;1;2;1;2;6;910;16/11/2015
2015036996;5;2;1;1;6;910;02/12/2015
2015036997;1;1;1;7;1;910;09/12/2015
2015036998;5;2;1;3;6;910;15/12/2015
2015036999;5;2;3;1;7;910;18/12/2015
2015037000;1;2;1;2;1;910;16/10/2015
2015037001;5;2;1;1;4;910;07/06/2015
2015037002;1;2;1;1;2;910;31/12/2015
2015037003;1;2;2;1;3;910;06/06/2015
2015037004;1;2;1;1;6;910;07/01/2015
2015037005;1;2;1;1;6;910;20/06/2015
2015037006;3;1;1;1;2;910;30/06/2015
2015037007;1;2;1;1;4;910;13/01/2015
2015037008;1;2;1;1;1;910;03/07/2015
2015037009;5;2;1;1;6;910;14/01/2015
2015037010;1;2;1;1;6;910;26/11/2015
2015037011;1;1;1;1;2;910;10/07/2015
2015037012;5;2;3;1;3;910;16/01/2015
2015037013;1;2;1;1;2;910;12/06/2015
2015037014;2;1;1;1;7;910;31/01/2015
2015037015;1;2;6;1;1;910;24/07/2015
2015037016;2;2;1;1;3;910;02/02/2015
2015037017;1;1;1;3;4;910;07/08/2015
2015037018;1;2;1;1;6;910;12/02/2015
2015037019;1;1;1;1;4;910;16/06/2015
2015037020;4;1;1;1;2;910;16/02/2015
2015037021;1;2;1;2;3;910;16/12/2015
2015037022;1;2;2;1;3;910;21/08/2015
2015037023;5;2;1;1;2;910;28/02/2015
2015037024;1;1;1;1;2;910;09/09/2015
2015037025;1;1;1;1;2;910;07/03/2015
2015037026;1;2;1;1;2;910;17/12/2015
2015037027;1;1;1;1;1;910;10/09/2015
2015037028;1;2;1;1;4;910;07/03/2015
2015037029;1;2;3;1;2;910;11/09/2015
2015037030;1;1;1;2;3;910;23/02/2015
2015037031;1;2;4;1;1;910;17/09/2015
2015037032;4;1;1;1;4;910;08/03/2015
2015037033;1;2;1;1;6;910;21/09/2015
2015037034;1;2;1;2;2;910;25/03/2015
2015037035;1;1;1;1;1;910;22/09/2015
2015037036;2;2;1;2;6;910;25/03/2015
2015037037;1;1;1;1;2;910;30/09/2015
2015037038;1;2;3;1;3;910;12/01/2015
2015037039;1;2;1;1;2;910;01/10/2015
2015037040;1;2;3;1;1;910;30/03/2015
2015037041;5;2;1;1;1;910;03/10/2015
2015037042;1;2;1;1;2;910;14/03/2015
2015037043;3;2;1;1;6;910;19/09/2015
2015037044;1;2;3;1;3;910;02/04/2015
2015037045;5;2;1;1;6;910;13/10/2015
2015037046;1;2;2;1;3;910;05/04/2015
2015037047;5;1;1;1;6;910;05/07/2015
2015037048;1;2;6;1;3;910;12/04/2015
2015037049;4;2;1;1;1;910;14/10/2015
2015037050;2;2;1;1;3;910;12/04/2015
2015037051;1;2;1;1;6;910;18/04/2015
2015037052;1;1;1;1;4;910;30/10/2015
2015037053;5;2;1;1;6;910;30/10/2015
2015037054;1;2;1;1;4;910;21/04/2015
2015037055;1;2;1;1;2;910;24/04/2015
2015037056;1;2;3;2;5;910;17/11/2015
2015037057;1;2;1;1;6;910;26/04/2015
2015037058;1;1;1;2;2;910;17/11/2015
2015037059;5;2;2;1;3;910;19/02/2015
2015037060;5;2;1;1;4;910;06/11/2015
2015037061;3;2;1;1;2;910;03/05/2015
2015037062;1;2;1;1;6;910;08/11/2015
2015037063;1;2;3;1;3;910;08/11/2015
2015037064;1;2;1;1;2;910;17/05/2015
2015037065;1;1;1;1;3;910;01/05/2015
2015037066;2;2;1;1;2;910;10/11/2015
2015037067;1;2;1;1;6;910;01/12/2015
2015037068;1;1;1;1;2;910;24/05/2015
2015037069;5;2;1;1;6;910;24/05/2015
2015037070;1;2;1;1;1;910;16/10/2015
2015037071;1;2;1;1;6;910;26/05/2015
2015037072;1;2;1;1;1;910;16/10/2015
2015037073;1;1;1;1;5;910;21/12/2015
2015037074;1;2;1;1;3;910;23/12/2015
2015037075;2;1;1;1;6;910;27/12/2015
2015037076;3;2;1;8;6;910;01/01/2015
2015037077;1;1;6;1;3;910;26/12/2015
2015037078;1;2;2;1;2;910;01/04/2015
2015037079;2;2;3;1;1;910;23/01/2015
2015037080;3;1;1;2;3;910;03/04/2015
2015037081;2;2;1;1;6;910;22/01/2015
2015037082;1;1;1;1;3;910;03/04/2015
2015037083;5;2;1;2;6;910;26/01/2015
2015037084;1;1;1;1;6;910;07/04/2015
2015037085;1;2;6;2;2;910;31/01/2015
2015037086;1;2;1;1;1;910;10/04/2015
2015037087;1;2;1;1;3;910;30/12/2015
2015037088;5;2;1;1;6;910;27/01/2015
2015037089;1;2;1;1;6;910;28/04/2015
2015037090;1;2;1;1;3;910;08/02/2015
2015037091;1;1;1;1;1;910;06/11/2015
2015037092;1;2;1;1;2;910;12/05/2015
2015037093;1;2;3;1;6;910;16/12/2015
2015037094;1;2;1;2;4;910;25/02/2015
2015037095;5;2;2;1;5;910;27/05/2015
2015037096;5;2;1;1;2;910;15/02/2015
2015037097;1;1;1;1;3;910;30/05/2015
2015037098;5;2;1;1;6;910;15/02/2015
2015037099;1;1;1;1;6;910;21/04/2015
2015037100;5;2;3;9;3;910;03/03/2015
2015037101;1;2;1;1;2;910;05/06/2015
2015037102;5;2;1;1;2;910;19/02/2015
2015037103;1;2;1;1;6;910;07/06/2015
2015037104;1;2;4;1;3;910;01/07/2015
2015037105;5;2;2;1;1;910;01/07/2015
2015037106;1;2;1;1;6;910;16/03/2015
2015037107;1;2;1;1;1;910;03/07/2015
2015037108;1;2;6;7;2;910;03/07/2015
2015037109;1;2;1;1;2;910;29/05/2015
2015037110;3;1;1;1;6;910;26/07/2015
2015037111;1;2;3;1;3;910;28/05/2015
2015037112;5;2;1;1;6;910;18/03/2015
2015037113;5;2;3;1;6;910;09/08/2015
2015037114;1;2;1;1;5;910;16/03/2015
2015037115;1;1;6;1;2;910;15/06/2015
2015037116;1;2;4;1;1;910;20/03/2015
2015037117;1;2;2;1;3;910;01/09/2015
2015037118;1;2;1;1;2;910;27/03/2015
2015037119;1;2;2;1;6;910;02/09/2015
2015037120;1;2;1;1;6;910;30/01/2015
2015037121;1;2;1;1;1;910;05/09/2015
2015037122;1;1;1;1;1;910;08/09/2015
2015037123;2;2;1;1;6;910;12/01/2015
2015037124;1;2;3;1;6;910;21/02/2015
2015037125;1;2;7;1;6;910;05/06/2015
2015037126;1;2;1;1;6;910;31/03/2015
2015037127;5;2;1;1;2;910;06/06/2015
2015037128;1;2;1;1;6;910;24/03/2015
2015037129;1;2;2;1;3;910;02/09/2015
2015037130;1;2;1;1;6;910;27/09/2015
2015037131;1;2;1;1;3;910;10/09/2015
2015037132;1;2;1;1;6;910;28/09/2015
2015037133;1;1;9;1;3;910;27/09/2015
2015037134;1;2;1;3;2;910;05/10/2015
2015037135;1;2;1;1;3;910;09/10/2015
2015037136;2;2;1;2;5;910;27/10/2015
2015037137;5;2;3;1;3;910;01/11/2015
2015037138;1;2;1;1;6;910;03/11/2015
2015037139;1;2;1;2;3;910;04/11/2015
2015037140;1;2;1;1;6;910;16/11/2015
2015037141;2;1;1;8;1;910;17/11/2015
2015037142;1;2;5;2;3;910;20/11/2015
2015037143;1;2;1;1;6;910;01/11/2015
2015037144;3;1;1;2;2;910;24/11/2015
2015037145;1;2;1;1;3;910;26/11/2015
2015037146;5;2;2;2;3;910;27/11/2015
2015037147;1;1;1;1;6;910;02/12/2015
2015037148;1;2;7;1;6;910;02/12/2015
2015037149;2;2;1;1;6;910;09/12/2015
2015037150;5;2;6;1;1;910;07/12/2015
2015037151;2;1;1;1;1;910;14/12/2015
2015037152;5;2;1;1;6;910;19/12/2015
2015037153;3;1;1;1;6;910;23/12/2015
2015037154;5;2;1;1;6;910;27/01/2015
2015037155;1;2;1;1;6;910;08/02/2015
2015037156;1;1;1;1;3;910;10/04/2015
2015037157;2;2;6;1;1;910;12/04/2015
2015037158;1;2;2;1;3;910;07/03/2015
2015037159;1;2;2;1;3;910;29/04/2015
2015037160;1;1;1;1;1;910;10/03/2015
2015037161;1;2;1;1;6;910;10/03/2015
2015037162;1;2;1;1;2;910;06/05/2015
2015037163;5;2;1;1;3;910;30/05/2015
2015037164;5;2;1;1;6;910;03/06/2015
2015037165;1;2;2;1;6;910;10/06/2015
2015037166;1;2;2;1;1;910;25/06/2015
2015037167;1;2;2;1;3;910;28/06/2015
2015037168;1;2;1;1;6;910;04/07/2015
2015037169;1;2;1;1;6;910;10/07/2015
2015037170;1;1;1;8;1;910;26/07/2015
2015037171;1;2;1;1;2;910;07/08/2015
2015037172;1;2;1;2;3;910;27/08/2015
2015037173;1;2;1;1;6;910;03/09/2015
2015037174;5;2;6;1;3;910;05/09/2015
2015037175;2;2;3;1;3;910;16/09/2015
2015037176;2;2;1;1;3;910;21/09/2015
2015037177;2;2;1;1;6;910;24/09/2015
2015037178;1;1;1;1;6;910;25/09/2015
2015037179;1;2;1;1;6;910;28/09/2015
2015037180;1;2;1;1;6;910;02/10/2015
2015037181;1;2;1;1;6;910;12/10/2015
2015037182;5;2;1;2;2;910;25/11/2015
2015037183;1;2;1;1;2;910;08/12/2015
2015037184;1;2;1;3;1;910;03/04/2015
2015037185;1;2;1;1;2;910;15/04/2015
2015037186;2;2;7;1;6;910;19/01/2015
2015037187;5;2;1;1;1;910;09/01/2015
2015037188;1;1;1;2;3;910;25/03/2015
2015037189;1;2;3;1;6;910;20/01/2015
2015037190;5;2;1;1;6;910;05/10/2015
2015037191;1;2;1;1;6;910;25/03/2015
2015037192;1;1;2;1;3;910;28/01/2015
2015037193;2;2;1;1;6;910;11/10/2015
2015037194;1;2;1;1;1;910;20/03/2015
2015037195;2;2;1;8;6;910;03/02/2015
2015037196;1;2;1;1;6;910;30/10/2015
2015037197;1;2;1;1;6;910;02/04/2015
2015037198;2;2;2;1;3;910;04/11/2015