num_acc;lum;agg;inter;atm;col;dep;date
2015037199;1;2;1;1;6;910;17/02/2015
2015037200;2;2;1;1;3;910;03/04/2015
2015037201;5;2;3;2;2;910;20/11/2015
2015037202;2;1;1;1;6;910;07/04/2015
2015037203;1;2;2;1;3;910;13/02/2015
2015037204;1;2;1;1;3;910;04/12/2015
2015037205;5;2;2;1;3;910;07/04/2015
2015037206;1;2;1;1;6;910;08/12/2015
2015037207;1;2;2;1;3;910;14/04/2015
2015037208;5;2;1;1;6;910;09/12/2015
2015037209;1;2;3;1;1;910;21/04/2015
2015037210;5;2;4;1;3;910;09/12/2015
2015037211;1;2;2;1;3;910;25/05/2015
2015037212;2;2;1;1;7;910;28/04/2015
2015037213;1;2;2;1;6;910;28/04/2015
2015037214;5;2;6;1;6;910;28/04/2015
2015037215;1;2;2;1;5;910;19/04/2015
2015037216;1;2;3;1;3;910;05/05/2015
2015037217;1;2;1;1;6;910;11/05/2015
2015037218;1;2;6;1;2;910;17/05/2015
2015037219;1;2;7;1;3;910;25/05/2015
2015037220;1;2;2;1;3;910;03/06/2015
2015037221;1;2;3;1;3;910;03/06/2015
2015037222;1;2;1;1;3;910;11/06/2015
2015037223;1;1;1;1;3;910;22/06/2015
2015037224;1;1;3;2;3;910;07/07/2015
2015037225;1;2;3;1;3;910;08/07/2015
2015037226;2;1;1;1;7;910;04/07/2015
2015037227;5;2;1;1;6;910;25/09/2015
2015037228;1;2;6;1;2;910;30/09/2015
2015037229;1;2;1;1;5;910;01/07/2015
2015037230;1;1;2;1;3;910;01/07/2015
2015037231;1;2;2;1;3;910;02/10/2015
2015037232;5;2;1;1;6;910;11/07/2015
2015037233;5;2;1;1;6;910;07/07/2015
2015037234;1;2;1;1;3;910;04/07/2015
2015037235;1;1;1;1;6;910;04/07/2015
2015037236;1;2;1;3;6;910;20/08/2015
2015037237;1;1;1;1;7;910;07/08/2015
2015037238;1;2;1;1;3;910;31/08/2015
2015037239;1;2;6;1;3;910;03/09/2015
2015037240;4;2;3;1;3;910;19/09/2015
2015037241;5;2;6;1;2;910;12/10/2015
2015037242;1;2;1;1;6;910;21/07/2015
2015037243;1;2;2;1;3;910;06/10/2015
2015037244;1;2;4;1;3;910;24/07/2015
2015037245;1;2;3;1;3;910;07/10/2015
2015037246;1;2;1;1;1;910;08/10/2015
2015037247;1;2;1;1;6;910;27/10/2015
2015037248;1;2;1;1;2;910;08/11/2015
2015037249;1;2;1;1;6;910;25/11/2015
2015037250;1;2;6;1;3;910;21/11/2015
2015037251;5;2;1;8;1;910;26/11/2015
2015037252;1;2;1;1;6;910;04/12/2015
2015037253;1;2;1;1;6;910;08/12/2015
2015037254;5;2;1;2;3;910;08/12/2015
2015037255;5;2;1;1;6;910;08/12/2015
2015037256;5;2;6;1;3;910;11/12/2015
2015037257;5;2;2;1;5;910;14/12/2015
2015037258;1;1;2;1;3;910;04/09/2015
2015037259;1;2;4;1;6;910;18/09/2015
2015037260;5;2;1;1;4;910;18/09/2015
2015037261;2;2;1;1;1;910;19/09/2015
2015037262;5;2;1;1;6;910;20/09/2015
2015037263;5;2;1;1;3;910;23/12/2015
2015037264;1;2;1;2;3;910;24/12/2015
2015037265;5;2;1;2;3;920;13/01/2015
2015037266;5;2;1;1;3;920;26/01/2015
2015037267;1;2;3;1;6;920;27/01/2015
2015037268;1;2;2;2;3;920;29/01/2015
2015037269;1;2;2;1;3;920;31/01/2015
2015037270;1;2;2;1;6;920;04/02/2015
2015037271;1;2;1;1;7;920;12/02/2015
2015037272;1;2;1;8;6;920;23/02/2015
2015037273;1;2;6;1;3;920;06/03/2015
2015037274;5;2;3;1;3;920;07/03/2015
2015037275;1;2;1;1;6;920;17/03/2015
2015037276;1;2;4;1;2;920;31/03/2015
2015037277;1;2;1;2;1;920;02/04/2015
2015037278;1;2;1;1;6;920;09/04/2015
2015037279;1;2;1;1;6;920;14/04/2015
2015037280;1;2;3;1;6;920;14/04/2015
2015037281;1;2;2;2;6;920;30/04/2015
2015037282;1;2;3;3;6;920;30/04/2015
2015037283;1;2;1;1;5;920;22/05/2015
2015037284;1;2;2;1;2;920;13/06/2015
2015037285;1;2;2;1;3;920;21/06/2015
2015037286;1;2;1;1;2;920;12/07/2015
2015037287;1;2;3;1;6;920;28/08/2015
2015037288;5;2;3;1;6;920;05/09/2015
2015037289;1;2;3;1;3;920;05/09/2015
2015037290;1;2;6;1;6;920;08/09/2015
2015037291;3;2;3;1;6;920;22/09/2015
2015037292;1;2;6;2;3;920;22/09/2015
2015037293;1;2;1;1;6;920;28/09/2015
2015037294;1;2;2;1;6;920;02/10/2015
2015037295;5;2;6;1;3;920;10/10/2015
2015037296;1;2;3;1;3;920;12/10/2015
2015037297;5;2;1;1;1;920;18/10/2015
2015037298;1;2;6;1;3;920;23/10/2015
2015037299;1;2;6;1;3;920;03/11/2015
2015037300;1;2;3;2;3;920;17/11/2015
2015037301;5;2;2;1;6;920;26/11/2015
2015037302;5;1;2;1;3;920;08/12/2015
2015037303;1;2;3;2;6;920;15/12/2015
2015037304;1;2;2;1;6;920;16/12/2015
2015037305;1;2;1;1;6;920;27/12/2015
2015037306;1;2;1;8;7;920;02/01/2015
2015037307;5;2;2;1;3;920;07/01/2015
2015037308;1;2;1;1;3;920;07/01/2015
2015037309;5;2;3;1;3;920;12/01/2015
2015037310;1;2;2;1;3;920;14/01/2015
2015037311;5;2;2;1;6;920;22/01/2015
2015037312;4;2;1;2;3;920;26/01/2015
2015037313;1;2;1;2;2;920;30/01/2015
2015037314;1;2;1;1;7;920;09/02/2015
2015037315;1;2;1;1;3;920;09/02/2015
2015037316;5;2;1;1;6;920;09/02/2015
2015037317;1;2;2;1;3;920;09/02/2015
2015037318;1;2;3;1;6;920;12/02/2015
2015037319;1;2;1;8;3;920;17/02/2015
2015037320;1;2;7;1;6;920;18/02/2015
2015037321;1;2;1;1;6;920;19/02/2015
2015037322;5;2;6;1;3;920;19/02/2015
2015037323;1;2;1;1;2;920;23/02/2015
2015037324;5;2;2;1;3;920;23/02/2015
2015037325;5;2;1;2;6;920;25/02/2015
2015037326;1;2;1;1;6;920;27/02/2015
2015037327;5;2;1;1;7;920;02/03/2015
2015037328;1;2;1;1;6;920;06/03/2015
2015037329;2;2;1;1;2;920;07/03/2015
2015037330;1;2;3;1;3;920;09/03/2015
2015037331;1;2;1;1;6;920;12/03/2015
2015037332;1;2;2;1;6;920;12/03/2015
2015037333;1;2;2;1;3;920;16/03/2015
2015037334;5;2;1;1;6;920;16/03/2015
2015037335;1;2;1;1;6;920;23/03/2015
2015037336;1;2;1;1;6;920;23/03/2015
2015037337;2;2;1;1;6;920;27/03/2015
2015037338;5;2;1;1;6;920;27/03/2015
2015037339;1;2;2;2;6;920;29/03/2015
2015037340;1;2;3;1;3;920;30/03/2015
2015037341;1;2;1;2;6;920;02/04/2015
2015037342;1;2;1;1;6;920;03/04/2015
2015037343;1;2;1;1;6;920;04/04/2015
2015037344;1;2;1;1;6;920;04/04/2015
2015037345;1;2;2;1;3;920;04/04/2015
2015037346;3;2;3;1;3;920;04/04/2015
2015037347;1;2;1;1;6;920;08/04/2015
2015037348;3;2;3;1;3;920;09/04/2015
2015037349;1;2;1;1;2;920;10/04/2015
2015037350;1;2;9;1;2;920;11/04/2015
2015037351;1;2;1;1;6;920;11/04/2015
2015037352;1;2;1;1;6;920;14/04/2015
2015037353;1;2;1;1;3;920;15/04/2015
2015037354;1;2;1;1;6;920;16/04/2015
2015037355;1;2;3;1;6;920;17/04/2015
2015037356;1;2;1;1;3;920;20/04/2015
2015037357;1;2;1;1;3;920;21/04/2015
2015037358;1;2;1;1;2;920;22/04/2015
2015037359;1;2;2;2;3;920;26/04/2015
2015037360;5;2;1;1;6;920;27/04/2015
2015037361;1;2;2;1;6;920;29/04/2015
2015037362;1;2;3;3;6;920;30/04/2015
2015037363;1;2;1;2;6;920;30/04/2015
2015037364;1;2;2;3;6;920;01/05/2015
2015037365;1;2;2;1;3;920;03/05/2015
2015037366;1;2;2;1;3;920;07/05/2015
2015037367;1;2;1;1;6;920;13/05/2015
2015037368;1;2;3;2;3;920;14/05/2015
2015037369;1;2;1;1;6;920;20/05/2015
2015037370;1;2;1;1;6;920;20/05/2015
2015037371;1;2;1;1;2;920;21/05/2015
2015037372;1;2;2;1;3;920;21/05/2015
2015037373;1;2;1;1;6;920;23/05/2015
2015037374;1;2;3;1;3;920;25/05/2015
2015037375;1;2;2;1;3;920;26/05/2015
2015037376;1;2;6;1;6;920;27/05/2015
2015037377;1;2;1;1;6;920;01/06/2015
2015037378;1;2;1;1;7;920;01/06/2015
2015037379;1;2;1;1;6;920;01/06/2015
2015037380;1;2;3;1;3;920;04/06/2015
2015037381;1;2;1;1;2;920;04/06/2015
2015037382;1;2;3;1;3;920;05/06/2015
2015037383;1;2;1;1;4;920;06/06/2015
2015037384;1;2;1;1;3;920;12/06/2015
2015037385;1;2;2;1;3;920;14/06/2015
2015037386;1;2;2;1;2;920;15/06/2015
2015037387;1;2;1;1;2;920;16/06/2015
2015037388;1;2;3;1;2;920;17/06/2015
2015037389;1;2;2;1;3;920;19/06/2015
2015037390;1;2;1;1;2;920;19/06/2015
2015037391;1;2;3;1;3;920;22/06/2015
2015037392;1;2;1;3;3;920;22/06/2015
2015037393;1;2;3;1;3;920;23/06/2015
2015037394;1;2;3;1;3;920;19/06/2015
2015037395;1;2;2;1;3;920;01/07/2015
2015037396;1;2;1;1;3;920;03/07/2015
2015037397;5;2;1;1;2;920;06/07/2015
2015037398;1;2;2;1;3;920;10/07/2015
2015037399;1;2;1;1;2;920;11/07/2015
2015037400;5;2;2;1;3;920;13/07/2015
2015037401;1;2;2;1;3;920;15/07/2015
2015037402;1;2;1;1;1;920;24/07/2015
2015037403;1;2;1;1;6;920;24/07/2015
2015037404;1;2;1;3;6;920;25/07/2015
2015037405;1;2;1;1;6;920;26/07/2015
2015037406;1;2;4;2;7;920;27/07/2015
2015037407;1;2;1;1;3;920;27/07/2015
2015037408;1;2;6;1;3;920;30/07/2015
2015037409;1;2;1;1;3;920;31/07/2015
2015037410;1;2;2;1;3;920;31/07/2015
2015037411;1;2;1;1;6;920;14/08/2015
2015037412;5;2;1;1;6;920;21/08/2015
2015037413;1;2;2;2;6;920;24/08/2015
2015037414;1;2;1;2;7;920;24/08/2015
2015037415;5;2;1;1;7;920;22/08/2015
2015037416;1;2;1;1;6;920;30/08/2015
2015037417;1;2;2;1;6;920;01/09/2015
2015037418;1;2;3;1;6;920;01/09/2015
2015037419;1;2;2;1;3;920;04/09/2015
2015037420;1;2;3;1;4;920;05/09/2015
2015037421;5;2;1;1;6;920;10/09/2015
2015037422;1;2;3;1;6;920;11/09/2015
2015037423;1;2;3;1;7;920;14/09/2015
2015037424;5;2;2;1;3;920;15/09/2015
2015037425;1;2;1;1;6;920;17/09/2015
2015037426;1;2;1;1;3;920;23/09/2015
2015037427;1;2;1;1;3;920;29/09/2015
2015037428;1;2;2;1;6;920;02/10/2015
2015037429;1;2;2;1;3;920;06/10/2015
2015037430;1;2;1;1;6;920;09/10/2015
2015037431;1;2;1;1;6;920;10/10/2015
2015037432;1;2;2;1;6;920;15/10/2015
2015037433;1;2;1;2;6;920;16/10/2015
2015037434;1;2;1;1;3;920;16/10/2015
2015037435;1;2;1;1;6;920;16/10/2015
2015037436;5;2;3;1;3;920;17/10/2015
2015037437;1;2;4;1;6;920;20/10/2015
2015037438;1;2;2;2;6;920;20/10/2015
2015037439;1;2;2;1;7;920;23/10/2015
2015037440;5;2;1;1;1;920;22/10/2015
2015037441;1;2;1;1;6;920;27/10/2015
2015037442;1;2;4;1;6;920;30/10/2015
2015037443;1;2;1;1;6;920;02/11/2015
2015037444;5;2;1;1;2;920;03/11/2015
2015037445;1;1;1;1;2;920;05/11/2015
2015037446;2;2;1;1;2;920;11/11/2015
2015037447;3;2;1;1;6;920;14/11/2015
2015037448;1;2;2;1;3;920;16/11/2015
2015037449;1;2;2;1;6;920;19/11/2015
2015037450;1;2;1;1;6;920;19/11/2015
2015037451;2;2;1;1;6;920;19/11/2015
2015037452;5;2;2;2;6;920;24/11/2015
2015037453;1;2;2;1;3;920;27/11/2015
2015037454;1;2;4;1;6;920;03/12/2015
2015037455;5;2;2;1;3;920;04/12/2015
2015037456;5;2;1;1;6;920;06/12/2015
2015037457;1;2;2;1;1;920;07/12/2015
2015037458;1;2;3;2;5;920;08/12/2015
2015037459;2;2;2;2;6;920;08/12/2015
2015037460;1;2;1;1;3;920;09/12/2015
2015037461;1;2;1;1;7;920;13/12/2015
2015037462;1;2;5;1;3;920;14/12/2015
2015037463;1;2;1;2;6;920;15/12/2015
2015037464;5;2;2;2;3;920;15/12/2015
2015037465;2;2;1;1;2;920;17/12/2015
2015037466;1;2;3;1;3;920;19/12/2015
2015037467;1;2;1;2;3;920;21/12/2015
2015037468;1;2;1;1;2;920;27/12/2015
2015037469;1;2;1;1;6;920;27/12/2015
2015037470;1;2;1;1;6;920;29/12/2015
2015037471;1;2;1;1;6;920;09/01/2015
2015037472;3;2;1;1;6;920;10/01/2015
2015037473;5;2;3;2;3;920;13/01/2015
2015037474;1;2;1;1;2;920;09/02/2015
2015037475;1;2;9;1;6;920;11/02/2015
2015037476;1;2;1;1;3;920;12/02/2015
2015037477;1;2;1;2;2;920;15/02/2015
2015037478;1;2;1;2;6;920;20/02/2015
2015037479;1;2;1;2;6;920;16/02/2015
2015037480;1;2;1;1;2;920;06/03/2015
2015037481;1;2;2;1;6;920;07/03/2015
2015037482;1;2;2;1;7;920;17/03/2015
2015037483;5;2;1;3;2;920;31/03/2015
2015037484;5;2;3;1;3;920;09/04/2015
2015037485;1;2;6;1;3;920;15/04/2015
2015037486;1;2;1;1;2;920;24/04/2015
2015037487;1;2;1;1;2;920;29/05/2015
2015037488;1;2;2;1;6;920;24/06/2015
2015037489;1;2;2;1;3;920;29/06/2015
2015037490;1;2;4;1;3;920;25/07/2015
2015037491;1;2;3;1;3;920;01/08/2015
2015037492;1;2;9;1;3;920;04/08/2015
2015037493;1;1;9;1;3;920;04/08/2015
2015037494;1;2;9;1;3;920;24/08/2015
2015037495;1;2;9;2;5;920;24/08/2015
2015037496;1;2;1;1;6;920;07/09/2015
2015037497;1;2;1;1;2;920;11/09/2015
2015037498;1;2;1;1;6;920;14/09/2015
2015037499;5;2;6;1;3;920;15/09/2015
2015037500;1;2;1;1;7;920;29/09/2015
2015037501;1;2;2;1;6;920;30/09/2015
2015037502;5;2;1;1;6;920;30/09/2015
2015037503;1;2;1;7;3;920;01/10/2015
2015037504;1;2;2;7;6;920;03/10/2015
2015037505;1;2;1;1;3;920;09/10/2015
2015037506;5;2;3;1;3;920;12/11/2015
2015037507;1;2;2;2;3;920;16/11/2015
2015037508;3;2;3;1;3;920;14/11/2015
2015037509;1;2;3;5;6;920;12/11/2015
2015037510;1;2;2;1;3;920;27/11/2015
2015037511;1;2;9;1;6;920;28/11/2015
2015037512;5;2;1;1;6;920;20/11/2015
2015037513;1;2;1;1;2;920;21/12/2015
2015037514;4;2;1;1;6;920;21/12/2015
2015037515;5;2;9;1;3;920;23/12/2015
2015037516;5;2;9;1;3;920;28/11/2015
2015037517;1;2;1;1;6;920;03/12/2015
2015037518;5;1;9;1;3;920;16/12/2015
2015037519;5;2;1;1;3;920;02/01/2015
2015037520;5;2;1;8;6;920;04/01/2015
2015037521;5;2;1;1;6;920;06/01/2015
2015037522;5;2;1;1;6;920;06/01/2015
2015037523;1;2;2;1;3;920;07/01/2015
2015037524;1;2;1;1;6;920;07/01/2015
2015037525;1;2;1;2;6;920;09/01/2015
2015037526;5;2;1;1;6;920;10/01/2015
2015037527;5;2;1;1;2;920;11/01/2015
2015037528;1;2;1;1;3;920;13/01/2015
2015037529;1;2;1;2;6;920;14/01/2015
2015037530;1;2;1;2;7;920;16/01/2015
2015037531;5;2;1;2;3;920;18/01/2015
2015037532;1;2;2;1;3;920;20/01/2015
2015037533;5;2;3;1;3;920;21/01/2015
2015037534;1;2;2;1;3;920;23/01/2015
2015037535;1;2;1;1;6;920;23/01/2015
2015037536;1;2;3;1;3;920;24/01/2015
2015037537;1;2;1;2;3;920;26/01/2015
2015037538;5;2;1;1;2;920;30/01/2015
2015037539;1;2;1;1;7;920;05/02/2015
2015037540;1;2;1;1;6;920;06/02/2015
2015037541;1;2;1;1;2;920;11/02/2015
2015037542;1;2;1;1;6;920;11/02/2015
2015037543;1;2;6;1;5;920;13/02/2015
2015037544;2;2;1;1;2;920;16/02/2015
2015037545;5;2;1;1;6;920;19/02/2015
2015037546;1;2;2;3;7;920;20/02/2015
2015037547;1;2;3;1;2;920;21/02/2015
2015037548;4;2;1;2;6;920;23/02/2015
2015037549;1;2;6;2;3;920;23/02/2015
2015037550;1;2;3;1;3;920;26/02/2015
2015037551;2;2;3;1;3;920;02/03/2015
2015037552;1;2;2;1;3;920;07/03/2015
2015037553;1;2;1;1;6;920;07/03/2015
2015037554;1;2;3;1;2;920;10/03/2015
2015037555;4;2;1;1;2;920;13/03/2015
2015037556;5;2;2;1;2;920;14/03/2015
2015037557;1;2;1;1;6;920;15/03/2015
2015037558;5;2;1;1;1;920;15/03/2015
2015037559;1;2;1;1;6;920;16/03/2015
2015037560;1;2;6;1;7;920;17/03/2015
2015037561;1;2;1;1;3;920;17/03/2015
2015037562;5;2;2;2;6;920;24/03/2015
2015037563;5;2;1;1;7;920;27/03/2015
2015037564;1;2;1;1;3;920;28/03/2015
2015037565;1;2;2;3;3;920;03/04/2015
2015037566;1;2;1;1;2;920;15/04/2015
2015037567;1;2;1;1;2;920;18/04/2015
2015037568;1;2;1;1;6;920;23/04/2015
2015037569;1;2;3;1;3;920;24/04/2015
2015037570;1;2;1;1;6;920;24/04/2015
2015037571;1;2;1;1;3;920;24/04/2015
2015037572;1;2;2;1;3;920;27/04/2015
2015037573;1;2;1;2;6;920;30/04/2015
2015037574;1;2;1;2;6;920;01/05/2015
2015037575;1;2;1;1;3;920;01/05/2015
2015037576;1;2;1;2;5;920;03/05/2015
2015037577;1;2;1;1;3;920;04/05/2015
2015037578;1;2;2;3;3;920;04/05/2015
2015037579;1;2;1;2;6;920;05/05/2015
2015037580;1;2;1;1;3;920;05/05/2015
2015037581;1;2;1;1;6;920;05/05/2015
2015037582;1;2;1;8;6;920;06/05/2015
2015037583;1;2;1;5;6;920;06/05/2015
2015037584;1;2;1;1;6;920;07/05/2015
2015037585;1;2;3;1;5;920;09/05/2015
2015037586;1;2;1;1;3;920;11/05/2015
2015037587;1;2;1;1;6;920;17/05/2015
2015037588;1;2;1;1;6;920;19/05/2015
2015037589;1;2;1;1;6;920;22/05/2015
2015037590;1;2;2;1;7;920;24/05/2015
2015037591;1;2;1;1;6;920;27/05/2015
2015037592;1;2;2;1;3;920;27/05/2015
2015037593;1;2;2;1;4;920;29/05/2015
2015037594;1;2;1;1;3;920;30/05/2015
2015037595;1;2;1;1;6;920;01/06/2015
2015037596;1;2;2;1;3;920;02/06/2015
2015037597;1;2;2;1;3;920;05/06/2015
2015037598;1;2;1;1;7;920;07/06/2015
2015037599;1;2;1;1;3;920;08/06/2015
2015037600;1;2;1;1;2;920;09/06/2015
2015037601;2;2;1;1;2;920;11/06/2015
2015037602;1;2;1;1;2;920;12/06/2015
2015037603;1;2;1;1;6;920;16/06/2015
2015037604;1;2;1;1;6;920;16/06/2015
2015037605;1;2;1;1;7;920;14/06/2015
2015037606;1;2;1;1;3;920;19/06/2015
2015037607;1;2;1;1;6;920;22/06/2015
2015037608;1;2;1;2;6;920;22/06/2015
2015037609;1;2;1;1;3;920;24/06/2015
2015037610;5;2;1;1;3;920;26/06/2015
2015037611;1;2;1;1;4;920;26/06/2015
2015037612;1;2;1;1;2;920;26/06/2015
2015037613;1;2;2;1;3;920;27/06/2015
2015037614;1;2;1;1;2;920;28/06/2015
2015037615;5;2;1;1;6;920;30/06/2015
2015037616;1;2;1;1;6;920;01/07/2015
2015037617;4;2;1;1;2;920;02/07/2015
2015037618;1;2;1;1;6;920;02/07/2015
2015037619;1;2;1;1;3;920;03/07/2015
2015037620;2;2;1;1;5;920;03/07/2015
2015037621;1;2;1;1;2;920;06/07/2015
2015037622;1;2;1;1;3;920;07/07/2015
2015037623;5;2;1;1;2;920;10/07/2015
2015037624;1;2;1;1;3;920;10/07/2015
2015037625;1;2;1;1;2;920;21/07/2015
2015037626;1;2;1;1;3;920;21/07/2015
2015037627;1;2;1;1;3;920;22/07/2015
2015037628;1;2;1;1;7;920;23/07/2015
2015037629;1;2;1;1;4;920;25/07/2015
2015037630;1;2;1;1;6;920;27/07/2015
2015037631;1;2;2;1;3;920;26/07/2015
2015037632;1;2;1;1;6;920;29/07/2015
2015037633;1;2;1;1;6;920;31/07/2015
2015037634;1;2;1;1;7;920;11/08/2015
2015037635;1;2;3;1;3;920;13/08/2015
2015037636;1;2;1;1;6;920;16/08/2015
2015037637;1;2;1;1;2;920;18/08/2015
2015037638;1;2;1;1;4;920;18/08/2015
2015037639;1;2;1;1;2;920;19/08/2015
2015037640;5;2;6;2;2;920;20/08/2015
2015037641;5;2;1;1;6;920;21/08/2015
2015037642;1;2;1;1;6;920;21/08/2015
2015037643;1;2;1;1;6;920;23/08/2015
2015037644;1;2;1;2;7;920;24/08/2015
2015037645;1;2;3;1;3;920;24/08/2015
2015037646;1;2;1;1;3;920;28/08/2015
2015037647;1;2;1;1;3;920;28/08/2015
2015037648;1;2;2;1;3;920;01/09/2015
2015037649;2;2;1;1;6;920;01/09/2015
2015037650;1;2;2;1;6;920;02/09/2015
2015037651;1;2;1;1;2;920;04/09/2015
2015037652;1;2;1;1;2;920;05/09/2015
2015037653;1;2;1;1;6;920;09/09/2015
2015037654;1;2;1;2;7;920;12/09/2015
2015037655;1;2;3;2;3;920;14/09/2015
2015037656;3;2;1;1;4;920;15/09/2015
2015037657;1;2;1;5;6;920;16/09/2015
2015037658;1;2;1;1;7;920;17/09/2015
2015037659;1;2;1;1;6;920;19/09/2015
2015037660;1;2;1;2;3;920;22/09/2015
2015037661;1;2;1;1;6;920;24/09/2015
2015037662;1;2;1;1;3;920;25/09/2015
2015037663;5;2;1;1;7;920;28/09/2015
2015037664;1;2;1;1;6;920;28/09/2015
2015037665;5;2;1;1;6;920;28/09/2015
2015037666;1;2;1;1;7;920;30/09/2015
2015037667;1;2;1;1;6;920;30/09/2015
2015037668;1;2;2;1;3;920;01/10/2015
2015037669;1;2;1;1;6;920;02/10/2015
2015037670;5;2;2;2;6;920;05/10/2015
2015037671;1;2;1;1;6;920;06/10/2015
2015037672;1;2;1;2;1;920;06/10/2015
2015037673;5;2;1;1;5;920;06/10/2015
2015037674;1;2;2;1;6;920;07/10/2015
2015037675;1;2;1;1;3;920;08/10/2015
2015037676;1;2;1;1;6;920;07/10/2015
2015037677;1;2;1;1;2;920;09/10/2015
2015037678;1;2;1;1;2;920;09/10/2015
2015037679;1;2;1;1;1;920;11/10/2015
2015037680;1;2;1;1;2;920;11/10/2015
2015037681;5;2;1;1;7;920;14/10/2015
2015037682;1;2;1;2;2;920;16/10/2015
2015037683;1;2;2;2;3;920;16/10/2015
2015037684;1;2;2;1;6;920;16/10/2015
2015037685;1;2;2;1;3;920;16/10/2015
2015037686;5;2;1;1;3;920;16/10/2015
2015037687;5;2;1;2;6;920;17/10/2015
2015037688;1;2;1;1;6;920;19/10/2015
2015037689;1;2;1;1;3;920;19/10/2015
2015037690;5;2;2;2;3;920;22/10/2015
2015037691;1;2;1;2;3;920;22/10/2015
2015037692;5;2;1;1;6;920;25/10/2015
2015037693;1;2;1;1;6;920;27/10/2015
2015037694;2;2;2;2;3;920;28/10/2015
2015037695;2;2;1;1;6;920;31/10/2015
2015037696;5;2;1;1;3;920;30/10/2015
2015037697;5;2;1;1;3;920;09/11/2015
2015037698;5;2;1;1;3;920;02/11/2015
2015037699;5;2;1;1;6;920;03/11/2015
2015037700;5;2;1;2;6;920;05/11/2015
2015037701;1;2;1;1;3;920;07/11/2015
2015037702;5;2;3;1;2;920;08/11/2015
2015037703;1;2;1;1;3;920;09/11/2015
2015037704;5;2;1;1;6;920;12/11/2015
2015037705;1;2;1;1;6;920;14/11/2015
2015037706;5;2;1;2;6;920;16/11/2015
2015037707;1;1;1;2;3;920;17/11/2015
2015037708;5;2;1;2;1;920;17/11/2015
2015037709;5;2;1;1;3;920;18/11/2015
2015037710;1;2;1;2;3;920;20/11/2015
2015037711;1;2;1;2;3;920;24/11/2015
2015037712;1;2;1;2;6;920;24/11/2015
2015037713;1;2;1;8;7;920;25/11/2015
2015037714;1;2;1;8;6;920;25/11/2015
2015037715;5;2;1;2;6;920;25/11/2015
2015037716;1;2;1;1;2;920;27/11/2015
2015037717;1;2;1;1;6;920;27/11/2015
2015037718;5;2;2;1;3;920;28/11/2015
2015037719;2;2;1;1;6;920;30/11/2015
2015037720;1;2;1;1;6;920;01/12/2015
2015037721;1;2;1;1;4;920;01/12/2015
2015037722;1;2;1;1;3;920;02/12/2015
2015037723;1;2;2;1;3;920;07/12/2015
2015037724;5;2;1;1;6;920;16/12/2015
2015037725;5;2;1;1;5;920;17/12/2015
2015037726;1;2;1;1;2;920;18/12/2015
2015037727;1;2;1;1;7;920;29/12/2015
2015037728;1;2;1;1;6;920;04/01/2015
2015037729;1;2;1;1;2;920;25/01/2015
2015037730;1;2;1;1;3;920;30/01/2015
2015037731;1;2;1;1;6;920;12/02/2015
2015037732;1;2;1;2;6;920;14/02/2015
2015037733;1;2;1;1;6;920;09/03/2015
2015037734;5;2;1;8;3;920;09/03/2015
2015037735;1;2;2;1;6;920;08/04/2015
2015037736;1;2;1;1;4;920;09/04/2015
2015037737;1;2;1;1;6;920;12/04/2015
2015037738;1;2;1;1;3;920;14/04/2015
2015037739;1;2;1;1;6;920;15/04/2015
2015037740;1;2;6;1;6;920;21/04/2015
2015037741;1;2;3;1;2;920;16/05/2015
2015037742;1;2;1;1;3;920;20/05/2015
2015037743;1;2;1;1;3;920;24/05/2015
2015037744;1;2;1;1;6;920;29/05/2015
2015037745;1;2;1;1;3;920;02/06/2015
2015037746;1;2;1;1;2;920;05/06/2015
2015037747;1;2;3;1;3;920;09/06/2015
2015037748;1;2;3;3;6;920;22/06/2015
2015037749;1;1;3;1;3;920;26/06/2015
2015037750;1;2;1;1;6;920;11/07/2015
2015037751;1;2;1;1;6;920;01/08/2015
2015037752;1;2;1;1;7;920;10/08/2015
2015037753;5;2;3;3;3;920;27/08/2015
2015037754;1;2;1;1;2;920;06/09/2015
2015037755;1;2;1;1;6;920;10/09/2015
2015037756;1;1;1;1;7;920;27/09/2015
2015037757;1;2;6;1;3;920;01/10/2015
2015037758;1;2;1;1;6;920;02/10/2015
2015037759;1;2;1;1;4;920;02/10/2015
2015037760;5;2;3;2;6;920;05/11/2015
2015037761;1;2;1;1;6;920;19/11/2015
2015037762;5;2;1;1;6;920;02/12/2015
2015037763;4;2;1;1;6;920;04/12/2015
2015037764;1;2;6;1;2;920;09/12/2015
2015037765;5;2;6;1;3;920;20/12/2015
2015037766;5;2;3;2;3;920;08/01/2015
2015037767;5;2;2;1;3;920;09/01/2015
2015037768;5;2;2;3;3;920;16/01/2015
2015037769;1;2;1;1;3;920;24/01/2015
2015037770;5;2;3;3;6;920;28/01/2015
2015037771;1;2;3;1;6;920;22/01/2015
2015037772;1;2;2;1;7;920;30/01/2015
2015037773;1;2;1;4;7;920;02/02/2015
2015037774;5;2;1;1;6;920;05/02/2015
2015037775;1;2;1;1;4;920;09/02/2015
2015037776;1;2;2;1;6;920;10/02/2015
2015037777;1;2;2;1;6;920;12/02/2015
2015037778;1;2;1;1;3;920;13/02/2015