num_acc;lum;agg;inter;atm;col;dep;date
2015038359;5;2;3;1;3;920;19/08/2015
2015038360;1;2;1;1;6;920;10/09/2015
2015038361;1;2;1;1;6;920;22/09/2015
2015038362;1;2;1;1;6;920;23/09/2015
2015038363;1;2;1;1;7;920;25/09/2015
2015038364;5;2;3;1;6;920;01/10/2015
2015038365;5;2;3;1;6;920;08/10/2015
2015038366;1;2;3;1;5;920;14/10/2015
2015038367;1;2;1;1;7;920;28/10/2015
2015038368;1;2;1;1;6;920;30/10/2015
2015038369;1;2;9;1;6;920;03/11/2015
2015038370;5;2;3;1;6;920;04/11/2015
2015038371;4;2;1;1;2;920;05/11/2015
2015038372;1;2;3;1;3;920;06/11/2015
2015038373;1;2;1;1;6;920;11/11/2015
2015038374;1;2;2;1;3;920;13/11/2015
2015038375;5;2;9;3;6;920;17/11/2015
2015038376;1;2;3;2;7;920;19/11/2015
2015038377;2;2;2;2;3;920;20/11/2015
2015038378;5;2;3;1;3;920;21/11/2015
2015038379;5;2;6;1;6;920;23/11/2015
2015038380;1;2;1;1;6;920;26/11/2015
2015038381;5;2;2;1;7;920;26/11/2015
2015038382;2;2;1;1;6;920;01/12/2015
2015038383;1;2;2;1;6;920;05/12/2015
2015038384;5;2;6;1;7;920;06/12/2015
2015038385;5;2;6;1;6;920;08/12/2015
2015038386;5;2;1;1;6;920;09/12/2015
2015038387;5;2;6;1;6;920;10/12/2015
2015038388;1;2;3;1;2;920;13/12/2015
2015038389;1;2;1;1;6;920;16/12/2015
2015038390;1;2;1;1;6;920;18/12/2015
2015038391;1;2;6;1;6;920;20/12/2015
2015038392;5;2;3;1;6;920;20/12/2015
2015038393;1;2;1;1;7;920;21/12/2015
2015038394;1;2;1;1;6;920;29/12/2015
2015038395;5;2;2;1;3;920;26/10/2015
2015038396;5;2;1;1;6;920;30/10/2015
2015038397;5;2;1;1;3;920;02/11/2015
2015038398;5;2;3;2;3;920;17/11/2015
2015038399;5;2;1;2;7;920;20/11/2015
2015038400;5;2;2;2;7;920;24/11/2015
2015038401;1;2;2;1;2;920;06/11/2015
2015038402;5;2;2;2;3;920;25/11/2015
2015038403;2;2;3;1;3;920;19/11/2015
2015038404;1;2;1;2;7;920;24/11/2015
2015038405;1;2;1;1;7;920;27/11/2015
2015038406;1;2;1;1;3;920;02/11/2015
2015038407;1;2;1;8;2;920;16/12/2015
2015038408;3;2;1;1;3;920;09/12/2015
2015038409;1;2;1;1;6;920;19/12/2015
2015038410;1;2;1;1;7;920;21/12/2015
2015038411;1;2;1;1;6;920;22/12/2015
2015038412;2;2;1;1;3;920;10/12/2015
2015038413;1;2;3;2;6;920;26/02/2015
2015038414;1;2;1;1;5;920;03/03/2015
2015038415;1;2;1;1;7;920;18/03/2015
2015038416;5;2;2;2;3;920;03/01/2015
2015038417;5;2;1;2;3;920;08/01/2015
2015038418;5;2;2;1;3;920;20/03/2015
2015038419;1;2;1;1;3;920;08/01/2015
2015038420;1;2;3;1;2;920;09/01/2015
2015038421;1;2;1;8;3;920;11/01/2015
2015038422;1;2;3;1;6;920;12/01/2015
2015038423;1;2;3;1;6;920;12/01/2015
2015038424;1;2;6;1;3;920;15/01/2015
2015038425;1;2;3;1;3;920;22/01/2015
2015038426;1;2;3;8;3;920;24/01/2015
2015038427;5;2;2;1;2;920;29/01/2015
2015038428;5;2;2;1;7;920;03/04/2015
2015038429;5;2;3;1;3;920;12/04/2015
2015038430;1;2;1;1;7;920;08/02/2015
2015038431;1;2;1;1;3;920;10/02/2015
2015038432;5;2;2;2;6;920;13/02/2015
2015038433;5;2;1;1;7;920;22/04/2015
2015038434;1;2;1;1;2;920;02/03/2015
2015038435;1;2;2;1;3;920;10/03/2015
2015038436;1;2;2;1;3;920;11/03/2015
2015038437;1;2;1;1;3;920;11/03/2015
2015038438;1;2;2;1;6;920;17/03/2015
2015038439;1;2;2;1;6;920;19/03/2015
2015038440;1;2;1;1;6;920;20/03/2015
2015038441;5;2;2;1;3;920;23/03/2015
2015038442;1;2;3;1;3;920;26/03/2015
2015038443;1;2;1;1;3;920;14/04/2015
2015038444;1;2;2;1;3;920;21/05/2015
2015038445;1;2;1;9;2;920;20/05/2015
2015038446;5;2;5;1;6;920;28/05/2015
2015038447;5;2;1;1;6;920;30/05/2015
2015038448;1;2;3;1;2;920;08/06/2015
2015038449;1;2;1;1;6;920;28/05/2015
2015038450;1;2;3;1;3;920;09/06/2015
2015038451;1;2;2;1;3;920;14/04/2015
2015038452;1;2;1;1;2;920;17/05/2015
2015038453;1;2;2;1;6;920;29/04/2015
2015038454;1;2;3;1;6;920;29/04/2015
2015038455;1;2;1;1;6;920;21/06/2015
2015038456;1;2;1;1;6;920;23/06/2015
2015038457;1;2;1;1;6;920;29/06/2015
2015038458;1;2;1;1;7;920;02/07/2015
2015038459;1;2;1;1;7;920;20/05/2015
2015038460;1;2;1;1;7;920;22/05/2015
2015038461;1;2;1;1;6;920;17/06/2015
2015038462;1;2;1;1;6;920;09/07/2015
2015038463;1;2;1;1;7;920;20/06/2015
2015038464;2;2;1;1;3;920;04/07/2015
2015038465;1;2;2;1;6;920;17/07/2015
2015038466;5;2;2;1;2;920;28/06/2015
2015038467;1;2;1;1;3;920;26/07/2015
2015038468;3;2;3;1;3;920;30/07/2015
2015038469;1;2;2;1;3;920;29/07/2015
2015038470;1;2;2;1;3;920;25/06/2015
2015038471;5;2;1;1;6;920;30/07/2015
2015038472;1;2;1;1;3;920;02/08/2015
2015038473;1;2;1;1;6;920;01/08/2015
2015038474;5;2;1;2;7;920;14/08/2015
2015038475;5;2;1;1;6;920;15/08/2015
2015038476;1;2;1;1;2;920;20/08/2015
2015038477;1;2;1;1;3;920;04/07/2015
2015038478;5;2;1;1;6;920;30/08/2015
2015038479;5;2;1;8;6;920;28/08/2015
2015038480;1;2;5;1;2;920;04/09/2015
2015038481;1;2;3;1;2;920;04/09/2015
2015038482;1;2;1;1;3;920;10/09/2015
2015038483;5;2;1;1;6;920;21/09/2015
2015038484;1;2;2;1;3;920;24/09/2015
2015038485;1;2;1;1;3;920;31/08/2015
2015038486;1;2;3;1;3;920;25/09/2015
2015038487;5;2;5;1;7;920;22/09/2015
2015038488;1;2;1;1;7;920;15/09/2015
2015038489;1;2;1;1;6;920;14/10/2015
2015038490;1;2;2;1;3;920;26/10/2015
2015038491;1;2;1;1;2;920;11/09/2015
2015038492;1;2;3;1;6;920;29/09/2015
2015038493;1;2;1;1;6;920;09/11/2015
2015038494;1;2;1;1;6;920;09/11/2015
2015038495;1;2;2;1;6;920;14/10/2015
2015038496;1;2;1;2;5;920;24/11/2015
2015038497;1;2;1;1;6;920;28/11/2015
2015038498;1;2;3;1;3;920;29/11/2015
2015038499;1;2;2;1;3;920;27/10/2015
2015038500;1;2;1;1;3;920;15/12/2015
2015038501;5;2;1;2;6;920;15/12/2015
2015038502;5;2;2;8;3;920;16/12/2015
2015038503;1;2;1;1;7;920;29/12/2015
2015038504;1;2;1;1;7;920;30/12/2015
2015038505;1;2;2;3;2;920;19/11/2015
2015038506;2;2;2;1;3;920;13/01/2015
2015038507;5;2;1;1;6;920;17/01/2015
2015038508;1;2;2;1;6;920;22/01/2015
2015038509;1;2;2;1;6;920;23/01/2015
2015038510;5;2;1;1;3;920;27/01/2015
2015038511;1;2;2;1;6;920;20/01/2015
2015038512;1;2;2;1;6;920;30/01/2015
2015038513;1;2;2;1;6;920;06/02/2015
2015038514;1;2;2;1;3;920;07/02/2015
2015038515;1;2;1;1;3;920;09/02/2015
2015038516;1;2;1;1;6;920;12/02/2015
2015038517;5;2;2;1;7;920;28/02/2015
2015038518;5;2;1;1;7;920;23/02/2015
2015038519;1;2;1;1;3;920;16/03/2015
2015038520;1;2;2;1;6;920;18/03/2015
2015038521;1;2;2;1;6;920;21/03/2015
2015038522;1;2;2;1;3;920;23/03/2015
2015038523;1;2;1;1;3;920;26/03/2015
2015038524;1;2;1;1;6;920;27/03/2015
2015038525;1;2;2;1;6;920;31/03/2015
2015038526;1;2;3;1;7;920;01/04/2015
2015038527;2;2;2;1;3;920;01/04/2015
2015038528;1;2;2;1;3;920;11/04/2015
2015038529;1;2;3;1;5;920;14/04/2015
2015038530;1;2;1;1;2;920;17/04/2015
2015038531;1;2;1;1;3;920;18/04/2015
2015038532;1;2;2;1;3;920;15/04/2015
2015038533;2;2;2;1;6;920;22/04/2015
2015038534;5;2;2;1;3;920;28/04/2015
2015038535;1;2;2;1;2;920;13/05/2015
2015038536;1;2;2;1;7;920;06/04/2015
2015038537;1;2;1;1;7;920;19/05/2015
2015038538;1;2;2;1;6;920;20/05/2015
2015038539;1;2;2;1;6;920;21/05/2015
2015038540;1;2;2;1;6;920;02/06/2015
2015038541;1;2;2;1;3;920;02/06/2015
2015038542;1;2;2;1;6;920;03/06/2015
2015038543;1;2;2;1;2;920;03/06/2015
2015038544;1;2;1;1;6;920;04/06/2015
2015038545;1;1;2;1;3;920;08/06/2015
2015038546;1;2;3;1;3;920;09/06/2015
2015038547;1;2;2;1;6;920;12/06/2015
2015038548;5;2;1;1;7;920;13/06/2015
2015038549;1;2;1;1;3;920;16/06/2015
2015038550;1;2;1;1;2;920;17/06/2015
2015038551;1;2;2;1;3;920;17/06/2015
2015038552;1;2;1;1;2;920;05/05/2015
2015038553;1;2;2;1;6;920;25/06/2015
2015038554;1;2;6;1;2;920;27/06/2015
2015038555;1;2;2;1;6;920;29/06/2015
2015038556;1;2;1;1;6;920;07/07/2015
2015038557;5;2;2;1;6;920;14/07/2015
2015038558;1;2;2;1;6;920;17/07/2015
2015038559;1;2;2;1;3;920;29/07/2015
2015038560;1;2;1;1;6;920;20/07/2015
2015038561;5;2;1;1;7;920;30/07/2015
2015038562;1;2;1;1;6;920;10/08/2015
2015038563;1;2;2;1;3;920;05/09/2015
2015038564;1;2;2;2;3;920;11/09/2015
2015038565;1;2;1;1;6;920;10/08/2015
2015038566;5;2;1;1;7;920;14/09/2015
2015038567;1;2;2;1;3;920;21/09/2015
2015038568;2;2;1;1;6;920;26/09/2015
2015038569;5;2;2;1;3;920;26/09/2015
2015038570;1;2;2;1;6;920;29/09/2015
2015038571;5;2;1;1;6;920;30/09/2015
2015038572;1;2;1;1;6;920;12/10/2015
2015038573;5;2;1;1;7;920;14/10/2015
2015038574;1;2;2;1;3;920;15/10/2015
2015038575;5;2;1;1;6;920;20/10/2015
2015038576;5;2;1;1;6;920;27/10/2015
2015038577;1;2;2;2;3;920;30/10/2015
2015038578;1;2;4;1;1;920;08/09/2015
2015038579;2;2;2;1;6;920;03/11/2015
2015038580;1;2;1;1;6;920;03/11/2015
2015038581;1;2;2;1;3;920;17/09/2015
2015038582;2;2;1;1;6;920;05/11/2015
2015038583;1;2;2;1;6;920;06/11/2015
2015038584;1;2;1;1;6;920;07/11/2015
2015038585;5;2;2;1;6;920;22/11/2015
2015038586;5;2;2;1;3;920;23/11/2015
2015038587;1;2;1;1;2;920;24/11/2015
2015038588;2;2;2;2;3;920;25/11/2015
2015038589;1;2;1;1;3;920;27/11/2015
2015038590;5;2;1;2;1;920;27/11/2015
2015038591;5;2;2;1;6;920;04/12/2015
2015038592;1;2;1;2;7;920;23/12/2015
2015038593;1;2;2;1;6;920;16/12/2015
2015038594;5;2;1;1;6;920;18/12/2015
2015038595;5;2;2;1;1;920;19/12/2015
2015038596;1;2;1;1;6;920;22/12/2015
2015038597;5;2;2;1;6;920;10/12/2015
2015038598;1;2;7;1;6;920;05/04/2015
2015038599;1;2;3;1;6;920;21/09/2015
2015038600;5;2;1;1;6;920;24/09/2015
2015038601;5;2;3;1;3;920;10/11/2015
2015038602;5;2;2;1;3;920;25/01/2015
2015038603;1;2;3;1;7;920;17/11/2015
2015038604;5;2;1;2;3;920;30/03/2015
2015038605;5;2;2;1;6;920;11/03/2015
2015038606;1;2;6;1;3;920;10/03/2015
2015038607;1;2;1;1;6;920;17/03/2015
2015038608;5;1;6;1;3;920;31/03/2015
2015038609;5;2;1;2;6;920;04/04/2015
2015038610;1;2;1;1;3;920;15/04/2015
2015038611;1;2;2;2;3;920;03/04/2015
2015038612;1;2;2;1;6;920;04/05/2015
2015038613;5;2;2;1;7;920;10/05/2015
2015038614;1;2;2;1;1;920;10/06/2015
2015038615;1;2;2;1;3;920;16/06/2015
2015038616;1;2;1;1;6;920;18/06/2015
2015038617;1;2;1;1;6;920;18/06/2015
2015038618;1;2;1;1;3;920;22/06/2015
2015038619;1;2;3;1;1;920;30/06/2015
2015038620;1;2;1;1;1;920;12/07/2015
2015038621;2;2;7;1;6;920;16/07/2015
2015038622;1;2;3;1;6;920;17/07/2015
2015038623;1;2;3;1;6;920;21/08/2015
2015038624;1;2;3;1;2;920;17/07/2015
2015038625;1;2;3;1;3;920;15/09/2015
2015038626;1;2;3;2;6;920;22/09/2015
2015038627;1;2;7;1;2;920;30/09/2015
2015038628;1;2;1;1;6;920;30/09/2015
2015038629;1;2;1;1;6;920;06/10/2015
2015038630;1;2;2;1;6;920;06/10/2015
2015038631;1;2;2;1;6;920;09/10/2015
2015038632;1;2;1;1;6;920;15/10/2015
2015038633;1;2;1;1;6;920;17/10/2015
2015038634;5;2;1;1;6;920;21/10/2015
2015038635;1;2;2;1;7;920;25/09/2015
2015038636;5;2;3;2;6;920;22/10/2015
2015038637;1;2;3;1;7;920;20/10/2015
2015038638;1;2;1;1;2;920;27/10/2015
2015038639;1;2;3;1;6;920;04/11/2015
2015038640;5;2;3;1;6;920;05/11/2015
2015038641;1;2;3;2;3;920;10/11/2015
2015038642;1;2;2;1;3;920;23/11/2015
2015038643;5;2;2;1;7;920;25/11/2015
2015038644;1;2;1;1;6;920;27/11/2015
2015038645;5;2;3;1;6;920;02/12/2015
2015038646;5;2;2;1;3;920;22/12/2015
2015038647;5;2;1;1;7;920;28/12/2015
2015038648;1;2;1;1;2;920;02/01/2015
2015038649;2;2;1;1;1;920;12/01/2015
2015038650;5;2;2;3;6;920;16/01/2015
2015038651;1;2;2;1;3;920;23/01/2015
2015038652;1;2;1;2;7;920;29/01/2015
2015038653;5;2;1;8;3;920;02/02/2015
2015038654;1;2;1;1;2;920;12/02/2015
2015038655;1;2;1;1;7;920;12/02/2015
2015038656;2;2;1;1;6;920;14/02/2015
2015038657;1;2;5;1;3;920;15/02/2015
2015038658;1;2;1;1;7;920;16/02/2015
2015038659;1;2;1;1;2;920;20/02/2015
2015038660;5;2;3;1;3;920;24/02/2015
2015038661;1;2;3;2;6;920;25/02/2015
2015038662;1;2;3;1;7;920;28/02/2015
2015038663;1;2;1;1;6;920;02/03/2015
2015038664;5;2;2;1;6;920;06/03/2015
2015038665;5;2;1;9;7;920;15/02/2015
2015038666;1;2;1;1;6;920;10/03/2015
2015038667;1;2;1;1;7;920;12/03/2015
2015038668;5;2;2;2;3;920;15/03/2015
2015038669;1;2;3;1;3;920;19/03/2015
2015038670;1;2;2;6;3;920;31/03/2015
2015038671;1;2;1;1;6;920;01/04/2015
2015038672;1;2;3;1;2;920;01/04/2015
2015038673;1;2;1;2;6;920;03/04/2015
2015038674;1;2;2;2;3;920;03/04/2015
2015038675;1;2;1;9;2;920;03/04/2015
2015038676;1;2;1;1;6;920;09/04/2015
2015038677;1;2;1;1;6;920;10/04/2015
2015038678;2;2;1;1;6;920;11/04/2015
2015038679;1;2;1;1;6;920;11/04/2015
2015038680;1;2;3;1;5;920;13/04/2015
2015038681;1;2;1;1;6;920;14/04/2015
2015038682;1;2;1;1;6;920;15/04/2015
2015038683;5;2;3;1;6;920;17/04/2015
2015038684;1;2;2;1;3;920;19/04/2015
2015038685;1;2;4;1;6;920;20/04/2015
2015038686;1;2;1;1;6;920;23/04/2015
2015038687;2;2;4;2;3;920;30/04/2015
2015038688;1;2;2;1;3;920;10/05/2015
2015038689;1;2;2;1;3;920;07/05/2015
2015038690;1;2;1;1;6;920;20/05/2015
2015038691;1;2;1;1;7;920;26/05/2015
2015038692;1;2;2;1;6;920;30/05/2015
2015038693;1;2;3;1;3;920;02/06/2015
2015038694;5;2;2;1;3;920;04/06/2015
2015038695;5;2;2;1;3;920;06/06/2015
2015038696;1;2;3;1;1;920;10/06/2015
2015038697;1;2;1;1;7;920;10/06/2015
2015038698;5;2;1;1;3;920;14/06/2015
2015038699;1;2;1;1;2;920;19/06/2015
2015038700;2;2;1;1;3;920;19/06/2015
2015038701;1;2;2;1;5;920;28/06/2015
2015038702;1;2;3;1;6;920;30/06/2015
2015038703;5;2;3;1;3;920;03/07/2015
2015038704;1;2;1;1;6;920;07/07/2015
2015038705;1;2;1;1;3;920;09/07/2015
2015038706;1;2;3;1;3;920;09/07/2015
2015038707;1;2;2;1;2;920;09/07/2015
2015038708;1;2;3;1;7;920;09/07/2015
2015038709;1;2;3;1;2;920;10/07/2015
2015038710;1;2;1;1;6;920;13/07/2015
2015038711;5;2;3;1;3;920;16/07/2015
2015038712;1;2;1;1;7;920;22/07/2015
2015038713;1;2;1;1;6;920;28/07/2015
2015038714;1;2;2;1;3;920;03/08/2015
2015038715;1;2;2;1;6;920;04/08/2015
2015038716;1;2;1;1;6;920;07/08/2015
2015038717;5;2;1;2;3;920;13/08/2015
2015038718;1;2;3;1;3;920;14/08/2015
2015038719;1;2;1;1;6;920;16/08/2015
2015038720;1;2;3;8;2;920;17/08/2015
2015038721;1;2;3;2;3;920;20/08/2015
2015038722;1;2;1;1;3;920;21/08/2015
2015038723;1;2;1;3;6;920;24/08/2015
2015038724;1;2;3;1;2;920;26/08/2015
2015038725;1;2;1;1;2;920;03/09/2015
2015038726;1;2;3;1;3;920;10/09/2015
2015038727;1;2;1;1;3;920;10/09/2015
2015038728;1;2;3;1;3;920;11/09/2015
2015038729;5;2;1;1;1;920;11/09/2015
2015038730;1;2;1;2;7;920;12/09/2015
2015038731;1;2;2;2;3;920;13/09/2015
2015038732;1;2;1;1;7;920;15/09/2015
2015038733;1;2;2;2;3;920;16/09/2015
2015038734;5;2;1;1;6;920;17/09/2015
2015038735;1;2;1;1;6;920;26/09/2015
2015038736;1;2;1;1;6;920;30/09/2015
2015038737;1;2;3;3;6;920;05/10/2015
2015038738;1;2;1;3;6;920;05/10/2015
2015038739;1;2;1;1;7;920;08/10/2015
2015038740;5;2;2;1;3;920;09/10/2015
2015038741;5;2;3;1;3;920;10/10/2015
2015038742;1;2;1;1;6;920;11/10/2015
2015038743;1;2;2;1;6;920;12/10/2015
2015038744;1;2;3;1;6;920;19/10/2015
2015038745;1;2;1;1;6;920;14/10/2015
2015038746;1;2;3;1;6;920;25/10/2015
2015038747;1;2;2;1;6;920;27/10/2015
2015038748;5;2;3;1;2;920;30/10/2015
2015038749;1;2;3;1;3;920;02/11/2015
2015038750;5;2;6;1;3;920;03/11/2015
2015038751;1;2;1;1;6;920;05/11/2015
2015038752;1;2;1;1;6;920;11/11/2015
2015038753;1;2;2;1;3;920;18/11/2015
2015038754;1;2;2;2;3;920;19/11/2015
2015038755;1;2;2;2;6;920;19/11/2015
2015038756;2;2;3;2;7;920;19/11/2015
2015038757;2;2;1;2;6;920;20/11/2015
2015038758;5;2;1;1;7;920;21/11/2015
2015038759;2;2;1;1;6;920;29/11/2015
2015038760;1;2;1;1;7;920;01/12/2015
2015038761;1;2;1;1;7;920;02/12/2015
2015038762;1;2;1;1;6;920;02/12/2015
2015038763;5;2;2;1;3;920;03/12/2015
2015038764;5;2;1;1;6;920;05/12/2015
2015038765;1;2;1;1;3;920;09/12/2015
2015038766;1;2;2;8;2;920;10/12/2015
2015038767;5;2;1;1;6;920;17/12/2015
2015038768;5;2;3;1;5;920;18/12/2015
2015038769;5;2;1;1;3;920;21/12/2015
2015038770;5;2;2;1;2;920;26/12/2015
2015038771;5;2;1;1;6;920;28/12/2015
2015038772;5;2;1;1;3;920;29/12/2015
2015038773;2;2;7;1;6;920;30/12/2015
2015038774;1;2;1;1;7;920;31/12/2015
2015038775;5;2;2;1;3;920;31/12/2015
2015038776;1;1;1;1;3;920;06/01/2015
2015038777;5;2;1;5;7;920;07/01/2015
2015038778;5;2;1;2;6;920;08/01/2015
2015038779;1;2;1;9;3;920;08/01/2015
2015038780;1;2;1;9;6;920;10/01/2015
2015038781;1;2;1;1;3;920;11/01/2015
2015038782;1;2;1;8;6;920;14/01/2015
2015038783;1;2;1;2;6;920;19/01/2015
2015038784;1;2;1;1;3;920;23/01/2015
2015038785;1;2;1;5;6;920;07/01/2015
2015038786;5;2;1;2;6;920;28/01/2015
2015038787;5;2;1;9;3;920;29/01/2015
2015038788;1;2;1;2;3;920;08/01/2015
2015038789;1;2;2;1;6;920;05/02/2015
2015038790;1;2;3;8;3;920;06/02/2015
2015038791;1;2;1;2;6;920;20/02/2015
2015038792;1;2;1;9;2;920;19/02/2015
2015038793;1;2;2;1;1;920;24/02/2015
2015038794;5;2;1;9;3;920;04/03/2015
2015038795;5;2;1;1;6;920;04/03/2015
2015038796;1;2;1;1;3;920;09/03/2015
2015038797;5;2;1;9;3;920;13/03/2015
2015038798;1;2;1;8;7;920;15/03/2015
2015038799;1;2;1;2;3;920;25/03/2015
2015038800;2;2;1;1;6;920;30/03/2015
2015038801;1;2;1;2;7;920;02/04/2015
2015038802;5;2;1;2;4;920;29/03/2015
2015038803;1;1;2;1;3;920;05/04/2015
2015038804;1;2;2;1;6;920;08/04/2015
2015038805;5;2;2;2;1;920;03/04/2015
2015038806;2;2;3;1;6;920;14/04/2015
2015038807;1;2;1;1;1;920;13/04/2015
2015038808;1;2;1;1;2;920;14/04/2015
2015038809;1;2;1;1;3;920;15/04/2015
2015038810;1;2;1;9;6;920;13/04/2015
2015038811;1;2;2;7;3;920;21/04/2015
2015038812;1;2;1;1;3;920;16/04/2015
2015038813;1;2;9;1;6;920;20/04/2015
2015038814;1;2;1;1;6;920;21/04/2015
2015038815;1;2;1;7;3;920;23/04/2015
2015038816;1;2;1;9;2;920;22/04/2015
2015038817;1;2;1;9;6;920;24/04/2015
2015038818;1;2;1;7;3;920;29/04/2015
2015038819;1;2;1;9;6;920;29/04/2015
2015038820;1;2;1;2;2;920;30/04/2015
2015038821;3;1;1;2;1;920;30/04/2015
2015038822;1;2;2;1;2;920;13/05/2015
2015038823;1;2;3;9;3;920;18/05/2015
2015038824;1;2;1;9;6;920;21/05/2015
2015038825;1;2;1;9;6;920;26/05/2015
2015038826;1;2;1;7;2;920;22/05/2015
2015038827;1;1;1;1;6;920;25/05/2015
2015038828;1;2;1;9;7;920;29/05/2015
2015038829;1;2;1;8;6;920;29/05/2015
2015038830;1;1;1;1;6;920;02/06/2015
2015038831;1;2;1;1;6;920;02/06/2015
2015038832;1;2;6;8;6;920;03/06/2015
2015038833;1;2;1;9;2;920;04/06/2015
2015038834;1;2;1;9;2;920;08/06/2015
2015038835;1;2;1;1;6;920;09/06/2015
2015038836;1;2;1;1;2;920;05/06/2015
2015038837;1;2;1;1;2;920;10/06/2015
2015038838;1;2;1;1;7;920;16/06/2015
2015038839;1;2;1;1;7;920;20/06/2015
2015038840;1;2;1;9;3;920;19/06/2015
2015038841;5;2;1;9;2;920;21/06/2015
2015038842;1;2;1;9;7;920;22/06/2015
2015038843;1;2;1;2;2;920;22/06/2015
2015038844;1;2;1;1;6;920;23/06/2015
2015038845;1;2;1;1;2;920;26/06/2015
2015038846;1;2;1;7;7;920;29/06/2015
2015038847;1;2;2;9;3;920;24/06/2015
2015038848;1;2;1;1;7;920;30/06/2015
2015038849;1;2;3;9;3;920;01/07/2015
2015038850;1;2;1;7;6;920;02/07/2015
2015038851;1;2;1;1;6;920;03/07/2015
2015038852;1;2;1;1;3;920;06/07/2015
2015038853;1;2;2;1;2;920;10/07/2015
2015038854;1;2;3;7;1;920;15/07/2015
2015038855;1;2;1;1;6;920;22/07/2015
2015038856;5;2;1;3;7;920;18/07/2015
2015038857;5;2;1;1;1;920;16/07/2015
2015038858;1;2;1;1;2;920;24/07/2015
2015038859;1;2;1;9;2;920;23/07/2015
2015038860;1;2;1;1;6;920;25/07/2015
2015038861;1;2;1;1;6;920;02/08/2015
2015038862;1;2;1;1;3;920;03/08/2015
2015038863;1;2;1;9;1;920;04/08/2015
2015038864;1;2;2;1;3;920;06/08/2015
2015038865;1;2;1;2;4;920;14/08/2015
2015038866;2;2;1;1;7;920;27/08/2015
2015038867;1;2;1;1;6;920;29/08/2015
2015038868;1;2;1;1;3;920;16/08/2015
2015038869;1;2;1;1;6;920;04/09/2015
2015038870;1;1;1;1;2;920;08/09/2015
2015038871;1;2;1;1;6;920;08/09/2015
2015038872;1;1;1;1;2;920;10/09/2015
2015038873;1;2;1;1;2;920;11/09/2015
2015038874;1;2;1;1;1;920;15/09/2015
2015038875;5;2;3;3;6;920;16/09/2015
2015038876;1;2;1;2;6;920;14/09/2015
2015038877;1;1;1;1;2;920;03/09/2015
2015038878;1;2;2;1;3;920;14/09/2015
2015038879;1;2;1;1;1;920;15/09/2015
2015038880;1;2;1;2;2;920;17/09/2015
2015038881;1;2;1;1;6;920;18/09/2015
2015038882;1;2;1;1;2;920;18/09/2015
2015038883;5;2;1;2;3;920;23/09/2015
2015038884;1;2;1;1;3;920;27/09/2015
2015038885;5;2;3;1;6;920;27/09/2015
2015038886;5;2;1;9;3;920;29/09/2015
2015038887;5;2;1;9;3;920;30/09/2015
2015038888;1;2;1;1;2;920;02/10/2015
2015038889;1;2;1;1;2;920;03/10/2015
2015038890;1;2;1;1;7;920;02/10/2015
2015038891;5;2;1;1;3;920;02/10/2015
2015038892;1;2;1;1;2;920;03/10/2015
2015038893;1;2;3;1;3;920;07/10/2015
2015038894;1;2;1;8;7;920;09/10/2015
2015038895;1;2;1;1;7;920;09/10/2015
2015038896;1;2;1;1;7;920;10/10/2015
2015038897;1;2;1;7;7;920;09/10/2015
2015038898;1;2;1;2;3;920;15/10/2015
2015038899;1;2;1;9;1;920;15/10/2015
2015038900;5;2;1;2;3;920;16/10/2015
2015038901;1;2;3;8;1;920;18/10/2015
2015038902;1;2;1;1;6;920;28/10/2015
2015038903;5;2;1;9;6;920;29/10/2015
2015038904;1;2;3;7;3;920;30/10/2015
2015038905;1;2;1;1;3;920;31/10/2015
2015038906;1;2;1;1;7;920;06/11/2015
2015038907;5;2;1;8;6;920;31/10/2015
2015038908;1;2;3;7;6;920;09/11/2015
2015038909;5;2;1;2;2;920;19/11/2015
2015038910;5;2;1;1;6;920;18/11/2015
2015038911;1;2;2;8;7;920;19/11/2015
2015038912;5;2;1;9;2;920;21/11/2015
2015038913;1;2;1;9;7;920;23/11/2015
2015038914;1;2;2;1;4;920;26/11/2015
2015038915;5;2;1;3;7;920;24/11/2015
2015038916;5;2;2;9;2;920;25/11/2015
2015038917;1;2;1;1;7;920;24/11/2015
2015038918;5;2;1;9;6;920;06/12/2015
2015038919;1;2;1;9;7;920;06/12/2015
2015038920;5;2;1;9;1;920;05/12/2015
2015038921;1;2;2;7;3;920;07/12/2015
2015038922;1;2;1;7;7;920;09/12/2015
2015038923;1;2;1;1;2;920;14/12/2015
2015038924;5;2;1;9;6;920;11/12/2015
2015038925;5;2;1;8;6;920;14/12/2015
2015038926;5;2;1;1;7;920;17/12/2015
2015038927;1;2;1;1;7;920;18/12/2015
2015038928;5;2;1;1;2;920;18/12/2015
2015038929;1;2;1;9;7;920;27/12/2015
2015038930;5;2;2;8;6;920;24/12/2015
2015038931;1;2;2;9;7;920;23/12/2015
2015038932;5;2;1;1;6;920;17/12/2015
2015038933;1;2;1;1;3;920;18/11/2015
2015038934;1;2;3;1;6;920;13/01/2015
2015038935;1;2;1;2;6;920;15/01/2015
2015038936;5;2;1;2;2;920;10/01/2015
2015038937;2;2;3;3;6;920;16/01/2015
2015038938;1;2;1;1;6;920;19/01/2015