num_acc;lum;agg;inter;atm;col;dep;date
2015041258;5;2;1;1;2;930;05/01/2015
2015041259;5;2;1;1;6;930;09/01/2015
2015041260;5;2;1;1;6;930;11/01/2015
2015041261;5;2;1;1;6;930;12/01/2015
2015041262;5;2;3;2;3;930;13/01/2015
2015041263;5;2;2;8;3;930;13/01/2015
2015041264;2;2;2;1;6;930;15/01/2015
2015041265;1;2;1;1;6;930;12/01/2015
2015041266;1;2;1;1;6;930;23/01/2015
2015041267;5;2;1;1;3;930;27/01/2015
2015041268;1;2;1;1;3;930;27/01/2015
2015041269;5;2;3;2;6;930;28/01/2015
2015041270;1;2;2;8;3;930;28/01/2015
2015041271;2;2;1;2;6;930;29/01/2015
2015041272;1;2;3;1;6;930;04/02/2015
2015041273;5;2;1;1;4;930;05/02/2015
2015041274;5;2;1;1;6;930;08/02/2015
2015041275;1;2;2;1;4;930;09/02/2015
2015041276;5;2;3;1;6;930;10/02/2015
2015041277;1;2;1;1;6;930;10/02/2015
2015041278;1;2;1;1;6;930;11/02/2015
2015041279;1;2;1;1;6;930;11/02/2015
2015041280;2;2;1;1;6;930;12/02/2015
2015041281;1;2;4;1;6;930;12/02/2015
2015041282;5;2;3;2;6;930;14/02/2015
2015041283;4;2;3;1;3;930;17/02/2015
2015041284;1;2;3;1;3;930;19/02/2015
2015041285;1;2;1;2;6;930;24/02/2015
2015041286;5;1;1;1;6;930;25/02/2015
2015041287;1;2;3;3;3;930;04/03/2015
2015041288;1;2;6;1;6;930;05/03/2015
2015041289;1;2;1;1;4;930;06/03/2015
2015041290;1;2;1;1;6;930;13/03/2015
2015041291;5;2;1;1;6;930;16/03/2015
2015041292;1;2;1;1;3;930;17/03/2015
2015041293;1;2;1;1;6;930;17/03/2015
2015041294;1;2;2;1;3;930;18/03/2015
2015041295;1;2;1;1;6;930;20/03/2015
2015041296;1;2;3;1;3;930;19/03/2015
2015041297;1;2;4;1;4;930;20/03/2015
2015041298;5;2;1;1;6;930;22/03/2015
2015041299;1;2;1;1;6;930;25/03/2015
2015041300;1;2;1;2;6;930;26/03/2015
2015041301;5;2;1;1;6;930;26/03/2015
2015041302;1;2;1;1;2;930;28/03/2015
2015041303;1;2;1;2;6;930;31/03/2015
2015041304;5;2;1;1;3;930;04/04/2015
2015041305;1;2;1;1;6;930;07/04/2015
2015041306;1;2;1;1;6;930;08/04/2015
2015041307;5;2;1;1;3;930;09/04/2015
2015041308;1;2;1;1;6;930;10/04/2015
2015041309;1;2;1;1;6;930;12/04/2015
2015041310;5;2;1;1;6;930;12/04/2015
2015041311;1;2;1;1;3;930;13/04/2015
2015041312;1;2;1;1;6;930;14/04/2015
2015041313;1;2;1;1;6;930;20/04/2015
2015041314;1;2;1;2;1;930;02/05/2015
2015041315;1;2;1;2;2;930;03/05/2015
2015041316;1;2;1;1;6;930;05/05/2015
2015041317;1;2;2;1;3;930;06/05/2015
2015041318;1;2;1;1;6;930;07/05/2015
2015041319;5;2;1;1;6;930;08/05/2015
2015041320;1;2;1;1;6;930;09/05/2015
2015041321;1;2;1;1;3;930;11/05/2015
2015041322;1;2;1;1;2;930;11/05/2015
2015041323;1;2;1;1;6;930;12/05/2015
2015041324;1;2;1;1;3;930;14/05/2015
2015041325;1;2;2;1;3;930;14/05/2015
2015041326;1;2;1;1;7;930;18/05/2015
2015041327;5;2;1;2;6;930;18/05/2015
2015041328;1;2;1;2;3;930;19/05/2015
2015041329;1;2;1;1;6;930;21/05/2015
2015041330;1;2;2;1;3;930;29/05/2015
2015041331;1;2;1;1;6;930;29/05/2015
2015041332;1;2;1;1;6;930;30/05/2015
2015041333;5;2;1;1;3;930;30/05/2015
2015041334;5;2;2;3;3;930;31/05/2015
2015041335;1;2;3;1;3;930;11/06/2015
2015041336;1;2;1;1;6;930;15/06/2015
2015041337;1;2;1;1;6;930;16/06/2015
2015041338;1;2;4;1;6;930;17/06/2015
2015041339;1;2;6;1;6;930;17/06/2015
2015041340;1;2;1;1;2;930;18/06/2015
2015041341;5;2;1;1;3;930;19/06/2015
2015041342;1;2;1;1;6;930;19/06/2015
2015041343;1;2;1;1;3;930;21/06/2015
2015041344;5;2;1;1;3;930;22/06/2015
2015041345;1;2;1;2;6;930;22/06/2015
2015041346;1;2;1;8;6;930;22/06/2015
2015041347;1;2;1;2;2;930;22/06/2015
2015041348;2;2;1;2;5;930;22/06/2015
2015041349;1;2;6;1;3;930;23/06/2015
2015041350;1;2;1;1;3;930;23/06/2015
2015041351;1;2;1;1;3;930;23/06/2015
2015041352;5;2;1;1;6;930;24/06/2015
2015041353;1;2;1;1;3;930;29/06/2015
2015041354;1;2;2;1;6;930;01/07/2015
2015041355;1;2;3;1;5;930;01/07/2015
2015041356;1;1;1;1;3;930;02/07/2015
2015041357;1;2;3;1;3;930;03/07/2015
2015041358;1;2;1;1;3;930;03/07/2015
2015041359;1;2;1;1;2;930;03/07/2015
2015041360;2;2;1;1;6;930;04/07/2015
2015041361;5;2;1;1;3;930;04/07/2015
2015041362;1;2;1;1;3;930;11/07/2015
2015041363;1;2;3;1;3;930;11/07/2015
2015041364;1;2;1;1;6;930;14/07/2015
2015041365;1;2;1;1;6;930;16/07/2015
2015041366;1;2;3;1;6;930;17/07/2015
2015041367;1;2;2;1;3;930;22/07/2015
2015041368;1;2;1;1;3;930;25/07/2015
2015041369;1;2;2;1;3;930;29/07/2015
2015041370;2;2;1;1;1;930;30/07/2015
2015041371;5;2;2;1;3;930;01/08/2015
2015041372;1;2;4;1;2;930;01/08/2015
2015041373;5;1;1;1;2;930;05/08/2015
2015041374;1;2;1;1;3;930;06/08/2015
2015041375;1;2;1;1;6;930;07/08/2015
2015041376;1;2;2;1;3;930;07/08/2015
2015041377;5;2;1;1;1;930;07/08/2015
2015041378;1;2;1;1;4;930;08/08/2015
2015041379;5;2;1;1;4;930;14/08/2015
2015041380;1;2;1;1;3;930;20/08/2015
2015041381;1;2;1;1;6;930;22/08/2015
2015041382;3;2;1;1;3;930;22/08/2015
2015041383;5;2;9;1;6;930;24/08/2015
2015041384;1;2;1;1;2;930;25/08/2015
2015041385;5;2;2;2;3;930;27/08/2015
2015041386;1;2;1;1;6;930;30/08/2015
2015041387;2;2;1;1;1;930;07/09/2015
2015041388;1;2;2;1;3;930;07/09/2015
2015041389;1;2;1;1;3;930;11/09/2015
2015041390;1;2;1;1;2;930;12/09/2015
2015041391;1;2;1;1;1;930;11/09/2015
2015041392;5;2;2;1;2;930;18/09/2015
2015041393;1;2;3;2;3;930;18/09/2015
2015041394;5;2;3;1;3;930;18/09/2015
2015041395;5;2;1;2;3;930;24/09/2015
2015041396;1;2;1;1;6;930;28/09/2015
2015041397;1;2;1;1;6;930;29/09/2015
2015041398;1;2;1;1;3;930;30/09/2015
2015041399;1;2;1;1;3;930;02/10/2015
2015041400;5;2;1;1;6;930;03/10/2015
2015041401;1;2;2;1;3;930;05/10/2015
2015041402;5;2;1;1;6;930;10/10/2015
2015041403;1;2;1;1;6;930;12/10/2015
2015041404;1;2;1;1;3;930;13/10/2015
2015041405;1;2;1;1;6;930;13/10/2015
2015041406;5;2;1;1;3;930;13/10/2015
2015041407;5;2;3;1;6;930;14/10/2015
2015041408;1;2;1;2;6;930;16/10/2015
2015041409;1;2;1;1;6;930;17/10/2015
2015041410;5;2;1;1;6;930;18/10/2015
2015041411;5;2;1;1;6;930;17/10/2015
2015041412;4;2;2;2;1;930;20/10/2015
2015041413;3;2;1;2;3;930;22/10/2015
2015041414;5;2;4;1;2;930;24/10/2015
2015041415;1;2;1;1;6;930;26/10/2015
2015041416;1;2;1;1;3;930;27/10/2015
2015041417;5;2;1;1;2;930;28/10/2015
2015041418;1;2;1;1;3;930;29/10/2015
2015041419;5;2;1;1;6;930;01/11/2015
2015041420;1;2;3;1;2;930;03/11/2015
2015041421;1;2;1;1;5;930;01/11/2015
2015041422;5;2;1;1;6;930;03/11/2015
2015041423;1;2;1;1;7;930;05/11/2015
2015041424;5;2;1;1;3;930;02/11/2015
2015041425;5;2;9;2;3;930;05/11/2015
2015041426;1;2;6;1;3;930;07/11/2015
2015041427;5;2;1;1;3;930;08/11/2015
2015041428;1;2;1;1;6;930;09/11/2015
2015041429;1;2;1;1;1;930;10/11/2015
2015041430;1;2;1;1;3;930;10/11/2015
2015041431;1;2;8;1;6;930;11/11/2015
2015041432;5;2;2;1;3;930;13/11/2015
2015041433;1;2;1;1;6;930;13/11/2015
2015041434;5;2;1;1;2;930;13/11/2015
2015041435;1;2;1;1;3;930;16/11/2015
2015041436;1;2;3;1;3;930;17/11/2015
2015041437;5;2;2;1;6;930;18/11/2015
2015041438;1;2;1;2;3;930;19/11/2015
2015041439;2;2;3;3;6;930;20/11/2015
2015041440;1;2;1;1;3;930;26/11/2015
2015041441;5;2;1;2;2;930;27/11/2015
2015041442;3;2;6;2;6;930;28/11/2015
2015041443;5;2;1;1;7;930;01/12/2015
2015041444;1;2;1;1;4;930;05/12/2015
2015041445;1;2;2;1;2;930;07/12/2015
2015041446;1;2;1;1;6;930;07/12/2015
2015041447;5;2;1;1;3;930;07/12/2015
2015041448;3;2;1;1;1;930;07/12/2015
2015041449;1;2;1;2;1;930;08/12/2015
2015041450;1;2;3;1;3;930;13/12/2015
2015041451;3;2;3;3;3;930;15/12/2015
2015041452;2;2;1;1;2;930;17/12/2015
2015041453;5;2;3;1;3;930;17/12/2015
2015041454;5;2;1;1;6;930;23/12/2015
2015041455;5;2;3;1;7;930;23/12/2015
2015041456;5;2;1;1;3;930;25/12/2015
2015041457;1;2;1;1;2;930;26/12/2015
2015041458;1;2;1;1;1;930;27/12/2015
2015041459;5;2;1;2;7;930;29/12/2015
2015041460;5;2;1;1;3;930;29/12/2015
2015041461;1;2;2;1;6;930;30/12/2015
2015041462;5;2;3;1;3;930;11/06/2015
2015041463;5;2;2;2;6;930;04/01/2015
2015041464;5;2;1;1;6;930;07/01/2015
2015041465;5;2;1;2;3;930;10/01/2015
2015041466;1;2;3;1;3;930;14/01/2015
2015041467;5;2;1;2;6;930;27/01/2015
2015041468;1;2;1;2;3;930;02/02/2015
2015041469;1;2;1;1;6;930;03/02/2015
2015041470;5;2;1;8;3;930;03/02/2015
2015041471;1;2;1;1;3;930;06/02/2015
2015041472;2;2;1;1;3;930;06/02/2015
2015041473;3;2;3;1;3;930;09/02/2015
2015041474;1;2;1;1;3;930;11/02/2015
2015041475;5;2;1;2;6;930;13/02/2015
2015041476;1;2;1;1;3;930;15/02/2015
2015041477;1;2;2;1;6;930;19/02/2015
2015041478;5;2;1;2;3;930;20/02/2015
2015041479;2;2;1;1;6;930;08/03/2015
2015041480;1;2;1;1;6;930;13/03/2015
2015041481;1;2;1;1;6;930;13/03/2015
2015041482;2;2;6;1;3;930;20/03/2015
2015041483;1;2;1;1;6;930;30/03/2015
2015041484;1;2;1;1;6;930;31/03/2015
2015041485;1;2;1;1;6;930;04/04/2015
2015041486;1;2;1;1;2;930;06/04/2015
2015041487;1;2;3;1;6;930;13/04/2015
2015041488;1;2;1;1;6;930;17/04/2015
2015041489;1;2;1;1;3;930;17/04/2015
2015041490;1;2;1;1;3;930;29/04/2015
2015041491;1;2;1;8;1;930;02/05/2015
2015041492;1;2;1;1;2;930;13/05/2015
2015041493;1;2;1;1;6;930;16/05/2015
2015041494;1;2;1;2;1;930;20/05/2015
2015041495;1;2;3;1;3;930;20/05/2015
2015041496;1;2;1;1;3;930;21/05/2015
2015041497;1;2;2;1;6;930;22/05/2015
2015041498;3;2;7;1;6;930;22/05/2015
2015041499;1;2;2;1;3;930;05/06/2015
2015041500;1;2;2;1;3;930;10/06/2015
2015041501;1;2;9;1;6;930;10/06/2015
2015041502;1;2;5;1;6;930;11/06/2015
2015041503;1;2;1;1;3;930;15/06/2015
2015041504;1;2;1;1;3;930;15/06/2015
2015041505;1;2;1;1;3;930;17/06/2015
2015041506;1;2;1;1;2;930;23/06/2015
2015041507;1;2;1;1;6;930;29/06/2015
2015041508;1;2;1;1;6;930;30/06/2015
2015041509;1;2;1;1;2;930;16/01/2015
2015041510;1;2;1;1;1;930;02/07/2015
2015041511;1;2;1;1;2;930;10/07/2015
2015041512;1;2;2;1;3;930;14/07/2015
2015041513;1;2;3;1;2;930;21/07/2015
2015041514;1;2;1;1;3;930;21/07/2015
2015041515;1;2;1;1;7;930;27/07/2015
2015041516;1;2;2;1;3;930;12/08/2015
2015041517;1;2;1;3;2;930;27/08/2015
2015041518;1;2;1;1;4;930;13/09/2015
2015041519;1;2;1;1;6;930;20/09/2015
2015041520;1;2;1;1;7;930;23/09/2015
2015041521;2;2;1;1;3;930;12/10/2015
2015041522;1;2;1;1;6;930;19/10/2015
2015041523;5;1;1;1;6;930;22/10/2015
2015041524;2;2;1;1;6;930;29/10/2015
2015041525;5;2;1;2;6;930;05/11/2015
2015041526;1;2;1;1;3;930;05/11/2015
2015041527;1;2;1;2;2;930;06/11/2015
2015041528;5;2;1;2;7;930;06/11/2015
2015041529;1;2;3;1;6;930;09/11/2015
2015041530;1;2;9;1;6;930;09/11/2015
2015041531;1;2;1;1;6;930;10/11/2015
2015041532;5;2;1;2;6;930;13/11/2015
2015041533;1;2;9;2;3;930;17/11/2015
2015041534;1;2;1;1;2;930;18/11/2015
2015041535;1;2;1;2;6;930;20/11/2015
2015041536;1;2;1;2;6;930;26/11/2015
2015041537;5;2;3;1;1;930;30/11/2015
2015041538;5;2;2;1;3;930;04/12/2015
2015041539;1;2;1;1;3;930;15/12/2015
2015041540;1;2;3;1;3;930;17/12/2015
2015041541;1;2;1;1;3;930;18/12/2015
2015041542;1;2;1;1;3;930;19/12/2015
2015041543;1;2;1;1;3;930;29/12/2015
2015041544;5;2;2;1;3;930;04/01/2015
2015041545;1;2;1;1;6;930;23/01/2015
2015041546;1;2;3;1;3;930;01/03/2015
2015041547;1;2;3;1;6;930;02/03/2015
2015041548;1;2;1;1;2;930;06/02/2015
2015041549;1;2;1;1;6;930;06/03/2015
2015041550;1;2;1;1;6;930;11/03/2015
2015041551;5;2;1;1;6;930;19/03/2015
2015041552;5;2;2;1;6;930;20/03/2015
2015041553;1;2;3;1;6;930;27/03/2015
2015041554;1;2;3;1;3;930;28/03/2015
2015041555;5;2;1;1;6;930;07/04/2015
2015041556;5;2;3;1;3;930;12/04/2015
2015041557;1;2;2;1;1;930;14/04/2015
2015041558;1;2;3;1;6;930;14/04/2015
2015041559;1;2;1;1;2;930;20/04/2015
2015041560;1;2;3;2;1;930;30/04/2015
2015041561;5;2;2;8;3;930;01/05/2015
2015041562;1;2;3;1;2;930;06/05/2015
2015041563;1;2;1;1;1;930;10/05/2015
2015041564;1;2;1;1;6;930;12/05/2015
2015041565;1;2;1;1;3;930;16/05/2015
2015041566;1;2;3;1;4;930;22/05/2015
2015041567;1;2;1;1;7;930;03/06/2015
2015041568;1;2;1;1;6;930;11/06/2015
2015041569;1;2;1;1;6;930;18/06/2015
2015041570;5;2;3;1;3;930;19/06/2015
2015041571;1;2;1;1;2;930;23/06/2015
2015041572;1;2;1;1;6;930;03/07/2015
2015041573;1;2;2;1;3;930;08/07/2015
2015041574;1;2;1;1;2;930;10/07/2015
2015041575;1;2;1;1;6;930;13/07/2015
2015041576;1;2;3;1;3;930;14/07/2015
2015041577;1;2;1;1;2;930;17/07/2015
2015041578;1;2;3;1;3;930;18/07/2015
2015041579;1;2;1;1;2;930;22/07/2015
2015041580;1;2;3;1;1;930;29/07/2015
2015041581;5;2;2;1;2;930;31/07/2015
2015041582;2;2;2;1;3;930;05/08/2015
2015041583;5;2;1;1;6;930;10/08/2015
2015041584;1;2;1;2;2;930;20/08/2015
2015041585;1;2;3;1;3;930;22/08/2015
2015041586;1;2;3;2;3;930;24/08/2015
2015041587;5;2;2;3;2;930;27/08/2015
2015041588;5;2;1;1;1;930;05/09/2015
2015041589;1;2;2;1;3;930;07/09/2015
2015041590;1;2;3;1;5;930;09/09/2015
2015041591;1;2;3;3;6;930;13/09/2015
2015041592;1;2;2;3;5;930;16/09/2015
2015041593;1;2;1;1;1;930;03/10/2015
2015041594;5;2;3;2;3;930;15/10/2015
2015041595;1;2;2;2;5;930;22/10/2015
2015041596;5;2;3;1;6;930;01/11/2015
2015041597;5;2;2;2;6;930;21/11/2015
2015041598;2;2;1;1;6;930;26/11/2015
2015041599;5;2;1;1;3;930;26/11/2015
2015041600;5;2;1;1;6;930;04/12/2015
2015041601;1;2;1;1;7;930;05/12/2015
2015041602;1;2;1;1;2;930;09/12/2015
2015041603;1;2;3;1;6;930;10/12/2015
2015041604;5;2;2;2;6;930;15/12/2015
2015041605;1;2;1;1;6;930;16/01/2015
2015041606;1;2;1;1;6;930;10/02/2015
2015041607;1;2;2;1;3;930;24/02/2015
2015041608;1;2;1;1;1;930;16/03/2015
2015041609;5;2;3;2;3;930;25/03/2015
2015041610;1;2;1;1;6;930;27/03/2015
2015041611;1;2;1;1;1;930;31/03/2015
2015041612;1;2;2;1;6;930;02/04/2015
2015041613;1;2;1;1;6;930;09/04/2015
2015041614;1;2;1;1;6;930;09/04/2015
2015041615;1;2;1;1;6;930;22/04/2015
2015041616;1;2;1;1;4;930;27/04/2015
2015041617;5;2;2;1;6;930;09/05/2015
2015041618;1;2;1;1;6;930;22/05/2015
2015041619;5;2;3;1;3;930;26/05/2015
2015041620;1;2;2;1;6;930;10/06/2015
2015041621;5;2;2;1;7;930;14/06/2015
2015041622;1;2;3;1;2;930;15/06/2015
2015041623;1;2;1;1;2;930;29/06/2015
2015041624;1;2;3;1;6;930;21/07/2015
2015041625;1;2;2;1;2;930;21/07/2015
2015041626;1;2;1;1;6;930;27/07/2015
2015041627;5;2;1;1;3;930;31/07/2015
2015041628;1;2;2;1;3;930;12/08/2015
2015041629;2;2;1;3;7;930;20/08/2015
2015041630;1;2;1;1;1;930;04/09/2015
2015041631;1;2;1;1;3;930;09/09/2015
2015041632;5;2;3;1;6;930;10/09/2015
2015041633;1;2;1;1;3;930;11/09/2015
2015041634;1;2;2;1;3;930;11/09/2015
2015041635;1;2;1;2;6;930;14/09/2015
2015041636;1;2;1;1;2;930;15/09/2015
2015041637;1;2;1;1;6;930;15/09/2015
2015041638;1;2;2;1;6;930;17/09/2015
2015041639;1;2;7;1;6;930;28/09/2015
2015041640;1;2;1;1;6;930;01/10/2015
2015041641;1;2;3;1;3;930;30/09/2015
2015041642;1;2;3;1;6;930;08/10/2015
2015041643;5;2;1;2;6;930;16/10/2015
2015041644;5;2;1;1;2;930;18/10/2015
2015041645;1;2;1;1;1;930;02/11/2015
2015041646;5;2;3;1;3;930;02/11/2015
2015041647;5;2;1;1;5;930;10/11/2015
2015041648;1;2;1;1;6;930;11/11/2015
2015041649;5;2;3;1;1;930;12/11/2015
2015041650;3;2;1;1;1;930;15/11/2015
2015041651;1;2;1;1;6;930;28/11/2015
2015041652;1;2;3;1;3;930;05/12/2015
2015041653;3;2;3;2;3;930;20/12/2015
2015041654;1;2;3;1;3;930;27/05/2015
2015041655;1;2;2;1;3;930;23/05/2015
2015041656;5;2;3;1;3;930;17/07/2015
2015041657;5;2;1;9;6;930;07/01/2015
2015041658;1;2;1;1;2;930;09/01/2015
2015041659;1;2;1;1;2;930;23/01/2015
2015041660;3;1;1;2;6;930;29/01/2015
2015041661;1;2;1;1;6;930;31/01/2015
2015041662;1;2;1;2;3;930;31/01/2015
2015041663;5;2;1;3;6;930;01/02/2015
2015041664;5;2;1;1;1;930;12/02/2015
2015041665;5;2;1;1;3;930;17/02/2015
2015041666;1;2;3;3;3;930;20/02/2015
2015041667;5;2;1;2;7;930;01/03/2015
2015041668;5;2;1;1;6;930;08/03/2015
2015041669;1;2;2;1;1;930;10/03/2015
2015041670;1;2;1;1;3;930;11/03/2015
2015041671;1;2;1;1;3;930;12/03/2015
2015041672;1;2;1;1;6;930;12/03/2015
2015041673;1;2;3;1;6;930;18/03/2015
2015041674;1;2;1;2;3;930;25/03/2015
2015041675;1;2;2;2;3;930;29/03/2015
2015041676;1;2;1;1;2;930;12/04/2015
2015041677;1;2;2;1;3;930;27/04/2015
2015041678;1;2;1;1;6;930;29/04/2015
2015041679;1;2;6;2;6;930;30/04/2015
2015041680;1;2;1;1;3;930;07/05/2015
2015041681;1;2;9;1;3;930;07/05/2015
2015041682;1;2;1;1;4;930;07/05/2015
2015041683;1;2;1;1;6;930;18/05/2015
2015041684;1;2;2;1;3;930;18/05/2015
2015041685;1;2;1;1;6;930;20/05/2015
2015041686;1;2;1;1;3;930;22/05/2015
2015041687;1;2;1;1;3;930;26/05/2015
2015041688;1;2;1;1;3;930;03/06/2015
2015041689;1;2;9;1;4;930;05/06/2015
2015041690;1;2;1;1;6;930;06/06/2015
2015041691;1;2;1;1;2;930;10/06/2015
2015041692;1;2;2;1;3;930;12/06/2015
2015041693;1;2;1;1;3;930;13/06/2015
2015041694;1;2;1;1;6;930;14/06/2015
2015041695;1;2;1;1;2;930;15/06/2015
2015041696;1;2;1;1;6;930;23/06/2015
2015041697;1;2;1;1;2;930;23/06/2015
2015041698;1;2;9;1;2;930;02/07/2015
2015041699;1;2;1;1;2;930;10/07/2015
2015041700;1;2;1;1;6;930;11/07/2015
2015041701;5;2;1;1;3;930;17/07/2015
2015041702;1;2;1;1;4;930;21/07/2015
2015041703;1;2;2;1;3;930;21/07/2015
2015041704;1;2;1;1;3;930;22/07/2015
2015041705;5;2;3;1;3;930;24/07/2015
2015041706;1;1;1;2;2;930;26/07/2015
2015041707;1;2;2;2;3;930;27/07/2015
2015041708;1;2;1;1;3;930;30/07/2015
2015041709;1;2;1;1;6;930;10/08/2015
2015041710;1;2;2;1;3;930;10/08/2015
2015041711;1;2;2;1;3;930;11/08/2015
2015041712;1;2;4;1;6;930;23/08/2015
2015041713;5;2;1;1;3;930;29/08/2015
2015041714;1;2;3;1;6;930;30/08/2015
2015041715;1;2;2;1;6;930;03/09/2015
2015041716;1;2;1;1;3;930;05/09/2015
2015041717;1;2;2;1;5;930;23/09/2015
2015041718;1;2;1;8;7;930;24/09/2015
2015041719;1;2;1;1;5;930;02/10/2015
2015041720;5;2;3;1;3;930;02/10/2015
2015041721;1;2;1;1;6;930;03/10/2015
2015041722;1;2;5;2;3;930;06/10/2015
2015041723;1;2;1;1;3;930;07/10/2015
2015041724;5;2;1;1;2;930;07/10/2015
2015041725;1;2;2;1;3;930;09/10/2015
2015041726;1;2;1;1;4;930;19/10/2015
2015041727;1;2;6;1;3;930;23/10/2015
2015041728;1;2;2;1;6;930;25/10/2015
2015041729;1;2;1;1;3;930;06/11/2015
2015041730;5;2;1;2;6;930;11/11/2015
2015041731;5;2;1;2;6;930;16/11/2015
2015041732;5;2;1;1;3;930;30/11/2015
2015041733;5;2;1;1;2;930;03/12/2015
2015041734;1;2;2;1;6;930;04/12/2015
2015041735;1;2;1;1;2;930;04/12/2015
2015041736;1;2;1;1;3;930;09/12/2015
2015041737;5;2;1;8;6;930;19/12/2015
2015041738;1;2;1;1;5;930;23/12/2015
2015041739;1;2;2;1;3;930;31/12/2015
2015041740;1;2;1;1;6;940;11/01/2015
2015041741;2;2;1;1;6;940;09/01/2015
2015041742;5;2;3;1;6;940;02/02/2015
2015041743;5;2;2;2;3;940;14/02/2015
2015041744;1;2;1;1;6;940;13/03/2015
2015041745;1;2;3;8;3;940;21/03/2015
2015041746;5;2;3;2;3;940;24/03/2015
2015041747;1;2;3;1;2;940;25/03/2015
2015041748;1;2;1;7;6;940;13/04/2015
2015041749;1;2;1;1;6;940;14/04/2015
2015041750;1;2;9;1;6;940;17/04/2015
2015041751;1;2;1;1;6;940;18/04/2015
2015041752;1;2;2;1;3;940;18/04/2015
2015041753;1;2;4;1;6;940;24/04/2015
2015041754;1;2;2;1;1;940;06/05/2015
2015041755;5;2;2;8;7;940;19/05/2015
2015041756;1;2;1;1;6;940;24/05/2015
2015041757;5;2;3;2;3;940;25/05/2015
2015041758;1;2;1;1;6;940;28/05/2015
2015041759;1;2;1;1;6;940;01/06/2015
2015041760;1;2;1;1;6;940;18/06/2015
2015041761;1;2;1;1;6;940;22/06/2015
2015041762;1;2;3;1;6;940;25/06/2015
2015041763;1;2;1;1;2;940;01/07/2015
2015041764;1;2;2;1;2;940;06/07/2015
2015041765;1;2;2;1;3;940;06/07/2015
2015041766;5;2;1;1;7;940;08/07/2015
2015041767;1;2;3;1;3;940;13/07/2015
2015041768;1;2;2;7;3;940;17/07/2015
2015041769;1;2;1;1;6;940;24/07/2015
2015041770;5;2;1;1;2;940;30/07/2015
2015041771;1;2;1;1;6;940;02/08/2015
2015041772;1;2;2;7;3;940;07/08/2015
2015041773;5;2;2;1;3;940;11/08/2015
2015041774;5;2;1;2;6;940;24/08/2015
2015041775;1;2;1;1;6;940;28/08/2015
2015041776;1;2;2;1;3;940;30/08/2015
2015041777;5;2;2;1;3;940;30/08/2015
2015041778;1;2;2;1;3;940;03/09/2015
2015041779;1;2;2;1;6;940;17/09/2015
2015041780;1;2;1;1;6;940;21/09/2015
2015041781;1;2;3;1;6;940;29/09/2015
2015041782;1;2;1;1;3;940;30/09/2015
2015041783;1;2;1;1;3;940;02/10/2015
2015041784;1;2;2;1;6;940;03/10/2015
2015041785;1;2;1;1;6;940;08/10/2015
2015041786;1;2;7;1;6;940;08/10/2015
2015041787;5;2;1;2;2;940;15/10/2015
2015041788;1;2;3;2;3;940;22/10/2015
2015041789;1;2;2;1;5;940;24/10/2015
2015041790;1;2;2;1;3;940;03/11/2015
2015041791;2;2;1;8;2;940;12/11/2015
2015041792;5;2;1;1;6;940;18/11/2015
2015041793;1;2;1;2;2;940;19/11/2015
2015041794;5;2;2;3;3;940;25/11/2015
2015041795;1;2;1;1;6;940;26/11/2015
2015041796;5;2;3;1;3;940;11/12/2015
2015041797;5;2;1;1;3;940;17/12/2015
2015041798;5;2;1;1;1;940;30/12/2015
2015041799;1;2;1;1;6;940;02/10/2015
2015041800;1;2;2;1;6;940;02/10/2015
2015041801;1;2;1;1;6;940;04/10/2015
2015041802;5;2;2;3;1;940;06/10/2015
2015041803;1;2;3;1;6;940;06/10/2015
2015041804;1;2;1;1;2;940;09/10/2015
2015041805;1;2;1;1;6;940;09/10/2015
2015041806;1;2;2;1;3;940;12/10/2015
2015041807;4;2;3;1;2;940;19/10/2015
2015041808;5;2;4;1;3;940;23/10/2015
2015041809;5;2;3;1;1;940;29/10/2015
2015041810;1;2;2;1;6;940;11/01/2015
2015041811;5;2;1;1;6;940;01/11/2015
2015041812;1;2;1;1;6;940;02/11/2015
2015041813;1;2;3;1;3;940;11/03/2015
2015041814;1;2;9;1;2;940;04/11/2015
2015041815;1;2;6;8;6;940;05/01/2015
2015041816;1;2;6;5;7;940;07/01/2015
2015041817;5;2;3;1;3;940;06/11/2015
2015041818;1;2;1;1;3;940;09/11/2015
2015041819;1;2;1;1;3;940;09/11/2015
2015041820;1;2;3;2;2;940;13/01/2015
2015041821;5;2;2;2;3;940;16/01/2015
2015041822;1;2;1;3;6;940;20/11/2015
2015041823;3;1;1;4;6;940;20/01/2015
2015041824;5;2;3;1;6;940;21/11/2015
2015041825;1;2;2;1;3;940;23/11/2015
2015041826;5;2;3;1;3;940;23/11/2015
2015041827;5;2;1;3;6;940;24/11/2015
2015041828;3;1;2;1;3;940;26/11/2015
2015041829;5;2;4;1;3;940;27/11/2015
2015041830;2;2;6;8;6;940;29/01/2015
2015041831;1;2;1;2;3;940;29/01/2015
2015041832;3;1;2;2;6;940;29/01/2015
2015041833;1;2;3;1;2;940;30/11/2015
2015041834;1;2;1;1;6;940;02/12/2015
2015041835;5;2;1;1;2;940;03/12/2015
2015041836;5;2;1;1;6;940;04/12/2015
2015041837;1;2;1;1;2;940;05/12/2015