num_acc;lum;agg;inter;atm;col;dep;date
2015041838;1;2;1;1;7;940;22/05/2015
2015041839;1;1;1;3;6;940;22/06/2015
2015041840;5;2;1;1;3;940;08/12/2015
2015041841;1;2;3;1;1;940;09/12/2015
2015041842;5;2;1;1;6;940;21/01/2015
2015041843;1;2;6;1;6;940;12/02/2015
2015041844;2;2;1;1;6;940;12/02/2015
2015041845;1;2;1;2;3;940;14/02/2015
2015041846;5;2;1;1;3;940;14/12/2015
2015041847;5;2;1;1;2;940;15/02/2015
2015041848;5;2;2;2;3;940;15/12/2015
2015041849;1;2;1;8;6;940;16/12/2015
2015041850;5;2;3;1;6;940;19/12/2015
2015041851;5;2;1;1;7;940;16/12/2015
2015041852;1;2;3;9;7;940;19/02/2015
2015041853;1;2;3;1;6;940;27/02/2015
2015041854;2;2;3;2;3;940;03/01/2015
2015041855;1;2;3;1;3;940;03/03/2015
2015041856;5;2;2;8;2;940;03/03/2015
2015041857;1;2;1;1;2;940;06/03/2015
2015041858;1;2;1;1;2;940;07/03/2015
2015041859;1;2;1;8;6;940;13/08/2015
2015041860;5;2;1;1;2;940;03/10/2015
2015041861;1;2;1;1;3;940;03/11/2015
2015041862;1;2;2;1;6;940;14/03/2015
2015041863;1;2;9;1;6;940;16/03/2015
2015041864;1;2;1;1;6;940;16/03/2015
2015041865;5;2;3;1;3;940;21/03/2015
2015041866;1;2;3;1;1;940;23/03/2015
2015041867;5;2;1;2;6;940;24/03/2015
2015041868;5;2;1;8;3;940;25/03/2015
2015041869;1;2;4;1;3;940;27/03/2015
2015041870;5;2;1;1;6;940;29/03/2015
2015041871;1;2;1;1;3;940;01/04/2015
2015041872;1;2;1;1;6;940;24/02/2015
2015041873;3;1;1;1;6;940;03/04/2015
2015041874;1;2;3;2;3;940;03/04/2015
2015041875;5;2;1;1;7;940;08/04/2015
2015041876;1;2;1;1;3;940;10/04/2015
2015041877;5;2;1;1;6;940;04/11/2015
2015041878;1;2;1;5;6;940;12/04/2015
2015041879;1;2;3;1;3;940;13/04/2015
2015041880;5;2;3;1;1;940;14/04/2015
2015041881;1;2;6;1;6;940;18/04/2015
2015041882;1;2;1;1;3;940;20/04/2015
2015041883;1;1;1;8;3;940;26/04/2015
2015041884;1;1;1;2;6;940;26/04/2015
2015041885;5;2;1;1;6;940;26/04/2015
2015041886;1;2;9;3;7;940;30/04/2015
2015041887;1;2;4;2;2;940;03/05/2015
2015041888;1;2;8;1;6;940;05/05/2015
2015041889;5;2;4;1;7;940;10/05/2015
2015041890;1;1;1;8;2;940;25/11/2015
2015041891;1;2;3;1;2;940;12/05/2015
2015041892;1;2;1;1;6;940;12/05/2015
2015041893;1;2;3;1;7;940;17/05/2015
2015041894;1;2;1;1;6;940;19/05/2015
2015041895;2;2;3;2;1;940;19/05/2015
2015041896;5;2;1;1;3;940;24/05/2015
2015041897;1;1;2;1;3;940;27/05/2015
2015041898;1;2;1;1;1;940;28/05/2015
2015041899;1;2;3;1;6;940;29/05/2015
2015041900;1;2;1;2;7;940;31/05/2015
2015041901;1;2;1;1;2;940;01/06/2015
2015041902;5;2;1;1;6;940;06/02/2015
2015041903;1;2;1;1;6;940;04/06/2015
2015041904;1;2;1;1;1;940;04/06/2015
2015041905;1;2;1;1;3;940;05/06/2015
2015041906;1;2;1;1;3;940;08/06/2015
2015041907;1;2;3;1;3;940;26/09/2015
2015041908;1;2;3;2;3;940;16/10/2015
2015041909;1;2;3;1;3;940;10/06/2015
2015041910;1;2;1;8;6;940;25/11/2015
2015041911;1;2;1;1;6;940;21/06/2015
2015041912;1;2;1;9;3;940;16/06/2015
2015041913;1;2;1;1;6;940;17/06/2015
2015041914;1;2;1;1;6;940;23/06/2015
2015041915;1;2;1;7;6;940;25/06/2015
2015041916;4;2;1;1;6;940;28/06/2015
2015041917;1;2;1;1;6;940;07/03/2015
2015041918;1;2;1;1;6;940;27/05/2015
2015041919;1;2;1;8;5;940;07/07/2015
2015041920;1;2;6;1;7;940;10/03/2015
2015041921;1;2;3;8;2;940;10/07/2015
2015041922;1;2;1;1;2;940;14/07/2015
2015041923;1;2;3;7;3;940;16/07/2015
2015041924;1;2;3;1;4;940;19/07/2015
2015041925;1;2;3;8;4;940;20/07/2015
2015041926;1;2;6;1;1;940;21/07/2015
2015041927;2;2;1;1;2;940;24/07/2015
2015041928;1;2;3;1;3;940;02/08/2015
2015041929;1;2;1;7;3;940;03/08/2015
2015041930;1;2;6;1;1;940;07/08/2015
2015041931;1;2;1;8;5;940;07/08/2015
2015041932;1;2;1;1;6;940;28/08/2015
2015041933;1;2;1;1;6;940;11/08/2015
2015041934;1;2;1;1;4;940;12/08/2015
2015041935;1;1;1;2;6;940;13/08/2015
2015041936;1;2;3;8;2;940;26/08/2015
2015041937;1;2;3;8;3;940;26/08/2015
2015041938;5;2;1;2;7;940;21/11/2015
2015041939;1;2;1;1;6;940;17/12/2015
2015041940;1;2;1;1;6;940;19/01/2015
2015041941;1;2;1;1;6;940;01/09/2015
2015041942;1;2;1;1;5;940;02/09/2015
2015041943;1;2;1;1;2;940;10/09/2015
2015041944;5;2;1;2;6;940;12/09/2015
2015041945;1;2;1;1;5;940;09/12/2015
2015041946;1;2;3;3;2;940;16/09/2015
2015041947;1;2;3;1;3;940;17/09/2015
2015041948;1;2;1;3;6;940;18/09/2015
2015041949;1;2;2;1;3;940;19/09/2015
2015041950;1;2;2;2;3;940;22/09/2015
2015041951;1;2;1;8;6;940;22/09/2015
2015041952;1;2;1;1;6;940;26/09/2015
2015041953;1;2;3;1;3;940;27/09/2015
2015041954;1;2;1;1;3;940;28/09/2015
2015041955;5;2;1;1;6;940;30/09/2015
2015041956;1;2;3;1;2;940;30/09/2015
2015041957;4;2;2;1;3;940;02/01/2015
2015041958;1;2;3;2;1;940;09/01/2015
2015041959;1;2;1;1;1;940;09/01/2015
2015041960;1;2;1;1;1;940;11/01/2015
2015041961;4;2;1;1;3;940;11/01/2015
2015041962;1;2;1;2;1;940;14/01/2015
2015041963;1;2;2;1;7;940;17/01/2015
2015041964;1;2;1;1;2;940;20/01/2015
2015041965;5;2;1;1;3;940;21/01/2015
2015041966;2;2;2;1;3;940;22/01/2015
2015041967;1;2;3;1;1;940;26/01/2015
2015041968;1;2;1;1;6;940;27/01/2015
2015041969;1;2;1;1;6;940;29/01/2015
2015041970;1;2;1;1;6;940;31/01/2015
2015041971;1;2;2;1;3;940;01/02/2015
2015041972;5;2;2;4;6;940;02/02/2015
2015041973;2;2;1;1;6;940;02/02/2015
2015041974;1;2;1;1;3;940;02/02/2015
2015041975;1;2;3;1;6;940;03/02/2015
2015041976;1;2;6;1;2;940;04/02/2015
2015041977;5;2;3;1;1;940;11/02/2015
2015041978;5;2;1;1;1;940;15/02/2015
2015041979;5;2;1;1;6;940;17/02/2015
2015041980;1;2;1;1;3;940;24/02/2015
2015041981;5;2;1;1;6;940;27/02/2015
2015041982;1;2;1;1;6;940;05/03/2015
2015041983;1;2;3;1;3;940;05/03/2015
2015041984;1;2;1;1;3;940;05/03/2015
2015041985;1;2;1;1;2;940;06/03/2015
2015041986;1;2;3;1;1;940;07/03/2015
2015041987;1;2;1;1;6;940;08/03/2015
2015041988;1;2;1;1;2;940;08/03/2015
2015041989;1;2;1;1;2;940;11/03/2015
2015041990;1;2;1;1;6;940;12/03/2015
2015041991;1;2;2;1;3;940;18/03/2015
2015041992;1;2;1;1;2;940;23/03/2015
2015041993;5;2;1;2;6;940;24/03/2015
2015041994;1;2;5;2;3;940;26/03/2015
2015041995;1;2;2;1;1;940;03/04/2015
2015041996;1;2;1;1;6;940;04/04/2015
2015041997;1;2;2;1;1;940;11/04/2015
2015041998;1;2;1;1;6;940;13/04/2015
2015041999;1;2;1;1;6;940;16/04/2015
2015042000;1;2;2;1;6;940;22/04/2015
2015042001;1;2;2;1;3;940;27/04/2015
2015042002;1;2;1;1;6;940;27/04/2015
2015042003;5;2;2;1;3;940;27/04/2015
2015042004;1;2;6;3;3;940;30/04/2015
2015042005;1;2;3;1;6;940;01/05/2015
2015042006;1;2;1;2;2;940;01/05/2015
2015042007;1;2;1;2;6;940;01/05/2015
2015042008;5;2;1;1;2;940;02/05/2015
2015042009;5;2;1;2;6;940;02/05/2015
2015042010;1;2;1;1;2;940;04/05/2015
2015042011;1;2;1;1;6;940;06/05/2015
2015042012;4;2;2;1;3;940;08/05/2015
2015042013;1;2;1;1;6;940;09/05/2015
2015042014;1;2;2;1;6;940;11/05/2015
2015042015;2;2;1;1;6;940;18/05/2015
2015042016;1;2;1;1;4;940;22/05/2015
2015042017;5;2;1;1;3;940;26/05/2015
2015042018;1;2;2;1;3;940;27/05/2015
2015042019;1;2;1;1;6;940;29/05/2015
2015042020;1;2;2;1;4;940;03/06/2015
2015042021;1;2;1;1;6;940;05/06/2015
2015042022;1;2;2;1;3;940;05/06/2015
2015042023;1;2;2;1;2;940;11/06/2015
2015042024;1;2;1;1;6;940;13/06/2015
2015042025;5;2;1;1;5;940;13/06/2015
2015042026;5;2;1;1;6;940;13/06/2015
2015042027;1;2;1;1;6;940;16/06/2015
2015042028;1;2;1;1;1;940;18/06/2015
2015042029;1;2;1;1;2;940;15/06/2015
2015042030;1;2;1;1;3;940;27/06/2015
2015042031;1;2;1;1;6;940;28/06/2015
2015042032;1;2;1;1;5;940;04/07/2015
2015042033;1;2;2;1;3;940;06/07/2015
2015042034;1;2;2;1;3;940;09/07/2015
2015042035;1;2;2;1;6;940;10/07/2015
2015042036;1;2;2;1;3;940;15/07/2015
2015042037;1;2;9;1;2;940;16/07/2015
2015042038;1;2;1;1;3;940;21/07/2015
2015042039;1;2;1;1;5;940;23/07/2015
2015042040;1;2;1;1;6;940;24/07/2015
2015042041;1;2;1;1;2;940;25/07/2015
2015042042;2;2;2;1;3;940;25/07/2015
2015042043;1;2;2;1;3;940;30/07/2015
2015042044;1;2;2;1;3;940;01/08/2015
2015042045;1;2;6;1;6;940;03/08/2015
2015042046;1;2;1;1;3;940;05/08/2015
2015042047;1;2;1;1;3;940;14/08/2015
2015042048;1;2;1;1;1;940;22/08/2015
2015042049;1;2;2;1;3;940;22/08/2015
2015042050;1;2;1;1;6;940;07/09/2015
2015042051;1;2;1;1;1;940;16/09/2015
2015042052;1;2;1;1;6;940;17/09/2015
2015042053;1;2;1;2;3;940;18/09/2015
2015042054;1;2;1;3;6;940;22/09/2015
2015042055;1;2;1;1;3;940;25/09/2015
2015042056;1;2;1;1;6;940;29/09/2015
2015042057;5;2;1;1;4;940;29/09/2015
2015042058;2;2;1;1;3;940;01/10/2015
2015042059;5;2;1;1;6;940;02/10/2015
2015042060;1;2;1;2;3;940;06/10/2015
2015042061;1;2;1;1;3;940;07/10/2015
2015042062;5;2;6;1;2;940;12/10/2015
2015042063;2;2;1;1;2;940;14/10/2015
2015042064;1;2;2;1;6;940;28/10/2015
2015042065;5;2;1;1;3;940;31/10/2015
2015042066;5;2;2;1;1;940;01/11/2015
2015042067;5;2;3;1;2;940;02/11/2015
2015042068;1;2;1;1;6;940;08/11/2015
2015042069;5;2;1;1;6;940;10/11/2015
2015042070;5;2;6;2;3;940;12/11/2015
2015042071;2;2;2;1;3;940;17/11/2015
2015042072;1;2;1;1;2;940;17/11/2015
2015042073;5;2;1;2;6;940;17/11/2015
2015042074;5;2;1;1;3;940;18/11/2015
2015042075;1;2;1;1;6;940;18/11/2015
2015042076;5;2;1;8;1;940;27/11/2015
2015042077;1;2;1;1;3;940;28/11/2015
2015042078;1;2;1;1;6;940;29/11/2015
2015042079;1;2;6;1;6;940;29/11/2015
2015042080;1;2;1;1;3;940;30/11/2015
2015042081;1;2;1;1;6;940;07/12/2015
2015042082;1;2;2;1;3;940;08/12/2015
2015042083;1;2;1;1;3;940;09/12/2015
2015042084;5;2;1;1;3;940;12/12/2015
2015042085;1;2;1;1;3;940;18/12/2015
2015042086;5;2;1;1;2;940;27/12/2015
2015042087;1;2;1;2;3;940;22/09/2015
2015042088;5;2;1;1;3;940;08/01/2015
2015042089;5;2;1;1;3;940;11/01/2015
2015042090;5;2;1;1;6;940;23/01/2015
2015042091;5;2;3;1;3;940;29/01/2015
2015042092;2;2;2;2;3;940;30/01/2015
2015042093;1;2;1;1;6;940;06/02/2015
2015042094;1;2;1;8;6;940;23/02/2015
2015042095;5;2;1;2;1;940;25/02/2015
2015042096;1;2;1;1;6;940;02/03/2015
2015042097;1;2;1;1;6;940;10/03/2015
2015042098;1;2;1;1;3;940;12/03/2015
2015042099;1;2;2;1;6;940;13/03/2015
2015042100;5;2;3;1;3;940;20/03/2015
2015042101;5;2;1;1;6;940;21/03/2015
2015042102;1;2;1;1;7;940;02/04/2015
2015042103;1;2;1;1;6;940;20/04/2015
2015042104;5;1;1;2;2;940;02/05/2015
2015042105;1;2;1;2;2;940;04/05/2015
2015042106;5;2;2;2;3;940;04/05/2015
2015042107;1;2;1;1;6;940;25/04/2015
2015042108;1;2;1;1;1;940;21/05/2015
2015042109;1;2;1;1;3;940;11/06/2015
2015042110;1;2;3;1;3;940;11/06/2015
2015042111;1;2;9;1;6;940;12/06/2015
2015042112;1;1;1;1;6;940;15/06/2015
2015042113;1;2;2;1;6;940;16/06/2015
2015042114;1;2;1;2;6;940;18/06/2015
2015042115;3;2;1;1;7;940;28/06/2015
2015042116;1;2;1;1;6;940;19/08/2015
2015042117;5;2;8;1;7;940;22/08/2015
2015042118;5;2;1;1;6;940;23/08/2015
2015042119;1;2;1;3;6;940;12/09/2015
2015042120;1;2;1;1;2;940;18/09/2015
2015042121;1;2;1;1;2;940;23/09/2015
2015042122;1;2;1;1;6;940;27/09/2015
2015042123;5;2;1;1;3;940;08/10/2015
2015042124;1;2;3;1;5;940;13/10/2015
2015042125;1;2;1;2;3;940;15/10/2015
2015042126;1;2;1;1;2;940;19/10/2015
2015042127;5;2;1;1;3;940;25/10/2015
2015042128;1;2;1;1;6;940;26/10/2015
2015042129;1;2;9;1;3;940;27/10/2015
2015042130;5;2;1;9;6;940;28/10/2015
2015042131;1;2;3;1;3;940;05/11/2015
2015042132;1;2;3;1;3;940;09/11/2015
2015042133;5;2;1;1;6;940;12/11/2015
2015042134;1;2;1;1;6;940;15/11/2015
2015042135;5;2;1;8;7;940;20/11/2015
2015042136;5;2;3;8;3;940;20/11/2015
2015042137;1;2;1;1;6;940;26/11/2015
2015042138;5;2;1;1;3;940;03/12/2015
2015042139;2;2;3;2;6;940;08/12/2015
2015042140;5;2;2;2;6;940;10/01/2015
2015042141;1;2;1;1;6;940;24/01/2015
2015042142;2;2;4;1;6;940;27/01/2015
2015042143;3;2;1;1;6;940;27/01/2015
2015042144;2;2;3;2;2;940;30/01/2015
2015042145;5;2;1;1;6;940;06/02/2015
2015042146;5;2;1;8;1;940;09/02/2015
2015042147;1;2;2;1;6;940;11/02/2015
2015042148;1;2;1;1;2;940;19/02/2015
2015042149;1;2;3;1;1;940;22/02/2015
2015042150;4;2;6;1;6;940;25/02/2015
2015042151;1;2;6;1;6;940;16/03/2015
2015042152;2;2;2;1;2;940;22/03/2015
2015042153;1;2;2;1;3;940;24/03/2015
2015042154;1;2;3;3;3;940;24/03/2015
2015042155;1;2;3;2;6;940;28/03/2015
2015042156;1;2;1;1;7;940;31/03/2015
2015042157;5;2;3;1;3;940;08/04/2015
2015042158;5;2;1;8;3;940;12/04/2015
2015042159;1;2;1;1;6;940;15/04/2015
2015042160;1;2;1;1;6;940;19/04/2015
2015042161;2;2;1;7;6;940;20/04/2015
2015042162;1;2;1;1;3;940;22/04/2015
2015042163;1;2;1;1;1;940;16/05/2015
2015042164;5;2;2;3;2;940;14/05/2015
2015042165;1;2;1;1;3;940;17/05/2015
2015042166;2;2;1;1;6;940;17/05/2015
2015042167;1;2;1;1;1;940;15/05/2015
2015042168;1;2;1;1;6;940;17/05/2015
2015042169;1;2;1;1;2;940;20/05/2015
2015042170;1;2;6;1;6;940;21/05/2015
2015042171;5;2;1;1;6;940;22/05/2015
2015042172;1;2;2;1;6;940;24/05/2015
2015042173;1;2;1;7;6;940;24/05/2015
2015042174;1;2;1;1;6;940;29/05/2015
2015042175;1;2;1;1;2;940;30/05/2015
2015042176;1;2;4;1;6;940;01/06/2015
2015042177;1;2;2;7;3;940;05/06/2015
2015042178;1;2;1;7;6;940;08/06/2015
2015042179;1;2;6;1;3;940;10/06/2015
2015042180;1;2;2;1;6;940;11/06/2015
2015042181;1;2;2;1;1;940;12/06/2015
2015042182;1;2;6;7;6;940;12/06/2015
2015042183;1;2;1;1;6;940;15/06/2015
2015042184;1;2;1;1;1;940;23/06/2015
2015042185;1;2;1;1;6;940;01/07/2015
2015042186;1;2;2;1;3;940;03/07/2015
2015042187;1;2;3;1;1;940;04/07/2015
2015042188;1;2;2;1;3;940;05/07/2015
2015042189;1;2;1;1;2;940;05/07/2015
2015042190;1;2;3;1;3;940;09/07/2015
2015042191;5;2;2;1;3;940;12/07/2015
2015042192;5;2;2;1;2;940;19/07/2015
2015042193;1;2;6;1;6;940;21/07/2015
2015042194;1;2;1;1;2;940;22/07/2015
2015042195;1;2;3;1;6;940;23/07/2015
2015042196;1;2;1;1;3;940;29/07/2015
2015042197;2;2;1;2;2;940;04/08/2015
2015042198;1;2;3;1;3;940;21/08/2015
2015042199;1;2;1;1;6;940;21/08/2015
2015042200;5;2;3;1;3;940;21/08/2015
2015042201;1;2;3;1;2;940;25/08/2015
2015042202;5;2;1;2;2;940;27/08/2015
2015042203;1;2;1;7;6;940;03/09/2015
2015042204;2;2;1;1;3;940;06/09/2015
2015042205;5;2;3;1;3;940;07/09/2015
2015042206;1;2;1;1;6;940;09/09/2015
2015042207;1;2;1;1;3;940;09/09/2015
2015042208;1;2;2;1;2;940;19/09/2015
2015042209;5;2;3;1;3;940;20/09/2015
2015042210;1;2;2;1;6;940;24/09/2015
2015042211;1;2;2;1;2;940;26/09/2015
2015042212;2;2;9;1;1;940;29/09/2015
2015042213;5;2;1;1;6;940;29/09/2015
2015042214;2;2;1;1;3;940;01/10/2015
2015042215;1;2;1;2;6;940;06/10/2015
2015042216;1;2;1;1;2;940;06/10/2015
2015042217;1;2;6;2;3;940;06/10/2015
2015042218;5;2;1;1;6;940;12/10/2015
2015042219;1;1;1;1;6;940;13/10/2015
2015042220;1;2;1;1;6;940;13/10/2015
2015042221;5;2;2;2;3;940;22/10/2015
2015042222;1;2;2;2;3;940;22/10/2015
2015042223;1;2;1;1;3;940;27/10/2015
2015042224;5;2;1;1;6;940;30/10/2015
2015042225;1;2;4;1;3;940;31/10/2015
2015042226;5;2;2;1;3;940;02/11/2015
2015042227;5;2;3;2;6;940;05/11/2015
2015042228;1;2;6;1;3;940;09/11/2015
2015042229;5;2;1;1;6;940;10/11/2015
2015042230;1;2;1;2;2;940;25/11/2015
2015042231;1;2;1;9;2;940;17/11/2015
2015042232;5;2;7;1;6;940;29/11/2015
2015042233;5;2;3;2;3;940;30/11/2015
2015042234;5;2;6;1;2;940;30/11/2015
2015042235;1;2;1;1;6;940;11/12/2015
2015042236;5;2;7;3;6;940;15/12/2015
2015042237;5;2;2;1;1;940;17/12/2015
2015042238;5;2;1;8;2;940;18/12/2015
2015042239;5;2;2;1;6;940;21/12/2015
2015042240;1;2;1;9;3;940;28/12/2015
2015042241;1;2;1;1;5;940;30/12/2015
2015042242;5;2;1;1;3;940;30/12/2015
2015042243;1;2;1;1;6;940;04/09/2015
2015042244;1;2;3;2;3;940;02/01/2015
2015042245;1;2;1;1;3;940;05/09/2015
2015042246;5;2;3;2;2;940;01/05/2015
2015042247;1;2;2;1;6;940;31/12/2015
2015042248;2;2;3;8;3;940;03/05/2015
2015042249;1;1;1;1;6;940;03/06/2015
2015042250;5;2;1;9;1;940;07/02/2015
2015042251;1;2;1;1;1;940;13/01/2015
2015042252;1;2;1;1;3;940;04/05/2015
2015042253;1;2;1;1;6;940;06/01/2015
2015042254;3;1;1;2;2;940;06/01/2015
2015042255;1;2;1;1;7;940;19/02/2015
2015042256;2;2;1;9;2;940;08/01/2015
2015042257;2;2;4;3;6;940;12/09/2015
2015042258;1;2;3;1;3;940;22/03/2015
2015042259;5;2;2;8;3;940;13/09/2015
2015042260;1;2;3;1;3;940;13/05/2015
2015042261;4;2;1;2;6;940;18/09/2015
2015042262;1;2;2;1;3;940;19/09/2015
2015042263;1;2;1;1;6;940;02/06/2015
2015042264;1;2;1;1;2;940;07/06/2015
2015042265;1;2;1;1;6;940;09/06/2015
2015042266;5;2;3;1;2;940;14/06/2015
2015042267;1;2;3;1;3;940;15/06/2015
2015042268;1;2;1;1;2;940;16/06/2015
2015042269;1;2;1;1;2;940;17/06/2015
2015042270;1;2;1;2;4;940;22/06/2015
2015042271;1;2;1;1;6;940;23/06/2015
2015042272;1;2;2;7;3;940;30/06/2015
2015042273;1;2;1;1;6;940;23/05/2015
2015042274;1;1;2;1;2;940;27/09/2015
2015042275;1;2;1;1;6;940;23/05/2015
2015042276;5;2;1;8;2;940;26/08/2015
2015042277;5;2;1;1;5;940;25/01/2015
2015042278;1;2;1;1;6;940;26/05/2015
2015042279;1;2;3;1;3;940;01/10/2015
2015042280;1;2;1;1;2;940;28/05/2015
2015042281;1;2;1;1;3;940;02/10/2015
2015042282;1;2;1;1;6;940;03/10/2015
2015042283;5;2;1;9;6;940;05/11/2015
2015042284;1;2;1;1;6;940;06/10/2015
2015042285;5;2;1;2;7;940;21/11/2015
2015042286;5;2;3;1;3;940;06/10/2015
2015042287;1;2;3;1;6;940;03/02/2015
2015042288;5;2;1;1;3;940;04/02/2015
2015042289;2;2;2;1;6;940;06/02/2015
2015042290;1;2;1;1;6;940;10/04/2015
2015042291;1;2;3;8;3;940;17/10/2015
2015042292;5;2;2;1;3;940;18/10/2015
2015042293;5;2;1;2;3;940;14/02/2015
2015042294;5;2;2;1;3;940;20/10/2015
2015042295;5;2;1;1;3;940;16/02/2015
2015042296;1;2;1;1;6;940;19/02/2015
2015042297;5;2;2;1;3;940;24/10/2015
2015042298;1;2;1;1;3;940;14/07/2015
2015042299;1;2;9;2;6;940;28/10/2015
2015042300;5;2;1;1;1;940;30/10/2015
2015042301;5;2;2;1;3;940;25/02/2015
2015042302;1;2;7;1;6;940;01/03/2015
2015042303;5;2;1;1;2;940;02/03/2015
2015042304;1;2;1;8;2;940;05/11/2015
2015042305;1;2;1;1;6;940;08/03/2015
2015042306;5;2;3;1;6;940;08/03/2015
2015042307;1;2;2;1;6;940;07/07/2015
2015042308;1;2;1;1;6;940;08/07/2015
2015042309;1;2;3;1;3;940;11/03/2015
2015042310;1;2;1;1;6;940;13/03/2015
2015042311;2;1;1;1;2;940;14/11/2015
2015042312;1;2;1;1;6;940;14/03/2015
2015042313;1;2;1;1;3;940;16/03/2015
2015042314;1;2;3;1;3;940;18/07/2015
2015042315;1;2;1;1;6;940;20/03/2015
2015042316;1;2;3;7;6;940;22/11/2015
2015042317;1;2;1;1;6;940;04/05/2015
2015042318;1;2;2;1;6;940;25/03/2015
2015042319;5;2;4;2;7;940;24/11/2015
2015042320;1;2;1;1;1;940;29/07/2015
2015042321;2;1;3;1;7;940;29/09/2015
2015042322;5;2;1;1;6;940;04/12/2015
2015042323;5;2;2;1;3;940;06/04/2015
2015042324;1;2;1;1;6;940;07/04/2015
2015042325;1;2;1;1;3;940;07/08/2015
2015042326;5;2;2;1;1;940;07/08/2015
2015042327;5;2;1;3;3;940;08/12/2015
2015042328;1;1;1;1;3;940;11/04/2015
2015042329;1;2;1;1;6;940;11/04/2015
2015042330;5;2;1;1;7;940;11/12/2015
2015042331;1;2;3;1;3;940;14/04/2015
2015042332;2;2;2;8;3;940;14/12/2015
2015042333;1;2;6;1;2;940;16/04/2015
2015042334;1;2;1;2;3;940;15/12/2015
2015042335;1;2;1;1;3;940;17/04/2015
2015042336;5;2;1;3;6;940;15/12/2015
2015042337;1;2;1;1;4;940;21/08/2015
2015042338;1;1;1;1;6;940;16/12/2015
2015042339;1;2;2;1;3;940;22/08/2015
2015042340;1;2;9;8;3;940;17/12/2015
2015042341;1;2;1;1;6;940;17/12/2015
2015042342;1;2;1;1;6;940;17/12/2015
2015042343;5;2;1;1;3;940;19/12/2015
2015042344;1;2;1;1;3;940;31/08/2015
2015042345;5;2;6;1;2;940;01/01/2015
2015042346;1;2;1;1;1;940;08/01/2015
2015042347;1;2;1;1;3;940;14/01/2015
2015042348;1;2;1;1;3;940;16/01/2015
2015042349;1;2;1;1;6;940;14/01/2015
2015042350;1;1;6;1;4;940;21/01/2015
2015042351;5;2;1;2;6;940;26/01/2015
2015042352;3;2;1;1;7;940;27/01/2015
2015042353;1;2;1;1;6;940;29/01/2015
2015042354;5;2;1;2;1;940;29/01/2015
2015042355;1;2;1;2;1;940;29/01/2015
2015042356;5;2;1;1;3;940;31/01/2015
2015042357;5;2;1;1;2;940;03/02/2015
2015042358;1;2;1;1;2;940;10/02/2015
2015042359;5;2;1;1;6;940;09/02/2015
2015042360;1;2;1;1;2;940;11/02/2015
2015042361;5;2;1;1;6;940;13/02/2015
2015042362;5;2;1;1;3;940;16/02/2015
2015042363;5;2;1;1;3;940;14/02/2015
2015042364;2;2;3;1;6;940;18/02/2015
2015042365;1;2;1;1;5;940;17/02/2015
2015042366;1;2;1;1;1;940;18/02/2015
2015042367;3;2;6;3;3;940;21/02/2015
2015042368;1;2;1;1;3;940;22/02/2015
2015042369;2;2;1;1;6;940;24/02/2015
2015042370;1;2;1;1;2;940;27/02/2015
2015042371;1;2;1;1;3;940;03/03/2015
2015042372;1;2;1;1;3;940;03/03/2015
2015042373;1;2;1;1;2;940;04/03/2015
2015042374;1;2;1;1;1;940;06/03/2015
2015042375;1;2;1;1;6;940;11/03/2015
2015042376;1;2;1;1;2;940;18/03/2015
2015042377;1;2;1;1;6;940;21/03/2015
2015042378;1;2;1;1;6;940;23/03/2015
2015042379;1;2;1;1;3;940;24/03/2015
2015042380;1;2;1;1;6;940;25/03/2015
2015042381;1;2;1;1;2;940;25/03/2015
2015042382;3;2;1;1;2;940;27/03/2015
2015042383;5;2;1;1;6;940;28/03/2015
2015042384;1;2;1;3;2;940;30/03/2015
2015042385;1;2;1;1;3;940;01/04/2015
2015042386;5;2;6;2;3;940;02/04/2015
2015042387;1;2;6;1;6;940;29/03/2015
2015042388;5;1;1;1;1;940;09/04/2015
2015042389;1;2;1;1;4;940;13/04/2015
2015042390;1;2;1;1;3;940;18/04/2015
2015042391;1;2;6;1;6;940;16/04/2015
2015042392;1;2;1;1;3;940;23/04/2015
2015042393;1;2;2;1;2;940;23/04/2015
2015042394;2;2;1;2;6;940;26/04/2015
2015042395;1;2;1;1;6;940;27/04/2015
2015042396;1;2;1;2;4;940;30/04/2015
2015042397;1;2;1;1;3;940;05/05/2015
2015042398;1;2;1;1;6;940;10/05/2015
2015042399;1;2;1;1;3;940;08/05/2015
2015042400;1;2;1;1;6;940;09/05/2015
2015042401;1;2;2;1;3;940;07/05/2015
2015042402;1;2;1;1;6;940;11/05/2015
2015042403;1;2;1;1;6;940;11/05/2015
2015042404;1;2;1;2;7;940;14/05/2015
2015042405;1;2;1;1;3;940;17/05/2015
2015042406;1;2;1;1;6;940;15/05/2015
2015042407;1;2;1;1;6;940;20/05/2015
2015042408;1;2;1;1;6;940;18/05/2015
2015042409;1;2;3;1;6;940;18/05/2015
2015042410;1;2;1;1;2;940;24/05/2015
2015042411;2;2;1;1;4;940;20/05/2015
2015042412;5;1;1;1;6;940;29/05/2015
2015042413;1;2;1;1;2;940;01/06/2015
2015042414;1;2;3;1;3;940;02/06/2015
2015042415;1;2;2;1;4;940;03/06/2015
2015042416;1;2;3;1;2;940;04/06/2015
2015042417;1;2;1;1;6;940;04/06/2015