num_acc;lum;agg;inter;atm;col;dep;date
2015042418;2;2;1;1;7;940;04/06/2015
2015042419;1;2;2;1;3;940;06/06/2015
2015042420;1;2;1;1;2;940;08/06/2015
2015042421;1;2;3;1;3;940;08/06/2015
2015042422;1;2;2;1;3;940;09/06/2015
2015042423;1;2;1;1;3;940;15/06/2015
2015042424;1;1;1;1;2;940;17/06/2015
2015042425;1;2;1;1;6;940;17/06/2015
2015042426;1;2;1;1;6;940;18/06/2015
2015042427;1;2;1;1;3;940;19/06/2015
2015042428;5;2;9;1;7;940;22/06/2015
2015042429;1;2;1;1;3;940;23/06/2015
2015042430;1;2;1;1;2;940;24/06/2015
2015042431;1;1;1;1;6;940;28/06/2015
2015042432;1;2;1;1;2;940;27/06/2015
2015042433;1;2;3;1;6;940;01/07/2015
2015042434;1;2;1;1;6;940;03/07/2015
2015042435;5;2;1;1;3;940;04/07/2015
2015042436;1;1;1;1;7;940;03/07/2015
2015042437;1;2;1;1;6;940;06/07/2015
2015042438;1;2;1;1;3;940;09/07/2015
2015042439;5;2;1;1;6;940;13/07/2015
2015042440;1;2;1;1;3;940;11/07/2015
2015042441;1;2;1;1;3;940;12/07/2015
2015042442;1;1;1;1;3;940;13/07/2015
2015042443;1;2;1;1;6;940;13/07/2015
2015042444;1;2;1;1;6;940;18/07/2015
2015042445;1;2;1;1;6;940;17/07/2015
2015042446;5;2;1;1;6;940;19/07/2015
2015042447;1;2;1;1;6;940;21/07/2015
2015042448;1;2;3;1;3;940;22/07/2015
2015042449;1;2;1;1;2;940;23/07/2015
2015042450;1;2;1;1;3;940;29/07/2015
2015042451;1;2;1;1;6;940;30/07/2015
2015042452;1;2;1;1;6;940;05/08/2015
2015042453;1;2;1;1;2;940;08/08/2015
2015042454;1;2;1;1;5;940;13/08/2015
2015042455;1;2;1;1;5;940;18/08/2015
2015042456;1;2;1;1;6;940;17/08/2015
2015042457;1;2;1;1;6;940;19/08/2015
2015042458;1;2;1;1;6;940;22/08/2015
2015042459;1;2;1;1;3;940;26/08/2015
2015042460;5;2;1;1;6;940;26/08/2015
2015042461;1;2;1;1;6;940;29/08/2015
2015042462;1;2;1;1;2;940;03/09/2015
2015042463;1;1;3;1;2;940;04/09/2015
2015042464;1;2;1;1;1;940;05/09/2015
2015042465;2;2;1;1;1;940;04/09/2015
2015042466;1;2;1;1;6;940;08/09/2015
2015042467;1;1;1;1;6;940;13/09/2015
2015042468;5;2;1;1;1;940;13/09/2015
2015042469;1;2;1;1;1;940;12/09/2015
2015042470;1;2;1;1;4;940;10/09/2015
2015042471;5;2;3;1;6;940;14/09/2015
2015042472;1;2;1;1;3;940;20/09/2015
2015042473;1;2;2;1;3;940;19/09/2015
2015042474;1;2;1;1;2;940;21/09/2015
2015042475;1;2;1;1;6;940;22/09/2015
2015042476;1;2;1;1;6;940;21/09/2015
2015042477;1;2;1;1;6;940;22/09/2015
2015042478;3;1;1;2;7;940;23/09/2015
2015042479;5;2;9;1;6;940;23/09/2015
2015042480;1;2;1;1;2;940;24/09/2015
2015042481;1;2;1;1;6;940;26/09/2015
2015042482;1;2;1;1;1;940;29/09/2015
2015042483;1;2;6;1;3;940;29/09/2015
2015042484;1;2;1;1;6;940;01/10/2015
2015042485;1;2;1;2;7;940;05/10/2015
2015042486;1;2;1;1;5;940;01/10/2015
2015042487;1;2;1;1;2;940;10/10/2015
2015042488;1;2;1;1;2;940;12/10/2015
2015042489;1;2;1;1;6;940;14/10/2015
2015042490;1;2;1;1;6;940;15/10/2015
2015042491;1;2;6;1;3;940;15/10/2015
2015042492;1;2;1;1;6;940;18/10/2015
2015042493;1;1;1;1;6;940;19/10/2015
2015042494;1;2;1;1;2;940;23/10/2015
2015042495;1;2;6;1;3;940;02/11/2015
2015042496;1;2;1;1;6;940;02/11/2015
2015042497;5;2;6;1;3;940;04/11/2015
2015042498;1;2;1;2;3;940;04/11/2015
2015042499;1;2;1;1;6;940;06/11/2015
2015042500;1;2;1;1;3;940;10/11/2015
2015042501;5;2;1;1;6;940;10/11/2015
2015042502;1;2;3;1;3;940;09/11/2015
2015042503;1;2;1;1;6;940;12/11/2015
2015042504;5;2;1;1;6;940;13/11/2015
2015042505;1;2;1;1;6;940;17/11/2015
2015042506;2;2;3;1;3;940;20/11/2015
2015042507;1;2;1;1;7;940;22/11/2015
2015042508;1;2;1;1;1;940;22/11/2015
2015042509;3;2;2;1;2;940;22/11/2015
2015042510;1;2;6;2;3;940;24/11/2015
2015042511;5;2;2;1;3;940;01/12/2015
2015042512;1;2;1;1;3;940;02/12/2015
2015042513;1;2;1;1;3;940;03/12/2015
2015042514;2;2;1;1;2;940;04/12/2015
2015042515;1;2;1;1;2;940;04/12/2015
2015042516;5;2;1;2;6;940;08/12/2015
2015042517;1;2;1;1;3;940;09/12/2015
2015042518;1;1;1;1;6;940;09/12/2015
2015042519;5;2;1;1;3;940;10/12/2015
2015042520;5;2;1;1;4;940;11/12/2015
2015042521;5;2;1;1;3;940;14/12/2015
2015042522;1;2;3;2;3;940;15/12/2015
2015042523;3;2;1;3;6;940;15/12/2015
2015042524;5;2;1;3;2;940;15/12/2015
2015042525;3;2;1;1;6;940;16/12/2015
2015042526;1;2;1;1;6;940;14/12/2015
2015042527;5;2;1;1;6;940;16/12/2015
2015042528;2;2;1;1;6;940;17/12/2015
2015042529;1;2;1;2;6;940;21/12/2015
2015042530;1;2;9;2;3;940;02/01/2015
2015042531;1;2;1;1;5;940;12/01/2015
2015042532;5;2;1;1;3;940;01/01/2015
2015042533;1;2;3;1;6;940;06/01/2015
2015042534;2;2;1;2;6;940;15/01/2015
2015042535;5;2;6;2;6;940;17/01/2015
2015042536;1;2;1;1;6;940;23/01/2015
2015042537;1;2;1;2;2;940;28/01/2015
2015042538;5;2;3;8;6;940;28/01/2015
2015042539;1;2;1;5;6;940;30/01/2015
2015042540;1;2;1;1;6;940;02/02/2015
2015042541;5;2;1;1;6;940;08/02/2015
2015042542;1;2;1;1;6;940;11/02/2015
2015042543;1;2;9;1;6;940;04/03/2015
2015042544;5;2;1;1;2;940;14/03/2015
2015042545;5;2;1;1;3;940;17/03/2015
2015042546;1;2;6;1;2;940;28/03/2015
2015042547;1;2;1;2;6;940;02/04/2015
2015042548;1;2;1;1;2;940;08/04/2015
2015042549;1;2;3;1;3;940;14/04/2015
2015042550;1;2;9;1;6;940;18/04/2015
2015042551;1;1;1;1;6;940;19/04/2015
2015042552;1;2;8;1;6;940;20/04/2015
2015042553;1;2;2;7;6;940;23/04/2015
2015042554;5;2;2;1;3;940;28/04/2015
2015042555;1;2;1;1;2;940;06/05/2015
2015042556;1;2;1;1;1;940;19/06/2015
2015042557;1;2;1;1;3;940;26/06/2015
2015042558;2;2;1;1;6;940;27/06/2015
2015042559;1;2;1;1;6;940;10/07/2015
2015042560;1;2;1;3;1;940;26/07/2015
2015042561;2;2;6;2;3;940;28/07/2015
2015042562;1;2;1;1;6;940;08/08/2015
2015042563;1;2;6;1;2;940;19/08/2015
2015042564;1;2;1;2;3;940;01/09/2015
2015042565;1;2;1;1;2;940;03/09/2015
2015042566;3;2;1;1;3;940;09/09/2015
2015042567;1;2;1;1;7;940;20/09/2015
2015042568;1;2;1;1;6;940;28/09/2015
2015042569;1;2;3;1;3;940;01/10/2015
2015042570;1;2;1;1;3;940;07/10/2015
2015042571;1;2;2;1;3;940;13/10/2015
2015042572;5;2;4;1;3;940;20/10/2015
2015042573;1;2;1;1;6;940;23/10/2015
2015042574;1;2;1;1;6;940;30/10/2015
2015042575;1;2;2;1;3;940;02/11/2015
2015042576;5;2;1;1;6;940;01/11/2015
2015042577;1;2;1;1;6;940;05/11/2015
2015042578;1;2;1;1;2;940;06/11/2015
2015042579;5;2;3;2;3;940;06/11/2015
2015042580;5;2;1;1;7;940;11/11/2015
2015042581;1;2;2;2;3;940;20/11/2015
2015042582;1;2;3;1;3;940;02/12/2015
2015042583;5;2;1;1;2;940;02/12/2015
2015042584;1;2;3;1;6;940;04/12/2015
2015042585;1;2;5;1;6;940;07/12/2015
2015042586;5;2;3;1;3;940;08/12/2015
2015042587;1;2;4;2;6;940;03/01/2015
2015042588;5;2;1;1;6;940;04/01/2015
2015042589;5;2;1;3;7;940;09/01/2015
2015042590;2;2;1;1;6;940;09/01/2015
2015042591;1;2;2;1;6;940;11/01/2015
2015042592;5;2;1;2;3;940;14/01/2015
2015042593;1;2;6;8;3;940;15/01/2015
2015042594;1;2;1;1;2;940;15/01/2015
2015042595;5;2;3;1;3;940;16/01/2015
2015042596;1;2;1;1;7;940;16/01/2015
2015042597;5;1;1;2;3;940;16/01/2015
2015042598;4;2;3;2;7;940;19/01/2015
2015042599;5;2;1;1;7;940;20/01/2015
2015042600;2;2;1;1;3;940;21/01/2015
2015042601;5;2;1;1;2;940;23/01/2015
2015042602;1;2;1;2;6;940;24/01/2015
2015042603;5;2;2;8;6;940;28/01/2015
2015042604;5;2;1;2;7;940;29/01/2015
2015042605;5;2;6;2;1;940;29/01/2015
2015042606;2;2;1;1;6;940;07/02/2015
2015042607;5;2;5;1;3;940;08/02/2015
2015042608;1;2;1;1;7;940;09/02/2015
2015042609;5;2;1;1;7;940;11/02/2015
2015042610;2;2;3;1;3;940;11/02/2015
2015042611;1;2;5;7;7;940;12/02/2015
2015042612;4;2;2;2;6;940;13/02/2015
2015042613;1;2;1;2;7;940;14/02/2015
2015042614;1;2;2;1;1;940;14/02/2015
2015042615;5;2;2;1;3;940;17/02/2015
2015042616;5;2;2;3;7;940;23/02/2015
2015042617;1;2;1;1;3;940;24/02/2015
2015042618;1;1;1;1;6;940;24/02/2015
2015042619;5;2;6;1;7;940;28/02/2015
2015042620;5;2;1;2;7;940;01/03/2015
2015042621;4;2;1;1;6;940;02/03/2015
2015042622;1;2;1;1;6;940;03/03/2015
2015042623;1;2;2;1;1;940;04/03/2015
2015042624;1;2;1;1;3;940;10/03/2015
2015042625;2;2;2;1;3;940;14/03/2015
2015042626;5;2;1;1;3;940;16/03/2015
2015042627;1;2;1;1;3;940;17/03/2015
2015042628;1;2;1;1;6;940;18/03/2015
2015042629;3;2;1;1;6;940;19/03/2015
2015042630;1;1;1;1;3;940;19/03/2015
2015042631;1;2;1;1;3;940;20/03/2015
2015042632;5;2;1;1;6;940;21/03/2015
2015042633;1;2;2;1;6;940;25/03/2015
2015042634;5;2;1;2;6;940;31/03/2015
2015042635;1;2;1;1;2;940;01/04/2015
2015042636;1;2;1;2;7;940;02/04/2015
2015042637;5;2;1;3;3;940;03/04/2015
2015042638;1;2;1;1;3;940;07/04/2015
2015042639;1;1;2;1;6;940;09/04/2015
2015042640;1;2;1;1;3;940;09/04/2015
2015042641;1;2;1;1;3;940;09/04/2015
2015042642;1;2;1;1;1;940;12/04/2015
2015042643;5;2;3;1;3;940;17/04/2015
2015042644;5;2;2;1;2;940;18/04/2015
2015042645;1;1;1;1;6;940;19/04/2015
2015042646;1;2;1;1;6;940;21/04/2015
2015042647;1;2;1;1;2;940;23/04/2015
2015042648;1;2;1;2;2;940;01/05/2015
2015042649;1;2;3;1;3;940;11/05/2015
2015042650;1;2;1;1;1;940;11/05/2015
2015042651;1;2;1;1;6;940;12/05/2015
2015042652;5;2;1;1;3;940;13/05/2015
2015042653;1;2;1;1;3;940;13/05/2015
2015042654;1;2;1;1;7;940;16/05/2015
2015042655;1;2;1;1;6;940;18/05/2015
2015042656;1;2;3;1;6;940;18/05/2015
2015042657;1;2;3;1;3;940;21/05/2015
2015042658;5;2;1;1;5;940;21/05/2015
2015042659;1;2;3;1;2;940;22/05/2015
2015042660;1;2;1;1;2;940;24/05/2015
2015042661;1;2;2;1;1;940;25/05/2015
2015042662;5;2;2;1;3;940;27/05/2015
2015042663;1;1;3;1;1;940;27/05/2015
2015042664;5;2;2;1;3;940;27/05/2015
2015042665;1;2;1;1;4;940;28/05/2015
2015042666;5;2;1;1;2;940;30/05/2015
2015042667;1;2;1;1;7;940;31/05/2015
2015042668;1;2;2;1;1;940;02/06/2015
2015042669;1;2;1;1;3;940;05/06/2015
2015042670;1;2;1;1;3;940;06/06/2015
2015042671;1;2;1;1;3;940;08/06/2015
2015042672;1;1;1;1;3;940;09/06/2015
2015042673;1;2;1;1;3;940;10/06/2015
2015042674;1;2;1;1;6;940;10/06/2015
2015042675;1;2;1;1;2;940;11/06/2015
2015042676;1;2;1;1;2;940;12/06/2015
2015042677;5;2;1;1;3;940;15/06/2015
2015042678;1;2;3;1;3;940;16/06/2015
2015042679;1;2;1;1;6;940;17/06/2015
2015042680;1;2;1;2;2;940;18/06/2015
2015042681;1;2;2;1;6;940;18/06/2015
2015042682;1;2;1;1;3;940;18/06/2015
2015042683;1;2;1;1;6;940;19/06/2015
2015042684;1;2;1;1;3;940;21/06/2015
2015042685;1;2;1;1;6;940;21/06/2015
2015042686;1;2;1;1;3;940;21/06/2015
2015042687;1;2;1;1;1;940;22/06/2015
2015042688;1;2;1;1;6;940;23/06/2015
2015042689;1;2;1;1;2;940;02/07/2015
2015042690;1;2;1;1;5;940;03/07/2015
2015042691;5;2;1;1;7;940;03/07/2015
2015042692;1;2;2;1;3;940;04/07/2015
2015042693;1;2;1;1;5;940;07/07/2015
2015042694;1;2;2;1;3;940;17/07/2015
2015042695;1;2;1;1;2;940;18/07/2015
2015042696;1;2;1;1;7;940;18/07/2015
2015042697;1;1;2;1;5;940;22/07/2015
2015042698;1;2;3;1;3;940;10/07/2015
2015042699;1;2;2;1;3;940;25/07/2015
2015042700;1;2;1;8;1;940;28/07/2015
2015042701;1;2;1;1;6;940;29/07/2015
2015042702;1;2;3;1;3;940;01/08/2015
2015042703;1;2;1;1;6;940;01/08/2015
2015042704;1;2;3;1;3;940;05/08/2015
2015042705;5;2;1;1;3;940;07/08/2015
2015042706;1;2;1;1;2;940;11/08/2015
2015042707;5;2;1;1;7;940;12/08/2015
2015042708;1;2;1;1;4;940;12/08/2015
2015042709;1;2;1;1;7;940;18/08/2015
2015042710;1;2;2;2;6;940;20/08/2015
2015042711;5;2;1;4;3;940;24/08/2015
2015042712;1;2;1;1;7;940;24/08/2015
2015042713;1;2;2;2;2;940;26/08/2015
2015042714;1;2;1;1;6;940;30/08/2015
2015042715;5;2;2;1;3;940;31/08/2015
2015042716;1;2;1;1;7;940;31/08/2015
2015042717;1;2;1;1;7;940;05/09/2015
2015042718;1;1;2;1;3;940;08/09/2015
2015042719;1;2;1;1;3;940;08/09/2015
2015042720;1;2;3;1;7;940;09/09/2015
2015042721;1;2;1;1;2;940;10/09/2015
2015042722;1;2;1;1;4;940;10/09/2015
2015042723;1;2;3;1;7;940;10/09/2015
2015042724;1;2;1;1;7;940;11/09/2015
2015042725;1;2;3;3;3;940;12/09/2015
2015042726;1;2;1;3;2;940;12/09/2015
2015042727;5;2;1;1;2;940;14/09/2015
2015042728;1;2;1;1;1;940;17/09/2015
2015042729;1;2;1;1;3;940;20/09/2015
2015042730;1;1;3;1;3;940;24/09/2015
2015042731;1;2;3;1;7;940;25/09/2015
2015042732;1;2;1;1;6;940;26/09/2015
2015042733;2;2;3;1;7;940;27/09/2015
2015042734;2;2;1;1;2;940;28/09/2015
2015042735;1;1;2;7;3;940;29/09/2015
2015042736;1;2;9;1;7;940;29/09/2015
2015042737;5;2;3;2;3;940;05/10/2015
2015042738;2;2;1;3;3;940;06/10/2015
2015042739;1;2;9;1;7;940;07/10/2015
2015042740;1;2;1;1;7;940;07/10/2015
2015042741;1;2;1;1;7;940;07/10/2015
2015042742;5;1;3;1;1;940;08/10/2015
2015042743;4;2;3;1;6;940;08/10/2015
2015042744;1;2;1;1;7;940;09/10/2015
2015042745;1;2;1;1;6;940;12/10/2015
2015042746;1;1;1;1;6;940;13/10/2015
2015042747;1;1;1;2;3;940;15/10/2015
2015042748;5;2;2;2;3;940;18/10/2015
2015042749;1;2;1;1;3;940;18/10/2015
2015042750;1;2;1;2;6;940;22/10/2015
2015042751;2;2;3;1;5;940;23/10/2015
2015042752;5;2;1;1;6;940;24/10/2015
2015042753;5;1;2;8;1;940;24/10/2015
2015042754;1;2;1;8;3;940;26/10/2015
2015042755;5;2;3;1;1;940;27/10/2015
2015042756;5;2;1;1;7;940;02/11/2015
2015042757;1;2;1;1;3;940;03/11/2015
2015042758;1;2;2;1;3;940;05/11/2015
2015042759;5;2;1;1;3;940;05/11/2015
2015042760;2;2;2;1;3;940;08/11/2015
2015042761;5;2;1;1;1;940;10/11/2015
2015042762;1;2;2;1;2;940;16/11/2015
2015042763;1;2;1;1;3;940;19/11/2015
2015042764;5;2;1;2;3;940;20/11/2015
2015042765;5;2;1;1;3;940;23/11/2015
2015042766;5;2;1;1;6;940;24/11/2015
2015042767;1;2;3;8;3;940;25/11/2015
2015042768;1;2;3;8;1;940;27/11/2015
2015042769;3;2;1;2;3;940;27/11/2015
2015042770;1;2;1;1;6;940;28/11/2015
2015042771;5;2;1;2;7;940;29/11/2015
2015042772;1;2;1;2;6;940;30/11/2015
2015042773;1;2;3;1;7;940;01/12/2015
2015042774;5;2;3;1;7;940;03/12/2015
2015042775;1;2;1;1;6;940;04/12/2015
2015042776;1;2;1;1;4;940;04/12/2015
2015042777;5;1;1;1;2;940;07/12/2015
2015042778;1;2;2;1;3;940;07/12/2015
2015042779;5;2;1;1;3;940;07/12/2015
2015042780;5;2;1;2;3;940;08/12/2015
2015042781;1;2;1;7;7;940;09/12/2015
2015042782;4;2;2;1;3;940;10/12/2015
2015042783;2;2;1;1;7;940;10/12/2015
2015042784;1;2;1;1;3;940;13/12/2015
2015042785;5;2;1;1;6;940;15/12/2015
2015042786;5;2;3;1;3;940;17/12/2015
2015042787;1;1;1;1;3;940;19/12/2015
2015042788;1;2;1;1;7;940;23/12/2015
2015042789;5;2;1;1;6;940;24/12/2015
2015042790;1;2;3;1;6;940;02/02/2015
2015042791;1;2;3;1;3;940;29/04/2015
2015042792;1;2;1;2;2;940;30/04/2015
2015042793;5;1;1;1;7;940;23/12/2015
2015042794;1;2;1;1;2;940;02/01/2015
2015042795;1;2;1;8;6;940;02/01/2015
2015042796;1;2;5;1;3;940;05/01/2015
2015042797;1;2;3;8;6;940;05/01/2015
2015042798;2;2;1;2;3;940;06/01/2015
2015042799;1;2;2;8;1;940;08/01/2015
2015042800;1;2;1;2;6;940;08/01/2015
2015042801;5;2;1;1;3;940;08/01/2015
2015042802;1;2;1;2;6;940;09/01/2015
2015042803;1;2;1;2;6;940;13/01/2015
2015042804;1;2;3;2;7;940;13/01/2015
2015042805;5;2;2;2;3;940;14/01/2015
2015042806;1;1;1;3;6;940;14/01/2015
2015042807;2;2;2;1;2;940;15/01/2015
2015042808;1;2;1;1;3;940;16/01/2015
2015042809;3;2;1;1;2;940;16/01/2015
2015042810;1;2;2;1;3;940;21/01/2015
2015042811;1;2;2;1;1;940;24/01/2015
2015042812;5;2;1;1;1;940;27/01/2015
2015042813;4;2;4;2;6;940;29/01/2015
2015042814;3;2;1;8;2;940;30/01/2015
2015042815;5;1;1;2;6;940;31/01/2015
2015042816;5;1;1;1;3;940;06/02/2015
2015042817;1;2;1;1;3;940;06/02/2015
2015042818;5;2;1;1;6;940;06/02/2015
2015042819;1;2;2;1;2;940;10/02/2015
2015042820;3;1;1;1;4;940;10/02/2015
2015042821;1;2;1;1;7;940;12/02/2015
2015042822;1;2;3;1;3;940;12/02/2015
2015042823;1;1;1;1;6;940;13/02/2015
2015042824;1;1;1;1;2;940;13/02/2015
2015042825;1;2;1;2;1;940;14/02/2015
2015042826;1;1;2;2;3;940;20/02/2015
2015042827;5;2;2;1;1;940;25/02/2015
2015042828;5;2;3;2;3;940;26/02/2015
2015042829;5;1;1;1;6;940;28/02/2015
2015042830;1;2;1;1;7;940;03/03/2015
2015042831;1;2;1;1;6;940;04/03/2015
2015042832;1;2;1;1;7;940;04/03/2015
2015042833;5;2;1;1;3;940;05/03/2015
2015042834;1;2;1;1;4;940;07/03/2015
2015042835;5;2;1;1;6;940;13/03/2015
2015042836;1;2;2;1;3;940;14/03/2015
2015042837;1;2;1;1;3;940;18/03/2015
2015042838;1;2;1;1;7;940;19/03/2015
2015042839;2;2;1;1;6;940;21/03/2015
2015042840;5;2;1;1;6;940;23/03/2015
2015042841;5;1;1;3;6;940;24/03/2015
2015042842;1;2;9;1;3;940;26/03/2015
2015042843;1;2;6;2;2;940;26/03/2015
2015042844;1;2;1;1;6;940;27/03/2015
2015042845;1;2;1;1;2;940;27/03/2015
2015042846;1;2;6;2;3;940;28/03/2015
2015042847;5;2;1;2;4;940;29/03/2015
2015042848;1;2;9;1;3;940;30/03/2015
2015042849;1;2;1;1;6;940;30/03/2015
2015042850;1;2;1;1;1;940;05/04/2015
2015042851;1;2;1;1;7;940;06/04/2015
2015042852;1;2;1;1;6;940;10/04/2015
2015042853;1;1;1;1;6;940;11/04/2015
2015042854;1;2;1;1;6;940;13/04/2015
2015042855;1;2;2;1;3;940;20/04/2015
2015042856;1;2;1;1;3;940;20/04/2015
2015042857;1;2;3;1;7;940;20/04/2015
2015042858;2;2;1;2;6;940;25/04/2015
2015042859;1;2;6;9;6;940;26/04/2015
2015042860;1;2;9;7;3;940;28/04/2015
2015042861;1;2;1;2;6;940;03/05/2015
2015042862;1;2;1;1;6;940;05/05/2015
2015042863;5;2;1;1;2;940;12/05/2015
2015042864;1;2;1;1;3;940;13/05/2015
2015042865;2;2;2;1;3;940;15/05/2015
2015042866;5;2;3;1;7;940;19/05/2015
2015042867;1;2;3;9;6;940;22/05/2015
2015042868;1;1;8;1;6;940;22/05/2015
2015042869;1;2;1;1;7;940;25/05/2015
2015042870;1;2;1;1;6;940;27/05/2015
2015042871;1;2;3;1;3;940;29/05/2015
2015042872;1;2;1;1;2;940;29/05/2015
2015042873;1;2;2;1;2;940;30/05/2015
2015042874;3;2;3;1;6;940;01/06/2015
2015042875;5;2;2;1;2;940;01/06/2015
2015042876;1;2;6;1;5;940;03/06/2015
2015042877;1;2;1;1;2;940;05/06/2015
2015042878;1;2;1;1;3;940;05/06/2015
2015042879;1;2;9;1;3;940;11/06/2015
2015042880;2;2;9;1;3;940;11/06/2015
2015042881;1;2;1;1;3;940;12/06/2015
2015042882;1;2;4;1;2;940;12/06/2015
2015042883;1;2;1;1;3;940;12/06/2015
2015042884;5;2;2;1;3;940;15/06/2015
2015042885;5;2;9;1;2;940;15/06/2015
2015042886;1;2;6;1;3;940;16/06/2015
2015042887;1;2;1;8;3;940;18/06/2015
2015042888;1;2;1;1;6;940;01/06/2015
2015042889;1;2;1;2;6;940;22/06/2015
2015042890;1;2;1;1;4;940;25/06/2015
2015042891;1;2;1;1;4;940;25/06/2015
2015042892;1;2;1;1;4;940;26/06/2015
2015042893;1;2;1;1;3;940;26/06/2015
2015042894;1;1;1;1;5;940;26/06/2015
2015042895;5;2;2;1;7;940;27/06/2015
2015042896;2;2;9;1;6;940;28/06/2015
2015042897;1;2;1;1;4;940;28/06/2015
2015042898;1;2;1;1;4;940;05/07/2015
2015042899;1;2;1;1;6;940;10/07/2015
2015042900;1;2;4;1;6;940;15/07/2015
2015042901;1;1;1;1;2;940;19/07/2015
2015042902;1;2;1;1;6;940;19/07/2015
2015042903;1;2;2;1;3;940;20/07/2015
2015042904;1;2;9;1;3;940;23/07/2015
2015042905;2;2;1;1;6;940;23/07/2015
2015042906;1;2;1;1;4;940;24/07/2015
2015042907;1;2;1;2;7;940;26/07/2015
2015042908;1;2;1;1;3;940;31/07/2015
2015042909;1;2;2;1;3;940;31/07/2015
2015042910;5;1;1;1;2;940;02/08/2015
2015042911;1;2;3;3;3;940;13/08/2015
2015042912;1;2;3;1;3;940;17/08/2015
2015042913;2;2;2;1;3;940;19/08/2015
2015042914;1;2;9;1;2;940;21/08/2015
2015042915;5;1;1;1;6;940;21/08/2015
2015042916;1;1;4;1;3;940;23/08/2015
2015042917;1;1;1;1;6;940;23/08/2015
2015042918;1;2;2;1;3;940;26/08/2015
2015042919;1;2;1;1;7;940;26/08/2015
2015042920;5;1;1;2;3;940;26/08/2015
2015042921;1;2;3;2;6;940;27/08/2015
2015042922;1;2;1;1;7;940;28/08/2015
2015042923;1;1;1;1;1;940;28/08/2015
2015042924;1;2;1;1;4;940;02/09/2015
2015042925;1;2;1;1;6;940;03/09/2015
2015042926;1;2;3;1;2;940;04/09/2015
2015042927;1;2;1;1;6;940;07/09/2015
2015042928;5;1;1;1;2;940;09/09/2015
2015042929;1;2;1;1;6;940;09/09/2015
2015042930;1;2;1;1;6;940;09/09/2015
2015042931;1;2;6;1;3;940;10/09/2015
2015042932;1;2;1;1;3;940;10/09/2015
2015042933;1;2;1;1;6;940;10/09/2015
2015042934;1;1;3;1;3;940;14/09/2015
2015042935;1;2;1;1;3;940;14/09/2015
2015042936;1;1;1;2;3;940;16/09/2015
2015042937;1;2;2;1;2;940;16/09/2015
2015042938;1;2;1;1;2;940;19/09/2015
2015042939;1;2;1;1;6;940;19/09/2015
2015042940;1;2;1;1;6;940;24/09/2015
2015042941;1;2;2;1;3;940;26/09/2015
2015042942;5;2;1;1;7;940;30/09/2015
2015042943;5;2;1;1;6;940;03/10/2015
2015042944;2;2;1;3;6;940;05/10/2015
2015042945;1;2;1;2;3;940;06/10/2015
2015042946;1;2;1;1;2;940;13/10/2015
2015042947;5;2;3;2;5;940;15/10/2015
2015042948;1;2;1;8;6;940;16/10/2015
2015042949;2;2;1;8;1;940;20/10/2015
2015042950;1;2;1;1;7;940;26/10/2015
2015042951;5;2;1;1;6;940;26/10/2015
2015042952;5;2;2;1;3;940;31/10/2015
2015042953;5;2;1;1;6;940;01/11/2015
2015042954;1;2;1;1;3;940;02/11/2015
2015042955;4;1;1;1;2;940;02/11/2015
2015042956;1;2;1;2;2;940;03/11/2015
2015042957;1;2;1;1;7;940;05/11/2015
2015042958;1;2;1;1;2;940;07/11/2015
2015042959;5;2;2;1;6;940;07/11/2015
2015042960;5;2;1;1;7;940;09/11/2015
2015042961;1;2;1;2;2;940;13/11/2015
2015042962;5;2;1;1;6;940;18/11/2015
2015042963;5;1;1;2;6;940;19/11/2015
2015042964;5;2;1;2;6;940;19/11/2015
2015042965;5;2;3;8;1;940;20/11/2015
2015042966;5;2;6;2;6;940;27/11/2015
2015042967;5;2;2;2;6;940;29/11/2015
2015042968;5;2;2;1;3;940;29/11/2015
2015042969;1;2;1;1;6;940;30/11/2015
2015042970;1;2;1;1;3;940;02/12/2015
2015042971;1;2;1;1;3;940;03/12/2015
2015042972;1;2;4;1;3;940;04/12/2015
2015042973;1;2;1;1;6;940;05/12/2015
2015042974;2;2;1;1;4;940;05/12/2015
2015042975;1;2;1;1;3;940;07/12/2015
2015042976;5;2;1;1;6;940;12/12/2015
2015042977;5;2;3;3;3;940;15/12/2015
2015042978;5;2;1;1;3;940;19/12/2015
2015042979;1;2;1;1;6;940;23/12/2015
2015042980;5;2;1;2;7;940;25/12/2015
2015042981;5;2;1;1;7;940;25/12/2015
2015042982;5;2;1;1;6;940;01/01/2015
2015042983;5;2;1;1;7;940;30/07/2015
2015042984;2;2;3;5;3;940;05/01/2015
2015042985;5;2;1;1;1;940;10/07/2015
2015042986;1;2;1;1;7;940;11/01/2015
2015042987;1;2;1;1;6;940;20/04/2015
2015042988;5;2;1;1;6;940;10/08/2015
2015042989;5;2;1;2;2;940;30/04/2015
2015042990;1;2;1;2;6;940;01/05/2015
2015042991;1;2;1;1;6;940;11/08/2015
2015042992;1;2;1;1;6;940;20/01/2015
2015042993;1;2;1;8;6;940;20/01/2015
2015042994;1;2;1;1;6;940;25/08/2015
2015042995;3;2;2;2;3;940;25/08/2015
2015042996;5;2;9;1;6;940;27/08/2015
2015042997;5;2;9;1;5;940;16/09/2015