num_acc;lum;agg;inter;atm;col;dep;date
2015042998;1;2;9;1;6;940;28/08/2015
2015042999;1;2;1;1;3;940;31/08/2015
2015043000;1;2;1;1;6;940;01/09/2015
2015043001;5;2;3;1;5;940;29/11/2015
2015043002;5;2;9;1;6;940;02/09/2015
2015043003;5;2;1;3;6;940;15/12/2015
2015043004;1;2;1;1;6;940;05/02/2015
2015043005;4;2;3;1;3;940;05/02/2015
2015043006;5;2;1;1;6;940;08/09/2015
2015043007;1;2;1;1;3;940;09/02/2015
2015043008;1;2;1;8;6;940;09/02/2015
2015043009;1;2;2;8;3;940;10/02/2015
2015043010;5;2;1;1;6;940;11/02/2015
2015043011;1;2;1;2;6;940;13/02/2015
2015043012;1;2;2;2;3;940;14/02/2015
2015043013;5;2;9;9;7;940;19/09/2015
2015043014;5;2;1;1;3;940;18/02/2015
2015043015;1;2;3;1;3;940;21/09/2015
2015043016;1;2;1;1;6;940;21/09/2015
2015043017;1;2;1;1;6;940;24/09/2015
2015043018;1;2;1;1;6;940;24/09/2015
2015043019;1;2;1;1;6;940;27/09/2015
2015043020;1;2;1;1;6;940;01/10/2015
2015043021;1;2;1;1;3;940;21/05/2015
2015043022;2;2;1;2;2;940;03/03/2015
2015043023;1;2;1;1;6;940;04/03/2015
2015043024;5;2;2;1;1;940;12/10/2015
2015043025;1;2;1;1;6;940;10/06/2015
2015043026;5;2;1;2;6;940;15/10/2015
2015043027;5;2;1;1;2;940;26/09/2015
2015043028;1;2;2;1;6;940;17/03/2015
2015043029;1;2;1;1;6;940;17/03/2015
2015043030;5;2;1;1;6;940;25/10/2015
2015043031;5;2;2;1;3;940;22/03/2015
2015043032;5;2;1;2;1;940;24/03/2015
2015043033;1;2;1;1;3;940;30/10/2015
2015043034;5;2;2;1;3;940;01/11/2015
2015043035;1;2;9;1;6;940;01/11/2015
2015043036;5;2;3;1;1;940;27/03/2015
2015043037;2;2;9;2;2;940;29/03/2015
2015043038;1;2;3;1;6;940;04/11/2015
2015043039;1;2;2;1;3;940;09/11/2015
2015043040;5;2;1;1;1;940;13/11/2015
2015043041;1;2;1;1;6;940;09/04/2015
2015043042;1;2;1;1;3;940;15/08/2015
2015043043;1;2;1;1;1;940;06/08/2015
2015043044;3;2;1;1;3;940;11/04/2015
2015043045;1;2;1;1;6;940;21/11/2015
2015043046;1;2;1;1;6;940;14/04/2015
2015043047;1;2;1;1;6;940;14/04/2015
2015043048;2;2;1;1;7;940;15/04/2015
2015043049;1;2;1;1;6;940;17/04/2015
2015043050;2;2;1;1;3;940;19/04/2015
2015043051;1;2;3;1;1;940;28/11/2015
2015043052;2;2;1;1;6;940;30/11/2015
2015043053;5;2;3;1;1;940;23/04/2015
2015043054;1;2;2;8;7;940;10/12/2015
2015043055;5;2;1;1;6;940;10/12/2015
2015043056;1;2;1;1;6;940;03/05/2015
2015043057;1;2;1;1;2;940;03/05/2015
2015043058;5;2;1;1;6;940;12/12/2015
2015043059;1;2;1;2;6;940;04/05/2015
2015043060;5;2;9;1;5;940;16/10/2015
2015043061;1;2;2;1;3;940;07/05/2015
2015043062;1;2;1;2;6;940;18/12/2015
2015043063;5;2;3;1;3;940;19/12/2015
2015043064;1;2;1;1;6;940;19/12/2015
2015043065;1;2;2;1;2;940;14/05/2015
2015043066;5;2;1;1;2;940;28/12/2015
2015043067;2;2;1;2;2;940;18/05/2015
2015043068;1;2;1;1;1;940;01/06/2015
2015043069;1;2;1;1;6;940;06/06/2015
2015043070;1;2;6;1;3;940;18/06/2015
2015043071;1;2;1;1;3;940;19/06/2015
2015043072;1;2;2;1;6;940;23/06/2015
2015043073;3;2;3;1;1;940;26/06/2015
2015043074;1;2;3;1;6;940;01/07/2015
2015043075;1;2;1;1;6;940;02/07/2015
2015043076;1;2;1;1;6;940;08/07/2015
2015043077;1;2;1;1;6;940;10/07/2015
2015043078;1;2;1;1;6;940;10/07/2015
2015043079;1;2;1;1;6;940;16/07/2015
2015043080;1;2;1;1;6;940;17/07/2015
2015043081;1;2;1;1;6;940;21/07/2015
2015043082;1;2;1;1;6;940;24/07/2015
2015043083;1;2;1;1;3;940;09/04/2015
2015043084;5;2;1;1;3;940;22/01/2015
2015043085;1;2;1;1;2;940;18/07/2015
2015043086;1;2;1;1;6;940;11/02/2015
2015043087;1;2;1;1;6;940;15/09/2015
2015043088;5;2;2;1;3;940;22/07/2015
2015043089;5;2;1;3;6;940;13/02/2015
2015043090;1;2;1;2;3;940;13/02/2015
2015043091;5;2;1;1;6;940;21/02/2015
2015043092;1;2;1;2;2;940;24/02/2015
2015043093;1;2;1;2;3;940;16/09/2015
2015043094;1;2;1;1;6;940;07/03/2015
2015043095;5;2;1;9;6;940;30/01/2015
2015043096;1;2;3;1;3;940;12/03/2015
2015043097;1;2;1;1;3;940;15/04/2015
2015043098;1;2;1;1;6;940;17/09/2015
2015043099;5;2;1;1;2;940;19/09/2015
2015043100;1;2;1;1;3;940;08/04/2015
2015043101;1;2;3;1;3;940;12/11/2015
2015043102;1;2;3;1;6;940;22/04/2015
2015043103;1;2;1;1;4;940;11/05/2015
2015043104;2;2;1;1;6;940;16/05/2015
2015043105;1;2;1;8;3;940;29/05/2015
2015043106;1;2;1;8;6;940;15/01/2015
2015043107;1;2;2;1;6;940;05/03/2015
2015043108;1;2;1;1;3;940;24/09/2015
2015043109;1;2;1;1;3;940;22/04/2015
2015043110;1;2;1;1;3;940;27/06/2015
2015043111;1;2;1;1;6;940;16/01/2015
2015043112;1;2;1;1;6;940;17/01/2015
2015043113;5;2;1;1;6;940;19/01/2015
2015043114;5;2;1;1;6;940;25/04/2015
2015043115;5;2;2;9;5;940;04/08/2015
2015043116;1;2;1;1;3;940;15/08/2015
2015043117;1;2;1;2;6;940;20/11/2015
2015043118;1;2;1;1;3;940;06/03/2015
2015043119;1;2;1;1;3;940;17/09/2015
2015043120;5;2;3;1;3;940;22/01/2015
2015043121;1;2;1;8;2;940;08/01/2015
2015043122;3;2;1;1;6;940;03/10/2015
2015043123;1;2;1;2;6;940;05/10/2015
2015043124;5;2;1;2;2;940;25/11/2015
2015043125;5;2;1;1;2;940;24/11/2015
2015043126;5;2;1;1;2;940;03/05/2015
2015043127;1;2;1;1;3;940;02/11/2015
2015043128;5;2;2;1;3;940;01/11/2015
2015043129;1;2;1;1;6;940;04/12/2015
2015043130;1;2;1;1;2;940;17/12/2015
2015043131;1;2;1;1;7;940;09/10/2015
2015043132;2;2;3;1;6;940;09/10/2015
2015043133;1;2;2;1;5;940;09/05/2015
2015043134;1;2;3;1;3;940;06/03/2015
2015043135;1;2;1;1;7;940;02/07/2015
2015043136;5;2;2;2;3;940;28/08/2015
2015043137;5;2;1;1;3;940;14/12/2015
2015043138;5;2;1;1;3;940;03/09/2015
2015043139;1;2;1;1;2;940;10/07/2015
2015043140;1;2;1;1;2;940;12/07/2015
2015043141;2;2;2;1;3;940;11/07/2015
2015043142;1;2;1;1;3;940;01/04/2015
2015043143;1;2;1;2;6;940;04/04/2015
2015043144;5;2;1;2;3;940;31/05/2015
2015043145;5;2;1;1;3;940;01/06/2015
2015043146;1;2;1;1;6;940;03/06/2015
2015043147;1;2;3;1;2;940;06/06/2015
2015043148;1;2;1;1;6;940;05/06/2015
2015043149;1;2;1;1;3;940;06/06/2015
2015043150;3;2;1;1;7;940;14/06/2015
2015043151;2;2;3;1;3;940;13/06/2015
2015043152;1;2;1;1;6;940;25/06/2015
2015043153;1;2;9;1;7;940;30/06/2015
2015043154;1;2;1;1;6;940;02/01/2015
2015043155;1;1;1;2;2;940;03/01/2015
2015043156;1;2;2;2;6;940;14/01/2015
2015043157;1;2;3;1;3;940;10/01/2015
2015043158;1;2;1;1;3;940;02/07/2015
2015043159;1;2;1;1;3;940;02/07/2015
2015043160;1;2;1;1;4;940;06/07/2015
2015043161;5;2;1;1;3;940;16/01/2015
2015043162;5;2;1;1;3;940;17/01/2015
2015043163;1;2;1;1;3;940;24/06/2015
2015043164;1;2;4;1;3;940;08/07/2015
2015043165;1;2;9;1;3;940;19/01/2015
2015043166;1;2;1;8;6;940;20/01/2015
2015043167;1;2;1;1;6;940;20/01/2015
2015043168;1;2;1;2;3;940;20/07/2015
2015043169;2;2;1;1;6;940;22/01/2015
2015043170;1;2;3;1;3;940;13/07/2015
2015043171;1;2;2;8;6;940;23/01/2015
2015043172;1;2;1;1;2;940;16/07/2015
2015043173;1;2;1;1;6;940;01/10/2015
2015043174;1;2;1;1;6;940;27/01/2015
2015043175;5;2;1;2;6;940;29/01/2015
2015043176;1;2;1;8;6;940;30/01/2015
2015043177;5;2;2;1;6;940;30/01/2015
2015043178;1;2;1;1;7;940;22/07/2015
2015043179;1;2;5;1;2;940;03/02/2015
2015043180;1;2;7;1;3;940;03/02/2015
2015043181;1;2;1;1;3;940;25/07/2015
2015043182;1;2;1;1;6;940;04/02/2015
2015043183;1;2;1;1;3;940;04/02/2015
2015043184;5;2;3;8;6;940;08/02/2015
2015043185;1;2;1;1;1;940;04/08/2015
2015043186;1;2;1;1;3;940;05/08/2015
2015043187;1;2;1;1;6;940;12/08/2015
2015043188;1;2;1;1;6;940;14/05/2015
2015043189;1;2;1;1;2;940;03/03/2015
2015043190;1;2;1;1;6;940;06/03/2015
2015043191;1;2;1;1;6;940;06/03/2015
2015043192;1;2;1;3;3;940;27/08/2015
2015043193;5;2;1;1;2;940;07/03/2015
2015043194;5;2;2;1;1;940;08/03/2015
2015043195;1;2;1;1;6;940;11/03/2015
2015043196;1;2;1;1;2;940;11/03/2015
2015043197;1;2;1;1;6;940;02/09/2015
2015043198;1;2;3;1;6;940;12/03/2015
2015043199;1;2;9;1;3;940;13/03/2015
2015043200;1;2;2;1;3;940;14/03/2015
2015043201;1;1;1;1;6;940;06/09/2015
2015043202;1;2;1;1;6;940;16/03/2015
2015043203;1;2;1;1;2;940;17/03/2015
2015043204;1;2;1;1;7;940;09/09/2015
2015043205;1;2;2;1;3;940;09/09/2015
2015043206;1;2;1;1;7;940;20/03/2015
2015043207;5;2;4;1;2;940;13/09/2015
2015043208;1;2;9;2;3;940;16/09/2015
2015043209;1;1;1;2;2;940;24/03/2015
2015043210;1;2;1;2;6;940;24/03/2015
2015043211;5;2;1;2;2;940;24/03/2015
2015043212;1;2;1;3;6;940;25/03/2015
2015043213;5;2;2;8;1;940;25/03/2015
2015043214;1;2;1;2;2;940;28/03/2015
2015043215;1;2;3;2;3;940;23/09/2015
2015043216;1;2;1;1;3;940;26/09/2015
2015043217;1;2;2;2;2;940;04/04/2015
2015043218;1;2;2;1;3;940;04/04/2015
2015043219;1;2;1;1;2;940;05/04/2015
2015043220;1;2;1;1;3;940;07/04/2015
2015043221;1;2;1;1;2;940;08/04/2015
2015043222;1;2;3;1;3;940;08/04/2015
2015043223;5;2;3;1;3;940;08/04/2015
2015043224;1;2;1;1;3;940;02/10/2015
2015043225;1;2;1;1;1;940;08/10/2015
2015043226;1;2;3;1;3;940;09/10/2015
2015043227;1;2;1;1;3;940;16/04/2015
2015043228;1;2;1;1;6;940;16/04/2015
2015043229;1;2;1;1;1;940;12/10/2015
2015043230;1;2;2;1;6;940;02/10/2015
2015043231;5;2;1;1;6;940;10/10/2015
2015043232;2;2;1;2;3;940;16/10/2015
2015043233;5;2;1;1;3;940;23/04/2015
2015043234;1;2;1;1;6;940;19/10/2015
2015043235;5;2;3;1;3;940;19/10/2015
2015043236;1;2;9;1;3;940;20/10/2015
2015043237;5;2;1;2;2;940;22/10/2015
2015043238;1;2;2;1;3;940;29/04/2015
2015043239;2;2;1;1;6;940;23/10/2015
2015043240;1;2;1;1;6;940;25/10/2015
2015043241;1;2;1;1;3;940;26/10/2015
2015043242;1;2;1;2;3;940;04/05/2015
2015043243;1;2;2;1;3;940;09/11/2015
2015043244;1;2;1;1;3;940;30/10/2015
2015043245;5;2;1;2;3;940;05/11/2015
2015043246;1;2;1;1;3;940;07/11/2015
2015043247;1;2;2;1;3;940;09/11/2015
2015043248;1;2;1;1;6;940;18/05/2015
2015043249;5;2;1;1;6;940;10/11/2015
2015043250;1;2;4;1;6;940;12/11/2015
2015043251;5;2;1;1;3;940;12/11/2015
2015043252;5;2;2;1;3;940;13/11/2015
2015043253;1;2;1;1;6;940;23/05/2015
2015043254;5;2;2;2;6;940;17/11/2015
2015043255;1;2;3;1;3;940;25/05/2015
2015043256;1;2;1;1;6;940;26/05/2015
2015043257;1;2;3;2;3;940;20/11/2015
2015043258;1;2;1;1;6;940;28/05/2015
2015043259;1;2;2;1;1;940;22/11/2015
2015043260;1;2;1;1;6;940;02/06/2015
2015043261;1;2;1;1;3;940;05/06/2015
2015043262;1;2;1;7;3;940;05/06/2015
2015043263;1;2;2;1;3;940;29/11/2015
2015043264;1;2;1;1;6;940;05/06/2015
2015043265;5;2;1;1;2;940;01/12/2015
2015043266;5;2;1;1;1;940;01/12/2015
2015043267;1;2;1;1;3;940;08/06/2015
2015043268;1;2;3;1;3;940;08/06/2015
2015043269;1;2;1;1;1;940;03/12/2015
2015043270;1;2;9;1;3;940;09/06/2015
2015043271;1;2;1;1;6;940;09/06/2015
2015043272;1;2;1;1;6;940;04/12/2015
2015043273;1;2;1;1;3;940;11/06/2015
2015043274;2;2;3;1;6;940;05/12/2015
2015043275;1;2;3;1;3;940;11/06/2015
2015043276;2;2;1;1;2;940;07/12/2015
2015043277;5;2;6;1;3;940;07/12/2015
2015043278;5;2;1;1;5;940;09/12/2015
2015043279;5;2;1;1;2;940;15/06/2015
2015043280;1;2;1;1;3;940;10/12/2015
2015043281;5;2;1;1;1;940;10/12/2015
2015043282;1;2;9;1;6;940;19/06/2015
2015043283;1;2;1;1;6;940;23/06/2015
2015043284;1;2;3;1;1;940;26/06/2015
2015043285;1;2;1;1;6;940;29/06/2015
2015043286;1;2;1;1;2;940;30/06/2015
2015043287;1;2;1;1;3;940;06/01/2015
2015043288;1;2;2;2;3;940;08/01/2015
2015043289;2;2;1;2;6;940;09/01/2015
2015043290;5;2;2;2;3;940;09/01/2015
2015043291;1;2;2;1;6;940;14/01/2015
2015043292;1;2;1;1;3;940;14/01/2015
2015043293;5;2;2;1;3;940;19/01/2015
2015043294;1;2;2;1;3;940;20/01/2015
2015043295;1;2;1;1;6;940;21/01/2015
2015043296;1;2;1;1;6;940;25/01/2015
2015043297;5;2;1;2;6;940;26/01/2015
2015043298;5;2;1;1;3;940;27/01/2015
2015043299;5;2;1;2;6;940;29/01/2015
2015043300;5;2;2;1;3;940;01/02/2015
2015043301;1;2;2;1;3;940;07/02/2015
2015043302;5;2;1;1;3;940;09/02/2015
2015043303;1;2;1;1;2;940;17/02/2015
2015043304;1;2;1;1;3;940;23/02/2015
2015043305;5;2;3;1;3;940;23/02/2015
2015043306;1;2;1;1;7;940;24/02/2015
2015043307;1;2;2;1;2;940;28/02/2015
2015043308;1;2;2;1;3;940;06/03/2015
2015043309;1;2;1;1;6;940;10/03/2015
2015043310;5;2;2;1;3;940;13/03/2015
2015043311;1;2;1;1;6;940;13/03/2015
2015043312;1;2;2;1;3;940;16/03/2015
2015043313;1;2;1;1;6;940;20/03/2015
2015043314;1;2;1;1;3;940;23/03/2015
2015043315;1;2;2;1;3;940;27/03/2015
2015043316;1;2;2;3;3;940;29/03/2015
2015043317;1;2;1;1;3;940;04/04/2015
2015043318;5;2;2;1;3;940;05/04/2015
2015043319;1;2;2;1;3;940;08/04/2015
2015043320;1;2;1;1;6;940;09/04/2015
2015043321;1;2;1;1;6;940;15/04/2015
2015043322;1;2;1;1;6;940;28/04/2015
2015043323;1;2;1;3;6;940;30/04/2015
2015043324;1;2;1;2;6;940;02/05/2015
2015043325;2;2;1;1;6;940;06/05/2015
2015043326;1;2;1;1;3;940;06/05/2015
2015043327;1;2;2;2;3;940;14/05/2015
2015043328;1;2;1;1;6;940;18/05/2015
2015043329;1;2;1;1;6;940;26/05/2015
2015043330;1;2;2;1;3;940;27/05/2015
2015043331;1;2;1;1;6;940;29/05/2015
2015043332;2;2;1;1;1;940;30/05/2015
2015043333;1;2;2;1;6;940;02/06/2015
2015043334;1;2;2;1;3;940;12/06/2015
2015043335;1;2;1;1;3;940;13/06/2015
2015043336;1;2;1;1;4;940;15/06/2015
2015043337;1;2;2;1;3;940;13/06/2015
2015043338;1;2;1;1;2;940;19/06/2015
2015043339;1;2;2;2;3;940;22/06/2015
2015043340;1;2;1;1;3;940;28/06/2015
2015043341;1;2;2;1;3;940;29/06/2015
2015043342;1;2;2;1;6;940;02/07/2015
2015043343;1;2;1;1;6;940;02/07/2015
2015043344;1;2;1;1;6;940;06/07/2015
2015043345;2;2;1;1;3;940;14/07/2015
2015043346;1;2;2;1;3;940;18/07/2015
2015043347;1;2;1;1;2;940;21/07/2015
2015043348;1;2;1;1;2;940;22/07/2015
2015043349;1;2;2;1;3;940;22/07/2015
2015043350;1;2;1;1;3;940;23/07/2015
2015043351;1;2;1;1;6;940;24/07/2015
2015043352;1;2;1;1;3;940;29/07/2015
2015043353;1;2;1;1;7;940;29/07/2015
2015043354;5;2;1;1;2;940;19/08/2015
2015043355;1;2;2;1;3;940;28/08/2015
2015043356;1;2;1;1;6;940;04/09/2015
2015043357;1;2;2;1;3;940;07/09/2015
2015043358;1;2;1;1;3;940;08/09/2015
2015043359;1;2;1;1;3;940;08/09/2015
2015043360;1;2;1;1;3;940;08/09/2015
2015043361;1;2;1;1;4;940;10/09/2015
2015043362;2;2;2;2;3;940;12/09/2015
2015043363;1;2;2;1;6;940;14/09/2015
2015043364;5;2;1;8;6;940;16/09/2015
2015043365;3;2;2;8;2;940;21/09/2015
2015043366;1;2;9;1;6;940;23/09/2015
2015043367;1;2;6;1;3;940;24/09/2015
2015043368;1;2;1;1;6;940;04/10/2015
2015043369;2;2;1;2;2;940;06/10/2015
2015043370;1;2;3;1;3;940;07/10/2015
2015043371;2;2;1;1;2;940;09/10/2015
2015043372;1;2;2;1;3;940;09/10/2015
2015043373;1;2;2;1;3;940;13/10/2015
2015043374;5;2;1;1;6;940;13/10/2015
2015043375;1;2;1;1;6;940;16/10/2015
2015043376;1;2;9;1;2;940;19/10/2015
2015043377;1;2;1;1;6;940;25/10/2015
2015043378;1;2;3;1;3;940;30/10/2015
2015043379;1;2;2;1;3;940;05/11/2015
2015043380;1;2;1;1;6;940;09/11/2015
2015043381;1;2;1;7;3;940;15/11/2015
2015043382;1;2;1;8;2;940;19/11/2015
2015043383;1;2;2;2;3;940;20/11/2015
2015043384;5;2;1;1;6;940;22/11/2015
2015043385;5;2;2;1;3;940;28/11/2015
2015043386;5;2;2;1;3;940;28/11/2015
2015043387;1;2;1;1;6;940;07/12/2015
2015043388;1;2;2;1;3;940;08/12/2015
2015043389;1;2;1;1;6;940;11/12/2015
2015043390;5;2;1;1;6;940;14/12/2015
2015043391;5;2;1;1;6;940;14/12/2015
2015043392;1;2;1;2;2;940;15/12/2015
2015043393;5;2;1;3;6;940;15/12/2015
2015043394;5;2;1;3;6;940;15/12/2015
2015043395;1;2;1;2;5;940;16/12/2015
2015043396;1;2;1;1;7;940;19/12/2015
2015043397;1;2;1;1;2;940;21/12/2015
2015043398;1;2;1;1;6;940;23/12/2015
2015043399;1;2;1;1;6;940;16/12/2015
2015043400;1;2;2;1;3;940;30/12/2015
2015043401;1;2;3;1;6;940;13/01/2015
2015043402;5;2;1;2;5;940;16/01/2015
2015043403;5;2;1;1;6;940;22/01/2015
2015043404;5;2;2;1;6;940;12/02/2015
2015043405;1;2;1;1;6;940;03/03/2015
2015043406;5;2;1;1;6;940;06/04/2015
2015043407;1;2;1;1;6;940;22/04/2015
2015043408;5;2;1;1;3;940;24/04/2015
2015043409;1;2;1;1;6;940;04/06/2015
2015043410;1;2;2;1;3;940;28/06/2015
2015043411;1;2;1;1;7;940;05/07/2015
2015043412;5;2;1;1;3;940;14/07/2015
2015043413;1;2;1;2;6;940;28/07/2015
2015043414;5;2;3;1;6;940;02/08/2015
2015043415;2;2;2;1;3;940;07/08/2015
2015043416;1;2;1;1;2;940;12/08/2015
2015043417;1;2;1;1;4;940;16/09/2015
2015043418;5;2;1;8;6;940;04/11/2015
2015043419;5;2;1;1;7;940;10/11/2015
2015043420;1;2;1;8;1;940;12/11/2015
2015043421;5;2;2;8;3;940;17/11/2015
2015043422;1;2;1;2;6;940;24/11/2015
2015043423;1;2;2;1;3;940;30/11/2015
2015043424;5;2;1;1;6;940;01/12/2015
2015043425;5;2;1;2;6;940;04/12/2015
2015043426;2;2;1;1;6;940;13/12/2015
2015043427;5;2;1;1;3;940;28/12/2015
2015043428;1;2;3;7;3;940;16/07/2015
2015043429;5;2;2;8;2;940;01/01/2015
2015043430;5;2;3;5;3;940;01/01/2015
2015043431;1;2;1;2;3;940;02/01/2015
2015043432;1;2;1;2;1;940;05/01/2015
2015043433;1;2;3;2;5;940;26/02/2015
2015043434;5;2;2;5;6;940;07/01/2015
2015043435;5;2;1;2;6;940;07/01/2015
2015043436;1;2;6;1;3;940;25/12/2015
2015043437;1;2;3;1;6;940;08/01/2015
2015043438;1;2;1;1;6;940;26/12/2015
2015043439;5;2;1;3;6;940;27/12/2015
2015043440;1;2;1;1;6;940;15/03/2015
2015043441;1;2;1;1;6;940;10/01/2015
2015043442;1;2;1;8;3;940;10/01/2015
2015043443;1;2;3;8;3;940;28/03/2015
2015043444;1;2;3;1;1;940;19/01/2015
2015043445;1;2;1;8;6;940;23/01/2015
2015043446;5;2;1;1;6;940;24/01/2015
2015043447;1;2;3;1;2;940;22/11/2015
2015043448;4;1;1;1;7;940;12/11/2015
2015043449;2;2;1;4;7;940;05/02/2015
2015043450;1;2;6;9;3;940;11/02/2015
2015043451;5;2;1;1;5;940;16/10/2015
2015043452;1;2;1;1;6;940;12/02/2015
2015043453;1;2;1;1;3;940;10/09/2015
2015043454;1;2;1;1;6;940;13/02/2015
2015043455;1;2;3;1;4;940;15/02/2015
2015043456;5;2;1;8;1;940;15/02/2015
2015043457;5;2;1;2;6;940;17/10/2015
2015043458;5;2;1;1;6;940;23/12/2015
2015043459;1;2;4;1;2;940;09/07/2015
2015043460;5;2;3;2;1;940;23/02/2015
2015043461;5;2;1;2;2;940;03/03/2015
2015043462;5;2;1;1;3;940;04/03/2015
2015043463;1;1;1;1;1;940;07/03/2015
2015043464;1;2;1;1;6;940;07/03/2015
2015043465;5;2;1;1;6;940;20/03/2015
2015043466;5;2;3;1;5;940;22/03/2015
2015043467;5;2;1;3;3;940;24/03/2015
2015043468;1;2;1;1;6;940;28/03/2015
2015043469;1;2;2;1;6;940;27/03/2015
2015043470;1;2;1;1;6;940;01/04/2015
2015043471;1;2;1;2;6;940;02/04/2015
2015043472;1;2;1;3;7;940;02/04/2015
2015043473;5;2;1;1;6;940;05/04/2015
2015043474;5;2;3;1;6;940;06/04/2015
2015043475;1;2;1;1;6;940;10/04/2015
2015043476;1;2;1;1;2;940;02/08/2015
2015043477;5;2;1;1;6;940;10/04/2015
2015043478;1;2;4;3;6;940;07/08/2015
2015043479;1;2;1;7;1;940;13/04/2015
2015043480;1;2;1;1;3;940;14/04/2015
2015043481;1;2;3;7;6;940;15/04/2015
2015043482;1;2;1;1;6;940;17/04/2015
2015043483;5;2;1;1;6;940;20/04/2015
2015043484;1;2;3;1;6;940;20/04/2015
2015043485;1;2;2;1;3;940;21/04/2015
2015043486;1;2;1;1;3;940;22/04/2015
2015043487;1;2;1;1;5;940;24/04/2015
2015043488;1;2;1;8;2;940;02/05/2015
2015043489;1;2;1;3;3;940;03/05/2015
2015043490;1;2;1;1;5;940;03/05/2015
2015043491;1;2;1;1;6;940;06/05/2015
2015043492;1;2;3;1;3;940;08/05/2015
2015043493;1;2;2;1;3;940;11/05/2015
2015043494;1;2;1;1;3;940;16/05/2015
2015043495;1;2;6;1;5;940;19/05/2015
2015043496;1;2;1;1;2;940;20/05/2015
2015043497;1;2;3;1;3;940;29/05/2015
2015043498;1;2;3;1;5;940;29/05/2015
2015043499;1;2;3;2;2;940;31/05/2015
2015043500;1;2;1;1;3;940;01/06/2015
2015043501;1;2;1;1;3;940;28/10/2015
2015043502;5;2;1;1;7;940;09/06/2015
2015043503;1;2;1;1;6;940;09/06/2015
2015043504;1;2;1;1;2;940;10/06/2015
2015043505;1;2;3;1;6;940;13/06/2015
2015043506;1;2;3;1;5;940;14/06/2015
2015043507;1;2;1;1;3;940;17/06/2015
2015043508;1;2;1;1;1;940;26/06/2015
2015043509;1;2;1;1;6;940;30/06/2015
2015043510;1;2;1;7;6;940;30/06/2015
2015043511;1;2;1;1;6;940;01/07/2015
2015043512;1;2;3;1;7;940;02/07/2015
2015043513;1;2;1;1;3;940;03/07/2015
2015043514;5;2;3;2;3;940;16/01/2015
2015043515;1;2;4;3;4;940;07/07/2015
2015043516;1;2;1;8;6;940;08/07/2015
2015043517;1;2;1;1;6;940;16/07/2015
2015043518;1;2;3;1;3;940;20/07/2015
2015043519;3;2;1;2;1;940;18/09/2015
2015043520;1;2;2;1;3;940;30/07/2015
2015043521;1;2;1;1;1;940;31/07/2015
2015043522;1;2;3;1;3;940;31/07/2015
2015043523;1;2;1;1;7;940;03/08/2015
2015043524;1;2;3;1;3;940;22/08/2015
2015043525;1;2;1;1;6;940;05/08/2015
2015043526;1;2;3;1;1;940;06/08/2015
2015043527;4;2;4;1;2;940;09/08/2015
2015043528;5;2;3;3;3;940;15/08/2015
2015043529;2;2;4;1;3;940;20/08/2015
2015043530;1;2;3;2;2;940;20/08/2015
2015043531;1;2;1;1;6;940;16/08/2015
2015043532;1;2;1;2;1;940;27/08/2015
2015043533;1;2;1;1;6;940;28/08/2015
2015043534;5;2;3;1;6;940;06/09/2015
2015043535;1;2;2;1;7;940;07/09/2015
2015043536;1;2;6;1;3;940;09/09/2015
2015043537;5;2;1;1;5;940;11/09/2015
2015043538;5;2;1;1;7;940;12/09/2015
2015043539;1;2;2;7;6;940;14/09/2015
2015043540;5;2;1;1;6;940;14/09/2015
2015043541;5;2;8;2;6;940;15/09/2015
2015043542;1;2;2;1;3;940;17/09/2015
2015043543;5;2;1;2;7;940;18/09/2015
2015043544;1;2;1;1;2;940;21/09/2015
2015043545;1;2;1;1;6;940;22/09/2015
2015043546;1;2;1;1;6;940;18/07/2015
2015043547;1;2;1;1;2;940;18/07/2015
2015043548;5;2;1;1;6;940;25/09/2015
2015043549;1;2;3;1;3;940;20/07/2015
2015043550;1;2;1;3;6;940;05/10/2015
2015043551;1;2;1;1;6;940;30/09/2015
2015043552;1;2;1;1;2;940;09/10/2015
2015043553;5;2;1;1;6;940;20/10/2015
2015043554;5;2;1;2;6;940;20/10/2015
2015043555;5;2;2;1;3;940;21/10/2015
2015043556;1;2;3;1;3;940;24/10/2015
2015043557;1;2;4;1;1;940;26/10/2015
2015043558;5;2;1;1;5;940;31/10/2015
2015043559;1;2;1;1;4;940;03/11/2015
2015043560;5;2;6;1;6;940;04/11/2015
2015043561;5;2;1;1;6;940;05/11/2015
2015043562;1;2;1;2;6;940;06/11/2015
2015043563;2;2;4;1;6;940;06/11/2015
2015043564;1;2;1;1;3;940;08/11/2015
2015043565;1;2;1;1;3;940;17/10/2015
2015043566;5;2;4;1;1;940;15/11/2015
2015043567;1;2;1;2;3;940;17/11/2015
2015043568;1;2;3;2;2;940;17/11/2015
2015043569;1;2;1;1;6;940;01/06/2015
2015043570;5;2;1;1;6;940;29/11/2015
2015043571;1;2;4;1;3;940;01/12/2015
2015043572;2;2;1;1;2;940;06/12/2015
2015043573;2;2;1;1;4;940;07/12/2015
2015043574;5;2;1;1;6;940;14/12/2015
2015043575;5;2;1;3;6;940;15/12/2015
2015043576;1;2;1;1;6;940;21/12/2015
2015043577;1;2;3;1;2;940;08/01/2015