num_acc;lum;agg;inter;atm;col;dep;date
2015044157;1;2;2;1;6;950;10/12/2015
2015044158;5;2;1;1;1;950;10/12/2015
2015044159;1;2;1;2;2;950;11/12/2015
2015044160;5;2;1;3;6;950;15/12/2015
2015044161;5;2;1;3;6;950;15/12/2015
2015044162;1;2;1;1;6;950;16/12/2015
2015044163;5;2;6;1;5;950;19/12/2015
2015044164;1;2;6;7;6;950;28/12/2015
2015044165;5;2;6;1;6;950;30/12/2015
2015044166;1;2;3;2;3;950;13/01/2015
2015044167;2;2;1;1;6;950;13/02/2015
2015044168;5;2;1;1;3;950;12/02/2015
2015044169;1;2;1;2;3;950;25/02/2015
2015044170;3;2;1;1;6;950;07/03/2015
2015044171;5;2;2;1;1;950;25/10/2015
2015044172;5;1;1;1;6;950;16/09/2015
2015044173;1;2;1;1;6;950;03/01/2015
2015044174;1;2;1;1;6;950;02/02/2015
2015044175;1;2;1;1;6;950;17/02/2015
2015044176;1;2;1;1;1;950;04/03/2015
2015044177;1;2;1;1;6;950;05/03/2015
2015044178;1;2;1;2;6;950;06/05/2015
2015044179;1;2;3;1;3;950;09/05/2015
2015044180;1;2;1;7;6;950;19/05/2015
2015044181;1;2;1;1;6;950;19/05/2015
2015044182;1;2;3;1;6;950;30/05/2015
2015044183;1;2;1;1;3;950;01/06/2015
2015044184;1;2;4;1;3;950;01/06/2015
2015044185;1;2;1;1;7;950;03/06/2015
2015044186;1;1;1;1;2;950;07/06/2015
2015044187;1;2;1;1;6;950;02/01/2015
2015044188;1;2;1;7;2;950;10/06/2015
2015044189;1;2;2;1;3;950;15/06/2015
2015044190;1;2;1;1;3;950;23/06/2015
2015044191;1;2;1;1;2;950;28/06/2015
2015044192;1;2;1;1;6;950;21/07/2015
2015044193;5;2;1;1;6;950;06/08/2015
2015044194;5;2;3;1;3;950;17/08/2015
2015044195;3;2;6;2;3;950;12/09/2015
2015044196;1;2;1;2;6;950;16/09/2015
2015044197;2;2;1;2;6;950;22/10/2015
2015044198;2;2;1;1;6;950;26/11/2015
2015044199;3;1;1;1;6;950;10/12/2015
2015044200;5;2;1;1;6;950;10/12/2015
2015044201;3;2;1;1;2;950;03/02/2015
2015044202;5;2;1;1;6;950;02/01/2015
2015044203;1;2;1;1;6;950;06/01/2015
2015044204;3;2;1;1;6;950;20/01/2015
2015044205;1;2;1;1;6;950;05/03/2015
2015044206;2;2;1;1;3;950;17/03/2015
2015044207;3;1;1;2;1;950;24/03/2015
2015044208;1;2;1;1;3;950;02/02/2015
2015044209;1;2;2;1;6;950;31/03/2015
2015044210;1;2;2;1;3;950;08/04/2015
2015044211;1;1;1;8;2;950;13/02/2015
2015044212;5;2;1;2;1;950;26/02/2015
2015044213;1;1;6;1;3;950;17/03/2015
2015044214;5;1;1;2;2;950;21/03/2015
2015044215;1;2;1;1;4;950;23/03/2015
2015044216;3;1;2;1;3;950;08/04/2015
2015044217;1;2;1;1;2;950;09/04/2015
2015044218;1;2;1;1;4;950;13/04/2015
2015044219;5;1;1;1;6;950;19/04/2015
2015044220;1;2;1;1;6;950;16/01/2015
2015044221;1;2;1;1;4;950;04/03/2015
2015044222;1;2;2;2;6;950;29/01/2015
2015044223;1;2;1;1;2;950;28/03/2015
2015044224;1;2;1;1;6;950;01/02/2015
2015044225;1;2;1;1;6;950;17/04/2015
2015044226;2;2;1;1;3;950;08/02/2015
2015044227;1;2;1;1;3;950;18/04/2015
2015044228;2;2;1;1;3;950;12/02/2015
2015044229;1;2;1;1;6;950;22/04/2015
2015044230;1;2;3;1;3;950;13/02/2015
2015044231;1;2;1;1;6;950;27/04/2015
2015044232;1;2;1;1;3;950;14/02/2015
2015044233;1;2;3;1;3;950;16/05/2015
2015044234;1;2;1;1;3;950;22/02/2015
2015044235;5;2;1;1;6;950;23/05/2015
2015044236;1;2;1;1;4;950;25/02/2015
2015044237;5;2;4;1;3;950;25/05/2015
2015044238;1;2;1;1;3;950;29/05/2015
2015044239;1;2;1;1;4;950;02/06/2015
2015044240;1;2;1;1;3;950;16/06/2015
2015044241;1;2;1;1;6;950;28/06/2015
2015044242;1;2;1;1;3;950;29/06/2015
2015044243;1;2;1;1;6;950;30/07/2015
2015044244;1;2;1;1;6;950;22/08/2015
2015044245;1;2;1;1;3;950;14/09/2015
2015044246;1;2;1;1;6;950;29/09/2015
2015044247;1;2;1;1;2;950;06/10/2015
2015044248;1;2;1;1;6;950;13/10/2015
2015044249;5;2;2;1;2;950;25/11/2015
2015044250;1;2;2;1;3;950;27/11/2015
2015044251;2;1;1;1;5;950;01/12/2015
2015044252;5;2;1;1;6;950;17/12/2015
2015044253;1;2;1;1;6;950;18/12/2015
2015044254;1;1;4;1;6;950;04/03/2015
2015044255;1;1;1;1;6;930;17/01/2015
2015044256;1;1;1;1;2;950;14/04/2015
2015044257;1;1;1;1;4;950;04/05/2015
2015044258;5;1;1;1;6;950;07/02/2015
2015044259;1;1;1;1;1;770;27/07/2015
2015044260;5;2;1;1;4;950;13/04/2015
2015044261;1;1;1;1;2;950;16/03/2015
2015044262;1;1;1;1;2;950;03/07/2015
2015044263;1;1;1;1;2;950;06/02/2015
2015044264;2;1;1;1;6;950;09/07/2015
2015044265;1;1;9;1;1;770;01/01/2015
2015044266;1;1;1;9;6;930;25/05/2015
2015044267;5;1;1;2;6;950;28/08/2015
2015044268;1;1;1;1;6;950;31/12/2015
2015044269;1;1;1;1;3;950;10/06/2015
2015044270;2;1;3;3;3;950;06/10/2015
2015044271;5;1;1;1;6;950;24/08/2015
2015044272;2;1;1;1;7;950;12/07/2015
2015044273;5;1;1;1;2;950;17/12/2015
2015044274;2;1;1;1;2;950;09/12/2015
2015044275;5;1;1;1;6;950;10/12/2015
2015044276;5;2;1;1;2;950;21/10/2015
2015044277;5;1;1;1;1;770;23/10/2015
2015044278;5;1;1;3;6;950;15/12/2015
2015044279;1;1;1;1;4;950;16/04/2015
2015044280;1;1;1;1;7;950;28/05/2015
2015044281;5;1;1;1;6;950;11/02/2015
2015044282;1;1;1;1;6;770;13/03/2015
2015044283;2;1;1;5;1;950;03/04/2015
2015044284;5;1;1;2;6;950;04/04/2015
2015044285;1;1;1;8;6;950;04/04/2015
2015044286;1;2;1;1;2;950;21/04/2015
2015044287;2;1;1;2;6;950;03/05/2015
2015044288;1;1;1;1;1;770;06/05/2015
2015044289;1;2;1;1;2;930;13/05/2015
2015044290;2;1;1;7;2;930;15/05/2015
2015044291;1;2;1;1;2;950;09/06/2015
2015044292;3;2;1;1;1;950;09/09/2015
2015044293;5;2;1;1;4;950;01/10/2015
2015044294;5;1;1;1;6;950;04/10/2015
2015044295;5;1;1;2;2;950;27/10/2015
2015044296;3;1;1;1;6;770;10/11/2015
2015044297;1;1;1;8;2;950;08/12/2015
2015044298;1;2;1;3;4;950;29/01/2015
2015044299;3;2;1;2;2;950;01/03/2015
2015044300;1;2;1;1;6;950;31/03/2015
2015044301;1;2;1;1;6;950;31/03/2015
2015044302;5;2;1;1;6;950;09/03/2015
2015044303;1;2;1;1;1;950;16/12/2015
2015044304;1;1;1;1;2;950;09/04/2015
2015044305;2;2;1;1;6;950;18/03/2015
2015044306;1;2;1;1;6;950;26/03/2015
2015044307;1;2;1;1;6;950;18/04/2015
2015044308;1;2;1;1;2;950;12/04/2015
2015044309;1;2;1;1;3;950;12/03/2015
2015044310;1;2;1;1;6;950;18/05/2015
2015044311;5;2;3;1;6;950;27/02/2015
2015044312;1;2;1;1;7;950;22/05/2015
2015044313;5;2;1;1;6;950;14/03/2015
2015044314;1;2;1;1;3;950;26/05/2015
2015044315;1;1;1;1;4;950;09/06/2015
2015044316;1;2;1;1;7;950;06/06/2015
2015044317;1;2;1;1;6;950;19/06/2015
2015044318;1;2;1;1;6;950;27/05/2015
2015044319;1;2;3;2;5;950;18/06/2015
2015044320;1;2;1;1;1;950;23/06/2015
2015044321;1;1;2;1;3;950;01/07/2015
2015044322;1;2;1;1;6;950;02/07/2015
2015044323;1;2;1;1;6;950;10/07/2015
2015044324;1;2;6;1;1;950;31/07/2015
2015044325;5;2;1;1;6;950;16/08/2015
2015044326;5;2;1;2;6;950;25/08/2015
2015044327;1;2;1;1;6;950;10/09/2015
2015044328;1;2;3;1;3;950;04/09/2015
2015044329;1;2;1;2;2;950;14/09/2015
2015044330;1;2;7;1;6;950;01/09/2015
2015044331;1;2;1;1;6;950;17/07/2015
2015044332;1;2;2;1;6;950;20/09/2015
2015044333;1;2;1;2;6;950;22/09/2015
2015044334;1;2;3;1;5;950;21/09/2015
2015044335;1;2;1;2;6;950;22/09/2015
2015044336;1;1;1;1;6;950;27/09/2015
2015044337;1;2;3;1;3;950;24/09/2015
2015044338;1;2;1;1;2;950;08/10/2015
2015044339;5;2;1;1;6;950;26/09/2015
2015044340;1;2;2;1;6;950;09/10/2015
2015044341;5;2;1;1;6;950;12/10/2015
2015044342;3;1;1;1;2;950;11/10/2015
2015044343;5;2;2;2;3;950;16/10/2015
2015044344;5;2;1;1;6;950;13/10/2015
2015044345;2;2;1;1;6;950;27/10/2015
2015044346;1;2;1;1;6;950;20/07/2015
2015044347;1;2;1;1;2;950;28/06/2015
2015044348;1;2;1;2;7;950;02/11/2015
2015044349;1;1;1;1;2;950;04/11/2015
2015044350;5;2;1;1;2;950;12/11/2015
2015044351;5;2;3;1;6;950;19/11/2015
2015044352;5;2;2;1;3;950;20/11/2015
2015044353;1;2;1;1;6;950;04/11/2015
2015044354;1;2;1;1;6;950;16/10/2015
2015044355;1;2;1;1;6;950;29/09/2015
2015044356;1;2;1;1;1;950;05/12/2015
2015044357;2;2;1;3;6;950;20/11/2015
2015044358;5;2;1;1;4;950;07/12/2015
2015044359;5;2;1;1;4;950;19/12/2015
2015044360;1;2;1;1;6;950;17/12/2015
2015044361;5;2;1;1;6;950;23/12/2015
2015044362;1;2;1;1;6;950;23/12/2015
2015044363;1;2;1;2;3;950;16/10/2015
2015044364;1;2;3;1;6;950;17/01/2015
2015044365;5;2;1;2;2;950;21/01/2015
2015044366;3;1;1;2;2;950;21/02/2015
2015044367;1;2;1;1;2;950;23/03/2015
2015044368;1;2;1;1;6;950;14/04/2015
2015044369;1;2;2;1;3;950;05/06/2015
2015044370;1;2;1;1;6;950;07/05/2015
2015044371;1;2;4;1;3;950;30/06/2015
2015044372;1;2;6;1;3;950;29/08/2015
2015044373;1;2;2;2;3;950;17/09/2015
2015044374;1;2;3;1;6;950;23/09/2015
2015044375;5;2;3;1;3;950;25/10/2015
2015044376;5;2;1;1;3;950;04/12/2015
2015044377;5;2;1;1;6;950;03/12/2015
2015044378;2;2;1;8;6;950;07/12/2015
2015044379;5;2;2;4;3;950;29/01/2015
2015044380;5;2;2;2;3;950;31/01/2015
2015044381;1;2;1;1;2;950;08/02/2015
2015044382;1;2;1;1;6;950;11/02/2015
2015044383;1;2;1;1;3;950;16/03/2015
2015044384;1;2;2;1;3;950;24/05/2015
2015044385;1;2;1;1;3;950;17/04/2015
2015044386;1;2;1;1;2;201;02/01/2015
2015044387;1;2;1;1;3;201;31/03/2015
2015044388;1;2;1;1;2;201;28/12/2015
2015044389;5;2;3;1;3;201;04/01/2015
2015044390;5;1;3;1;3;201;01/04/2015
2015044391;5;2;3;1;3;201;08/01/2015
2015044392;5;1;1;1;7;201;06/04/2015
2015044393;5;2;3;1;3;201;10/01/2015
2015044394;5;2;1;1;6;201;11/04/2015
2015044395;1;1;1;1;6;201;11/01/2015
2015044396;5;2;1;1;7;201;11/04/2015
2015044397;1;1;1;1;3;201;03/04/2015
2015044398;1;2;1;1;3;201;06/02/2015
2015044399;1;2;1;1;2;201;14/04/2015
2015044400;1;2;3;1;3;201;10/02/2015
2015044401;5;2;3;1;3;201;14/02/2015
2015044402;5;2;1;1;6;201;23/05/2015
2015044403;1;2;1;1;6;201;08/04/2015
2015044404;3;1;1;1;6;201;22/02/2015
2015044405;5;2;1;1;2;201;12/03/2015
2015044406;5;1;1;1;6;201;30/05/2015
2015044407;1;1;1;1;3;201;11/06/2015
2015044408;1;1;1;1;5;201;16/06/2015
2015044409;5;2;7;1;6;201;25/06/2015
2015044410;5;2;1;1;7;201;28/06/2015
2015044411;3;1;1;1;2;201;30/06/2015
2015044412;5;2;1;1;7;201;28/06/2015
2015044413;1;2;2;1;3;201;07/07/2015
2015044414;5;2;1;1;3;201;12/07/2015
2015044415;1;1;1;1;5;201;12/07/2015
2015044416;1;2;6;1;3;201;16/07/2015
2015044417;1;1;1;1;2;201;18/07/2015
2015044418;1;2;1;1;6;201;25/07/2015
2015044419;1;2;3;1;6;201;04/08/2015
2015044420;1;2;3;1;6;201;10/08/2015
2015044421;1;2;1;1;3;201;01/08/2015
2015044422;5;2;3;1;1;201;21/08/2015
2015044423;1;2;1;1;6;201;21/08/2015
2015044424;5;1;1;1;6;201;26/08/2015
2015044425;5;2;9;1;3;201;08/09/2015
2015044426;1;2;1;1;6;201;10/09/2015
2015044427;1;2;1;1;6;201;18/09/2015
2015044428;1;1;1;2;1;201;26/09/2015
2015044429;1;2;1;1;6;201;29/09/2015
2015044430;1;2;1;1;5;201;06/10/2015
2015044431;1;2;1;1;6;201;21/10/2015
2015044432;1;2;1;1;3;201;07/11/2015
2015044433;2;2;1;1;6;201;09/11/2015
2015044434;1;2;1;1;6;201;11/11/2015
2015044435;1;2;1;1;6;201;12/11/2015
2015044436;5;2;3;1;3;201;18/11/2015
2015044437;1;2;1;1;6;201;15/12/2015
2015044438;1;1;1;1;3;201;18/12/2015
2015044439;5;1;1;1;6;201;19/12/2015
2015044440;1;2;1;1;6;690;13/01/2015
2015044441;5;2;1;1;6;690;17/01/2015
2015044442;1;2;1;8;6;690;03/02/2015
2015044443;1;2;1;1;6;690;06/02/2015
2015044444;5;2;1;1;6;690;17/02/2015
2015044445;1;1;1;1;6;940;03/01/2015
2015044446;4;1;1;3;6;940;04/01/2015
2015044447;5;1;1;8;2;750;04/01/2015
2015044448;1;1;1;1;6;940;04/01/2015
2015044449;1;1;1;1;2;940;05/01/2015
2015044450;1;1;1;1;2;940;08/01/2015
2015044451;1;1;1;3;7;770;08/01/2015
2015044452;1;1;1;1;7;940;08/01/2015
2015044453;3;1;1;9;6;770;09/01/2015
2015044454;1;1;1;1;4;940;10/01/2015
2015044455;3;1;1;2;4;940;10/01/2015
2015044456;1;1;1;1;2;770;11/01/2015
2015044457;1;1;1;1;2;940;11/01/2015
2015044458;4;1;1;1;6;770;11/01/2015
2015044459;5;1;1;1;6;940;13/01/2015
2015044460;1;1;1;1;3;940;13/01/2015
2015044461;1;1;1;1;2;770;14/01/2015
2015044462;1;1;1;6;2;770;14/01/2015
2015044463;1;1;1;1;5;940;14/01/2015
2015044464;3;1;1;8;5;940;15/01/2015
2015044465;3;1;1;1;2;940;15/01/2015
2015044466;3;1;1;8;6;940;16/01/2015
2015044467;1;1;1;2;5;770;16/01/2015
2015044468;1;1;1;1;5;940;17/01/2015
2015044469;1;1;1;1;6;940;17/01/2015
2015044470;1;1;1;2;4;770;19/01/2015
2015044471;1;1;1;4;1;770;19/01/2015
2015044472;4;1;1;1;4;940;19/01/2015
2015044473;3;1;1;1;7;770;20/01/2015
2015044474;4;1;1;1;6;940;20/01/2015
2015044475;2;1;1;2;6;940;21/01/2015
2015044476;1;1;1;1;5;750;23/01/2015
2015044477;3;1;1;1;3;770;23/01/2015
2015044478;1;1;1;1;2;770;24/01/2015
2015044479;1;1;1;1;4;940;24/01/2015
2015044480;3;1;1;1;1;770;24/01/2015
2015044481;4;1;1;1;5;940;24/01/2015
2015044482;4;1;1;1;4;940;24/01/2015
2015044483;5;1;1;1;6;940;26/01/2015
2015044484;1;1;1;2;3;940;26/01/2015
2015044485;1;1;1;1;3;940;26/01/2015
2015044486;1;1;1;8;4;770;27/01/2015
2015044487;1;1;1;2;2;940;28/01/2015
2015044488;2;1;1;2;6;940;29/01/2015
2015044489;1;1;1;1;5;770;30/01/2015
2015044490;1;1;1;1;6;770;31/01/2015
2015044491;1;1;1;1;6;940;01/02/2015
2015044492;1;1;1;1;4;940;01/02/2015
2015044493;2;1;1;8;7;940;01/02/2015
2015044494;3;1;1;1;2;770;01/02/2015
2015044495;1;1;1;1;3;770;03/02/2015
2015044496;5;1;1;1;5;750;04/02/2015
2015044497;1;1;1;1;5;940;04/02/2015
2015044498;3;1;1;1;5;770;04/02/2015
2015044499;1;1;1;1;3;940;05/02/2015
2015044500;3;1;1;8;1;770;05/02/2015
2015044501;3;1;1;1;2;930;06/02/2015
2015044502;1;1;1;1;7;770;06/02/2015
2015044503;1;1;1;1;4;750;06/02/2015
2015044504;1;1;1;1;3;770;07/02/2015
2015044505;1;1;1;1;2;770;07/02/2015
2015044506;3;1;1;1;2;770;07/02/2015
2015044507;1;1;1;1;6;770;08/02/2015
2015044508;3;1;1;1;7;770;08/02/2015
2015044509;4;1;1;1;6;940;08/02/2015
2015044510;1;1;1;1;2;940;09/02/2015
2015044511;1;1;1;1;2;940;09/02/2015
2015044512;2;1;1;1;3;770;09/02/2015
2015044513;1;1;1;1;2;940;10/02/2015
2015044514;1;1;1;1;2;770;11/02/2015
2015044515;1;1;1;1;2;940;11/02/2015
2015044516;3;1;1;1;4;770;11/02/2015
2015044517;4;1;1;1;4;750;12/02/2015
2015044518;1;1;1;1;7;940;12/02/2015
2015044519;1;1;1;1;6;770;12/02/2015
2015044520;5;1;1;1;4;930;12/02/2015
2015044521;5;1;1;1;5;940;12/02/2015
2015044522;3;1;1;1;2;940;13/02/2015
2015044523;1;1;1;2;5;770;14/02/2015
2015044524;1;1;1;1;6;940;14/02/2015
2015044525;1;1;1;2;6;930;14/02/2015
2015044526;1;1;1;8;7;770;15/02/2015
2015044527;3;1;1;1;5;940;19/02/2015
2015044528;1;1;1;1;3;930;18/02/2015
2015044529;1;1;1;2;7;750;20/02/2015
2015044530;2;1;1;2;7;940;20/02/2015
2015044531;3;1;1;1;6;770;20/02/2015
2015044532;1;1;1;8;6;750;21/02/2015
2015044533;1;1;1;2;7;770;21/02/2015
2015044534;3;1;1;1;2;930;21/02/2015
2015044535;1;1;1;1;4;770;22/02/2015
2015044536;1;1;1;1;6;770;23/02/2015
2015044537;1;1;1;1;6;940;25/02/2015
2015044538;1;1;1;2;4;940;25/02/2015
2015044539;3;1;1;1;6;770;25/02/2015
2015044540;1;1;1;1;5;770;27/02/2015
2015044541;5;1;1;1;6;940;01/03/2015
2015044542;1;1;1;1;2;770;02/03/2015
2015044543;2;1;1;1;2;940;03/03/2015
2015044544;1;1;1;1;6;770;03/03/2015
2015044545;1;1;1;2;6;940;03/03/2015
2015044546;3;1;1;1;5;940;06/03/2015
2015044547;1;1;1;1;3;940;07/03/2015
2015044548;1;1;1;1;6;940;08/03/2015
2015044549;1;1;1;1;3;940;09/03/2015
2015044550;1;1;1;2;6;770;10/03/2015
2015044551;1;1;1;1;3;940;11/03/2015
2015044552;1;1;1;1;5;940;11/03/2015
2015044553;1;1;1;1;4;770;12/03/2015
2015044554;1;1;1;1;4;770;12/03/2015
2015044555;1;1;1;1;4;940;12/03/2015
2015044556;1;1;1;1;3;940;13/03/2015
2015044557;1;1;1;1;7;770;13/03/2015
2015044558;1;1;1;1;4;770;13/03/2015
2015044559;1;1;1;1;5;770;13/03/2015
2015044560;3;1;1;1;4;770;14/03/2015
2015044561;1;1;1;1;6;770;14/03/2015
2015044562;3;1;1;1;5;770;14/03/2015
2015044563;1;1;1;1;1;770;17/03/2015
2015044564;1;1;1;1;3;940;17/03/2015
2015044565;1;1;1;1;3;940;18/03/2015
2015044566;1;1;1;1;6;930;18/03/2015
2015044567;1;1;1;1;2;940;18/03/2015
2015044568;1;1;1;1;4;940;19/03/2015
2015044569;1;1;1;1;2;940;19/03/2015
2015044570;3;1;1;1;2;940;21/03/2015
2015044571;3;1;1;1;3;940;24/03/2015
2015044572;3;1;1;2;6;940;25/03/2015
2015044573;1;1;1;2;5;750;25/03/2015
2015044574;1;1;1;1;3;940;25/03/2015
2015044575;1;1;1;2;6;940;26/03/2015
2015044576;3;1;1;2;5;940;26/03/2015
2015044577;3;1;1;2;7;940;26/03/2015
2015044578;3;1;1;1;3;940;27/03/2015
2015044579;1;1;1;1;6;940;28/03/2015
2015044580;5;1;1;1;4;750;28/03/2015
2015044581;1;1;1;1;7;770;29/03/2015
2015044582;1;1;1;1;3;940;29/03/2015
2015044583;1;1;1;1;5;940;30/03/2015
2015044584;1;1;1;1;2;940;31/03/2015
2015044585;1;1;1;1;3;940;31/03/2015
2015044586;1;1;1;2;2;940;02/04/2015
2015044587;2;1;1;3;1;770;03/04/2015
2015044588;4;1;1;3;2;940;03/04/2015
2015044589;3;1;1;8;6;770;04/04/2015
2015044590;1;1;1;2;1;770;04/04/2015
2015044591;1;1;1;2;6;770;04/04/2015
2015044592;3;1;1;1;2;770;06/04/2015
2015044593;1;1;1;1;6;930;06/04/2015
2015044594;1;1;1;1;5;770;07/04/2015
2015044595;5;1;1;1;2;770;07/04/2015
2015044596;1;1;1;1;3;940;08/04/2015
2015044597;1;1;1;1;4;940;08/04/2015
2015044598;5;1;1;1;6;940;09/04/2015
2015044599;3;1;1;1;4;770;09/04/2015
2015044600;1;1;1;1;3;770;09/04/2015
2015044601;1;1;1;1;3;770;09/04/2015
2015044602;3;1;1;1;3;940;10/04/2015
2015044603;1;1;1;1;4;770;10/04/2015
2015044604;1;1;1;1;4;940;10/04/2015
2015044605;1;1;1;1;4;770;11/04/2015
2015044606;1;1;1;1;3;940;11/04/2015
2015044607;1;1;1;1;2;930;12/04/2015
2015044608;5;1;1;1;2;940;12/04/2015
2015044609;1;1;1;1;3;940;13/04/2015
2015044610;1;1;1;1;5;770;14/04/2015
2015044611;1;1;1;1;4;940;14/04/2015
2015044612;1;1;1;1;5;940;15/04/2015
2015044613;1;1;1;1;5;940;17/04/2015
2015044614;5;1;1;1;6;940;18/04/2015
2015044615;1;1;1;1;3;940;18/04/2015
2015044616;3;1;1;1;5;930;18/04/2015
2015044617;1;1;1;1;3;770;19/04/2015
2015044618;1;1;1;1;4;770;19/04/2015
2015044619;1;1;1;1;3;940;22/04/2015
2015044620;1;1;1;1;2;770;22/04/2015
2015044621;1;1;1;1;3;940;24/04/2015
2015044622;1;1;1;1;2;940;24/04/2015
2015044623;1;1;1;1;6;770;26/04/2015
2015044624;1;1;1;2;5;940;26/04/2015
2015044625;1;1;1;1;6;750;29/04/2015
2015044626;1;1;1;2;6;940;30/04/2015
2015044627;1;1;1;2;6;770;30/04/2015
2015044628;3;1;1;2;6;940;01/05/2015
2015044629;5;1;1;2;6;940;01/05/2015
2015044630;1;1;1;2;6;940;01/05/2015
2015044631;1;1;1;2;6;940;01/05/2015
2015044632;1;1;1;1;6;770;01/05/2015
2015044633;5;1;1;2;3;940;01/05/2015
2015044634;4;1;1;2;6;750;02/05/2015
2015044635;1;1;1;2;5;770;02/05/2015
2015044636;1;1;1;1;2;770;02/05/2015
2015044637;1;1;1;1;3;940;02/05/2015
2015044638;1;1;1;1;4;940;02/05/2015
2015044639;1;1;1;1;2;750;02/05/2015
2015044640;2;1;1;2;5;940;02/05/2015
2015044641;1;1;1;1;6;940;03/05/2015
2015044642;1;1;1;2;6;940;03/05/2015
2015044643;1;1;1;2;3;940;03/05/2015
2015044644;1;1;1;1;6;770;03/05/2015
2015044645;1;1;1;1;7;770;04/05/2015
2015044646;3;1;1;8;6;770;04/05/2015
2015044647;2;1;1;8;3;940;05/05/2015
2015044648;1;1;1;1;3;930;05/05/2015
2015044649;1;1;1;1;4;940;06/05/2015
2015044650;3;1;1;1;2;770;09/05/2015
2015044651;1;1;1;1;3;940;11/05/2015
2015044652;1;1;1;1;2;940;11/05/2015
2015044653;1;1;1;1;2;770;12/05/2015
2015044654;2;1;1;1;4;770;13/05/2015
2015044655;2;1;1;1;3;770;13/05/2015
2015044656;1;1;1;1;7;940;15/05/2015
2015044657;1;1;1;1;2;940;15/05/2015
2015044658;3;1;1;1;6;770;16/05/2015
2015044659;3;1;1;1;2;940;16/05/2015
2015044660;1;1;1;1;6;940;17/05/2015
2015044661;1;1;1;1;1;930;19/05/2015
2015044662;4;1;1;1;3;940;20/05/2015
2015044663;1;1;1;1;2;940;20/05/2015
2015044664;1;1;1;1;2;940;21/05/2015
2015044665;1;1;1;1;3;940;22/05/2015
2015044666;3;1;1;1;2;770;23/05/2015
2015044667;3;1;1;1;6;770;23/05/2015
2015044668;1;1;1;2;2;770;23/05/2015
2015044669;1;1;1;1;4;940;23/05/2015
2015044670;1;1;1;1;5;940;23/05/2015
2015044671;1;1;1;1;2;940;24/05/2015
2015044672;1;1;1;1;3;940;24/05/2015
2015044673;1;1;1;1;6;770;25/05/2015
2015044674;1;1;1;1;2;940;26/05/2015
2015044675;1;1;1;1;2;940;26/05/2015
2015044676;1;1;1;1;5;770;26/05/2015
2015044677;1;1;1;1;4;940;26/05/2015
2015044678;5;1;1;1;2;940;28/05/2015
2015044679;1;1;1;1;3;940;29/05/2015
2015044680;1;1;1;1;5;940;29/05/2015
2015044681;2;1;1;1;3;940;30/05/2015
2015044682;1;1;1;1;1;770;30/05/2015
2015044683;1;1;1;2;1;770;31/05/2015
2015044684;1;1;1;2;2;770;31/05/2015
2015044685;1;1;1;1;6;940;01/06/2015
2015044686;1;1;1;1;3;940;01/06/2015
2015044687;2;1;1;1;3;770;02/06/2015
2015044688;1;1;1;1;4;770;03/06/2015
2015044689;1;1;1;1;6;750;03/06/2015
2015044690;1;1;1;1;5;940;04/06/2015
2015044691;1;1;1;1;1;930;04/06/2015
2015044692;1;1;1;1;1;770;04/06/2015
2015044693;3;1;1;1;2;770;05/06/2015
2015044694;1;1;1;1;3;940;05/06/2015
2015044695;1;1;1;1;2;770;05/06/2015
2015044696;1;1;1;1;2;940;06/06/2015
2015044697;3;1;1;1;6;940;08/06/2015
2015044698;1;1;1;1;3;940;05/06/2015
2015044699;1;1;1;1;7;770;09/06/2015
2015044700;1;1;1;1;5;940;09/06/2015
2015044701;1;1;1;1;3;770;10/06/2015
2015044702;1;1;1;1;1;770;10/06/2015
2015044703;2;1;1;1;2;940;10/06/2015
2015044704;1;1;1;1;1;930;11/06/2015
2015044705;1;1;1;1;4;940;11/06/2015
2015044706;1;1;1;1;2;770;11/06/2015
2015044707;1;1;1;1;7;770;11/06/2015
2015044708;1;1;1;1;6;930;12/06/2015
2015044709;1;1;1;1;2;940;12/06/2015
2015044710;5;1;1;1;6;940;13/06/2015
2015044711;1;1;1;1;6;770;14/06/2015
2015044712;1;1;1;1;2;770;14/06/2015
2015044713;1;1;1;1;4;940;16/06/2015
2015044714;2;1;1;1;6;940;18/06/2015
2015044715;1;1;1;1;2;930;19/06/2015
2015044716;1;1;1;1;2;770;19/06/2015
2015044717;1;1;1;1;6;940;21/06/2015
2015044718;1;1;1;1;6;940;21/06/2015
2015044719;1;1;1;1;3;930;10/06/2015
2015044720;1;1;1;1;2;940;23/06/2015
2015044721;1;1;1;1;5;940;24/06/2015
2015044722;1;1;1;1;1;770;25/06/2015
2015044723;1;1;1;1;3;940;27/06/2015
2015044724;1;1;1;1;6;930;28/06/2015
2015044725;1;1;1;1;4;770;28/06/2015
2015044726;1;1;1;1;2;770;29/06/2015
2015044727;1;1;1;1;4;770;29/06/2015
2015044728;1;1;1;1;3;940;29/06/2015
2015044729;1;1;1;1;6;770;29/06/2015
2015044730;1;1;1;1;5;940;29/06/2015
2015044731;1;1;1;1;4;770;30/06/2015
2015044732;1;1;1;1;2;940;30/06/2015
2015044733;1;1;1;1;3;940;30/06/2015
2015044734;1;1;1;1;5;940;30/06/2015
2015044735;1;1;1;1;6;770;30/06/2015
2015044736;1;1;1;1;3;770;01/07/2015