num_acc;lum;agg;inter;atm;col;dep;date
2015047057;1;1;1;1;2;910;13/04/2015
2015047058;2;1;1;1;5;910;13/04/2015
2015047059;1;1;1;1;4;910;13/04/2015
2015047060;2;1;1;1;2;940;14/04/2015
2015047061;1;1;1;1;2;910;14/04/2015
2015047062;1;1;1;1;5;940;15/04/2015
2015047063;1;1;1;1;4;940;19/04/2015
2015047064;1;1;1;1;4;940;17/04/2015
2015047065;1;1;1;1;3;910;18/04/2015
2015047066;1;1;1;1;5;920;19/04/2015
2015047067;1;1;1;1;5;940;20/04/2015
2015047068;1;1;1;1;4;910;20/04/2015
2015047069;1;1;1;1;6;910;21/04/2015
2015047070;1;1;1;1;3;910;22/04/2015
2015047071;1;1;1;1;3;910;23/04/2015
2015047072;1;1;1;1;2;910;23/04/2015
2015047073;1;1;1;1;3;910;23/04/2015
2015047074;1;1;1;1;3;910;23/04/2015
2015047075;1;1;1;1;6;910;25/04/2015
2015047076;3;1;1;1;3;910;25/04/2015
2015047077;1;1;1;3;3;910;26/04/2015
2015047078;1;1;1;3;6;940;26/04/2015
2015047079;1;1;9;2;6;910;26/04/2015
2015047080;3;1;1;2;6;910;26/04/2015
2015047081;5;1;1;2;5;910;26/04/2015
2015047082;1;1;1;1;4;940;24/04/2015
2015047083;1;1;1;1;4;910;25/04/2015
2015047084;1;1;1;8;6;910;25/04/2015
2015047085;1;1;1;1;2;910;27/04/2015
2015047086;1;1;1;1;4;910;29/04/2015
2015047087;1;1;1;1;2;910;29/04/2015
2015047088;1;1;1;1;2;910;29/04/2015
2015047089;1;1;1;2;6;910;01/05/2015
2015047090;1;1;1;1;6;910;01/05/2015
2015047091;1;1;1;2;6;910;01/05/2015
2015047092;1;1;1;2;7;910;01/05/2015
2015047093;1;1;1;3;7;910;01/05/2015
2015047094;1;1;1;2;6;940;01/05/2015
2015047095;1;1;1;2;6;940;01/05/2015
2015047096;1;1;1;3;6;910;01/05/2015
2015047097;1;1;1;3;3;910;02/05/2015
2015047098;1;1;1;2;4;920;02/05/2015
2015047099;1;1;1;1;4;910;04/05/2015
2015047100;1;1;1;2;7;940;30/04/2015
2015047101;1;1;1;3;2;910;30/04/2015
2015047102;1;1;1;2;7;910;30/04/2015
2015047103;1;1;1;3;7;910;01/05/2015
2015047104;1;1;1;3;6;910;01/05/2015
2015047105;1;1;1;3;7;910;02/05/2015
2015047106;3;1;1;3;6;940;03/05/2015
2015047107;1;1;1;2;4;910;03/05/2015
2015047108;3;1;1;8;6;910;05/05/2015
2015047109;3;1;1;8;4;940;05/05/2015
2015047110;1;1;1;1;4;940;05/05/2015
2015047111;1;1;1;1;5;910;06/05/2015
2015047112;1;1;1;1;6;910;07/05/2015
2015047113;1;1;1;1;5;940;07/05/2015
2015047114;1;1;1;1;2;910;07/05/2015
2015047115;1;1;1;1;3;770;07/05/2015
2015047116;1;1;1;1;2;910;08/05/2015
2015047117;1;1;1;1;3;910;10/05/2015
2015047118;1;1;1;1;7;910;11/05/2015
2015047119;1;1;1;1;2;910;11/05/2015
2015047120;1;1;1;1;3;910;11/05/2015
2015047121;1;1;1;1;2;910;12/05/2015
2015047122;1;1;1;1;5;910;12/05/2015
2015047123;1;1;1;1;4;910;12/05/2015
2015047124;1;1;1;1;3;910;12/05/2015
2015047125;1;1;1;1;2;940;13/05/2015
2015047126;1;1;1;8;6;940;14/05/2015
2015047127;1;1;1;1;2;940;13/05/2015
2015047128;1;1;1;1;5;910;15/05/2015
2015047129;1;1;1;1;4;910;16/05/2015
2015047130;3;1;1;1;3;910;17/05/2015
2015047131;3;1;1;1;2;910;19/05/2015
2015047132;1;1;1;1;2;940;19/05/2015
2015047133;1;1;1;1;3;940;19/05/2015
2015047134;1;1;1;3;2;940;19/05/2015
2015047135;1;1;1;1;5;910;20/05/2015
2015047136;1;1;1;1;3;910;20/05/2015
2015047137;1;1;1;1;1;910;25/05/2015
2015047138;1;1;1;1;2;910;23/05/2015
2015047139;3;1;1;1;2;910;23/05/2015
2015047140;1;1;1;1;6;910;24/05/2015
2015047141;1;1;1;1;3;940;26/05/2015
2015047142;1;1;1;1;7;910;26/05/2015
2015047143;1;1;1;1;2;910;26/05/2015
2015047144;1;1;1;1;3;920;27/05/2015
2015047145;1;1;1;1;1;910;27/05/2015
2015047146;1;1;1;1;4;940;27/05/2015
2015047147;1;1;1;1;4;910;28/05/2015
2015047148;1;1;1;1;7;770;28/05/2015
2015047149;3;1;1;2;5;910;30/05/2015
2015047150;1;1;1;2;6;910;30/05/2015
2015047151;1;1;1;2;6;910;31/05/2015
2015047152;1;1;1;1;3;910;29/05/2015
2015047153;1;1;1;1;2;910;30/05/2015
2015047154;1;1;1;1;2;910;01/06/2015
2015047155;1;1;1;1;2;910;01/06/2015
2015047156;1;1;1;1;2;910;01/06/2015
2015047157;1;1;1;1;5;910;02/06/2015
2015047158;1;1;1;1;3;910;02/06/2015
2015047159;1;1;1;1;5;910;02/06/2015
2015047160;1;1;1;1;5;910;02/06/2015
2015047161;1;1;1;1;4;910;02/06/2015
2015047162;1;1;1;1;2;940;02/06/2015
2015047163;1;1;1;2;5;910;03/06/2015
2015047164;1;1;1;1;2;910;03/06/2015
2015047165;1;1;1;1;3;940;05/06/2015
2015047166;1;1;1;1;7;910;08/06/2015
2015047167;1;1;1;1;2;910;05/06/2015
2015047168;1;1;1;1;7;910;05/06/2015
2015047169;3;1;1;1;2;910;07/06/2015
2015047170;1;1;1;1;5;910;08/06/2015
2015047171;1;1;1;1;3;910;08/06/2015
2015047172;1;1;1;1;4;910;08/06/2015
2015047173;1;1;1;1;4;940;08/06/2015
2015047174;1;1;1;1;3;940;09/06/2015
2015047175;1;1;1;1;3;910;10/06/2015
2015047176;1;1;1;1;7;910;10/06/2015
2015047177;3;1;1;2;7;910;12/06/2015
2015047178;1;1;1;1;3;940;11/06/2015
2015047179;1;1;1;1;2;910;12/06/2015
2015047180;1;1;1;1;4;910;12/06/2015
2015047181;1;1;1;1;5;910;13/06/2015
2015047182;1;1;1;1;3;910;15/06/2015
2015047183;1;1;1;1;2;910;15/06/2015
2015047184;1;1;1;1;4;910;15/06/2015
2015047185;1;1;1;1;2;910;14/06/2015
2015047186;5;1;1;1;2;910;14/06/2015
2015047187;1;1;1;1;4;910;13/06/2015
2015047188;1;1;1;1;3;940;15/06/2015
2015047189;5;1;1;1;6;940;13/06/2015
2015047190;1;1;1;1;3;910;16/06/2015
2015047191;1;1;1;1;3;910;17/06/2015
2015047192;1;1;1;1;4;940;17/06/2015
2015047193;1;1;1;1;3;910;17/06/2015
2015047194;1;1;1;1;3;910;17/06/2015
2015047195;2;1;1;1;7;940;17/06/2015
2015047196;2;1;1;1;3;940;18/06/2015
2015047197;1;1;1;1;7;910;19/06/2015
2015047198;1;1;1;1;2;940;19/06/2015
2015047199;3;1;1;1;3;910;20/06/2015
2015047200;1;1;1;1;7;910;21/06/2015
2015047201;3;1;1;1;7;910;22/06/2015
2015047202;1;1;1;2;7;910;22/06/2015
2015047203;1;1;1;2;5;910;22/06/2015
2015047204;3;1;1;2;6;910;23/06/2015
2015047205;1;1;1;1;5;910;23/06/2015
2015047206;1;1;1;1;5;920;24/06/2015
2015047207;1;1;1;1;2;910;24/06/2015
2015047208;5;1;1;1;2;940;26/06/2015
2015047209;1;1;1;1;4;910;26/06/2015
2015047210;1;1;1;1;2;910;26/06/2015
2015047211;1;1;1;1;7;910;26/06/2015
2015047212;1;1;1;1;3;910;27/06/2015
2015047213;1;1;1;1;3;910;26/06/2015
2015047214;1;1;1;1;2;910;28/06/2015
2015047215;1;1;1;1;4;910;28/06/2015
2015047216;1;1;1;1;2;940;29/06/2015
2015047217;1;1;1;1;2;910;29/06/2015
2015047218;1;1;1;1;2;910;29/06/2015
2015047219;1;1;1;1;2;910;29/06/2015
2015047220;1;1;1;1;7;940;29/05/2015
2015047221;1;1;1;1;6;910;01/07/2015
2015047222;1;1;1;1;5;910;02/07/2015
2015047223;5;1;1;1;2;910;03/07/2015
2015047224;1;1;1;1;3;940;02/07/2015
2015047225;1;1;1;1;2;910;03/07/2015
2015047226;3;1;1;1;5;910;03/07/2015
2015047227;1;1;1;1;2;910;05/07/2015
2015047228;1;1;1;1;7;910;03/07/2015
2015047229;1;1;1;1;7;770;05/07/2015
2015047230;1;1;1;1;4;910;05/07/2015
2015047231;1;1;1;1;2;910;07/07/2015
2015047232;1;1;1;1;7;940;07/07/2015
2015047233;1;1;1;1;3;910;08/07/2015
2015047234;1;1;1;1;2;910;08/07/2015
2015047235;1;1;1;1;6;910;12/07/2015
2015047236;1;1;1;1;5;910;10/07/2015
2015047237;1;1;1;1;4;910;10/07/2015
2015047238;3;1;1;1;2;910;11/07/2015
2015047239;1;1;1;1;6;910;12/07/2015
2015047240;1;1;1;1;2;940;13/07/2015
2015047241;5;1;1;1;2;910;15/07/2015
2015047242;1;1;1;1;7;920;15/07/2015
2015047243;1;1;1;1;6;910;14/07/2015
2015047244;1;1;1;1;7;910;14/07/2015
2015047245;1;1;1;1;2;910;15/07/2015
2015047246;1;1;1;1;3;910;16/07/2015
2015047247;1;1;1;1;5;920;16/07/2015
2015047248;1;1;1;1;5;910;18/07/2015
2015047249;1;1;1;1;6;910;18/07/2015
2015047250;5;1;1;1;6;940;20/07/2015
2015047251;1;1;1;1;7;910;17/07/2015
2015047252;1;1;1;1;2;910;17/07/2015
2015047253;2;1;1;1;4;910;17/07/2015
2015047254;1;1;1;1;2;770;18/07/2015
2015047255;3;1;1;1;2;910;18/07/2015
2015047256;1;1;1;1;3;940;22/07/2015
2015047257;3;1;1;1;6;910;23/07/2015
2015047258;1;1;1;1;5;910;23/07/2015
2015047259;1;1;1;1;5;920;23/07/2015
2015047260;1;1;1;1;2;910;23/07/2015
2015047261;1;1;1;1;2;940;23/07/2015
2015047262;1;1;1;1;3;940;23/07/2015
2015047263;3;1;1;1;5;910;24/07/2015
2015047264;1;1;1;1;7;910;24/07/2015
2015047265;1;1;1;1;3;940;25/07/2015
2015047266;3;1;1;1;2;910;25/07/2015
2015047267;3;1;1;1;7;910;26/07/2015
2015047268;1;1;1;2;6;910;26/07/2015
2015047269;1;1;1;1;4;910;27/07/2015
2015047270;1;1;1;1;6;910;28/07/2015
2015047271;1;1;1;1;2;920;31/07/2015
2015047272;1;1;1;1;4;910;30/07/2015
2015047273;1;1;1;1;4;910;29/07/2015
2015047274;1;1;1;1;2;940;31/07/2015
2015047275;1;1;1;1;2;910;31/07/2015
2015047276;3;1;1;1;7;940;31/07/2015
2015047277;3;1;1;1;4;910;01/08/2015
2015047278;2;1;1;1;2;770;01/08/2015
2015047279;1;1;1;1;2;910;02/08/2015
2015047280;1;1;1;1;4;910;03/08/2015
2015047281;1;1;1;1;5;940;03/08/2015
2015047282;1;1;1;1;3;940;03/08/2015
2015047283;3;1;1;1;5;940;05/08/2015
2015047284;3;1;1;1;6;910;08/08/2015
2015047285;1;1;1;2;2;920;07/08/2015
2015047286;1;1;1;1;7;910;07/08/2015
2015047287;5;1;1;1;7;910;07/08/2015
2015047288;5;1;1;1;6;940;09/08/2015
2015047289;3;1;1;1;7;940;10/08/2015
2015047290;5;1;1;1;7;940;10/08/2015
2015047291;1;1;1;1;5;940;10/08/2015
2015047292;1;1;1;1;4;910;10/08/2015
2015047293;1;1;1;1;2;940;11/08/2015
2015047294;1;1;1;8;6;920;12/08/2015
2015047295;1;1;1;1;5;910;13/08/2015
2015047296;3;1;1;8;7;910;14/08/2015
2015047297;1;1;1;8;2;910;14/08/2015
2015047298;5;1;1;2;3;940;14/08/2015
2015047299;3;1;1;3;6;910;15/08/2015
2015047300;1;1;1;8;6;910;15/08/2015
2015047301;1;1;1;8;6;910;15/08/2015
2015047302;1;1;1;1;7;910;16/08/2015
2015047303;1;1;1;1;2;910;16/08/2015
2015047304;1;1;1;1;2;910;17/08/2015
2015047305;1;1;1;1;5;910;19/08/2015
2015047306;1;1;1;1;4;940;21/08/2015
2015047307;1;1;1;2;6;910;20/08/2015
2015047308;1;1;1;2;2;920;20/08/2015
2015047309;1;1;1;2;2;910;20/08/2015
2015047310;1;1;1;1;5;940;23/08/2015
2015047311;1;1;1;1;2;910;21/08/2015
2015047312;1;1;1;1;4;910;22/08/2015
2015047313;3;1;1;1;6;910;22/08/2015
2015047314;3;1;1;1;5;920;22/08/2015
2015047315;3;1;1;1;3;910;23/08/2015
2015047316;1;1;1;1;2;910;25/08/2015
2015047317;3;1;1;2;7;910;25/08/2015
2015047318;1;1;1;1;3;940;26/08/2015
2015047319;1;1;1;1;5;940;26/08/2015
2015047320;1;1;1;1;2;910;26/08/2015
2015047321;5;1;1;3;2;910;27/08/2015
2015047322;1;1;1;3;7;910;27/08/2015
2015047323;1;1;1;3;3;910;27/08/2015
2015047324;1;1;1;1;4;910;29/08/2015
2015047325;1;1;1;1;4;920;29/08/2015
2015047326;3;1;1;1;7;910;29/08/2015
2015047327;1;1;1;1;3;910;30/08/2015
2015047328;2;1;1;1;6;940;31/08/2015
2015047329;2;1;1;1;6;910;28/08/2015
2015047330;1;1;1;1;2;910;28/08/2015
2015047331;1;1;1;1;4;910;28/08/2015
2015047332;1;1;1;1;7;940;28/08/2015
2015047333;1;1;1;1;4;910;28/08/2015
2015047334;1;1;1;1;2;940;29/08/2015
2015047335;1;1;1;1;4;910;29/08/2015
2015047336;3;1;1;1;2;910;29/08/2015
2015047337;1;1;1;1;6;910;31/08/2015
2015047338;1;1;1;2;6;910;01/09/2015
2015047339;3;1;1;2;7;910;01/09/2015
2015047340;1;1;1;1;2;910;02/09/2015
2015047341;1;1;1;1;4;910;02/09/2015
2015047342;1;1;1;1;2;910;02/09/2015
2015047343;1;1;1;1;1;910;03/09/2015
2015047344;1;1;1;1;2;940;03/09/2015
2015047345;1;1;1;1;2;910;03/09/2015
2015047346;1;1;1;1;3;940;03/09/2015
2015047347;1;1;1;1;4;910;06/09/2015
2015047348;1;1;1;1;5;940;04/09/2015
2015047349;1;1;1;1;4;910;06/09/2015
2015047350;1;1;1;1;2;910;06/09/2015
2015047351;1;1;1;1;6;920;06/09/2015
2015047352;1;1;1;1;2;910;07/09/2015
2015047353;3;1;1;1;7;910;08/09/2015
2015047354;3;1;1;1;7;910;09/09/2015
2015047355;1;1;1;1;6;910;09/09/2015
2015047356;1;1;1;1;2;920;08/09/2015
2015047357;3;1;1;1;1;770;09/09/2015
2015047358;1;1;1;1;6;910;09/09/2015
2015047359;5;1;1;1;6;910;10/09/2015
2015047360;1;1;1;1;2;910;10/09/2015
2015047361;1;1;1;2;6;940;12/09/2015
2015047362;3;1;1;2;6;910;12/09/2015
2015047363;1;1;1;3;1;910;13/09/2015
2015047364;1;1;1;2;6;910;13/09/2015
2015047365;1;1;1;2;3;910;13/09/2015
2015047366;1;1;1;1;6;910;13/09/2015
2015047367;1;1;1;3;6;940;13/09/2015
2015047368;3;1;1;1;6;910;12/09/2015
2015047369;5;1;1;1;6;910;13/09/2015
2015047370;1;1;1;1;7;910;28/08/2015
2015047371;1;1;1;2;6;910;12/09/2015
2015047372;1;1;1;2;3;910;14/09/2015
2015047373;1;1;1;2;6;910;14/09/2015
2015047374;1;1;1;2;5;910;15/09/2015
2015047375;2;1;1;3;5;940;15/09/2015
2015047376;3;1;1;2;5;910;16/09/2015
2015047377;1;1;1;2;2;910;16/09/2015
2015047378;1;1;1;2;2;940;16/09/2015
2015047379;1;1;1;1;5;910;17/09/2015
2015047380;3;1;1;1;5;940;11/09/2015
2015047381;3;1;1;3;7;910;18/09/2015
2015047382;1;1;1;1;4;910;19/09/2015
2015047383;1;1;1;1;2;910;20/09/2015
2015047384;3;1;1;1;6;910;20/09/2015
2015047385;1;1;1;1;2;940;21/09/2015
2015047386;1;1;1;1;5;940;21/09/2015
2015047387;1;1;1;1;2;910;21/09/2015
2015047388;1;1;1;1;4;910;27/09/2015
2015047389;1;1;1;1;4;910;22/09/2015
2015047390;1;1;1;1;6;940;23/09/2015
2015047391;3;1;1;1;5;910;23/09/2015
2015047392;1;1;1;1;2;910;24/09/2015
2015047393;1;1;1;1;3;910;24/09/2015
2015047394;5;1;1;2;7;940;24/09/2015
2015047395;3;1;1;8;6;910;25/09/2015
2015047396;1;1;1;1;7;910;25/09/2015
2015047397;2;1;1;1;4;910;25/09/2015
2015047398;1;1;1;1;7;910;25/09/2015
2015047399;1;1;1;1;4;940;26/09/2015
2015047400;3;1;1;1;2;910;27/09/2015
2015047401;5;1;1;1;6;910;27/09/2015
2015047402;1;1;1;1;3;940;27/09/2015
2015047403;1;1;1;1;6;910;27/09/2015
2015047404;1;1;1;1;7;910;28/09/2015
2015047405;1;1;1;1;3;910;29/09/2015
2015047406;1;1;1;1;2;940;29/09/2015
2015047407;1;1;1;1;2;920;29/09/2015
2015047408;2;1;1;1;2;910;29/09/2015
2015047409;1;1;1;1;6;910;30/09/2015
2015047410;5;1;1;1;3;940;30/09/2015
2015047411;1;1;1;1;3;910;01/10/2015
2015047412;1;1;1;1;5;910;01/10/2015
2015047413;1;1;1;1;2;910;01/10/2015
2015047414;1;1;1;1;4;910;02/10/2015
2015047415;1;1;1;1;2;910;02/10/2015
2015047416;1;1;1;1;7;910;02/10/2015
2015047417;3;1;1;1;4;940;02/10/2015
2015047418;2;1;1;1;3;920;02/10/2015
2015047419;3;1;1;1;6;910;03/10/2015
2015047420;1;1;1;1;3;910;03/10/2015
2015047421;1;1;1;8;4;940;04/10/2015
2015047422;1;1;1;8;2;920;04/10/2015
2015047423;1;1;1;1;2;910;04/10/2015
2015047424;3;1;1;1;2;910;04/10/2015
2015047425;1;1;1;3;6;770;05/10/2015
2015047426;1;1;1;3;6;940;05/10/2015
2015047427;1;1;1;2;2;920;05/10/2015
2015047428;3;1;1;2;6;910;06/10/2015
2015047429;3;1;1;2;6;910;05/10/2015
2015047430;2;1;1;3;7;940;06/10/2015
2015047431;1;1;1;2;3;940;06/10/2015
2015047432;1;1;1;1;2;940;06/10/2015
2015047433;1;1;1;2;2;910;06/10/2015
2015047434;1;1;1;2;6;910;06/10/2015
2015047435;1;1;1;2;4;940;06/10/2015
2015047436;3;1;1;2;3;910;07/10/2015
2015047437;2;1;1;1;5;910;07/10/2015
2015047438;3;1;1;1;6;910;07/10/2015
2015047439;1;1;1;1;3;910;08/10/2015
2015047440;3;1;1;1;2;910;09/10/2015
2015047441;1;1;1;1;3;910;09/10/2015
2015047442;1;1;1;1;4;910;09/10/2015
2015047443;1;1;1;1;2;910;09/10/2015
2015047444;2;1;1;1;2;910;09/10/2015
2015047445;1;1;1;1;4;910;10/10/2015
2015047446;3;1;1;1;5;910;11/10/2015
2015047447;3;1;1;1;2;910;12/10/2015
2015047448;1;1;1;1;2;910;10/10/2015
2015047449;1;1;1;1;7;940;12/10/2015
2015047450;1;1;1;1;4;940;12/10/2015
2015047451;3;1;1;1;3;910;12/10/2015
2015047452;3;1;1;1;2;940;13/10/2015
2015047453;2;1;1;1;3;940;14/10/2015
2015047454;1;1;1;1;6;910;14/10/2015
2015047455;2;1;1;2;2;910;15/10/2015
2015047456;1;1;1;1;2;910;15/10/2015
2015047457;1;1;1;2;7;910;16/10/2015
2015047458;1;1;1;2;2;940;16/10/2015
2015047459;3;1;1;2;5;910;17/10/2015
2015047460;1;1;1;1;6;910;19/10/2015
2015047461;2;1;1;1;5;910;20/10/2015
2015047462;2;1;1;1;2;940;20/10/2015
2015047463;1;1;1;1;4;910;20/10/2015
2015047464;2;1;1;2;3;910;20/10/2015
2015047465;1;1;1;1;6;940;21/10/2015
2015047466;1;1;1;2;2;940;22/10/2015
2015047467;1;1;1;1;3;910;23/10/2015
2015047468;1;1;1;1;2;910;24/10/2015
2015047469;1;1;1;1;4;910;24/10/2015
2015047470;1;1;1;8;3;910;26/10/2015
2015047471;1;1;1;1;2;910;26/10/2015
2015047472;1;1;1;1;2;940;26/10/2015
2015047473;3;1;1;1;7;910;25/10/2015
2015047474;2;1;1;1;2;910;26/10/2015
2015047475;1;1;1;1;2;910;26/10/2015
2015047476;1;1;1;1;6;910;27/10/2015
2015047477;3;1;1;3;6;940;28/10/2015
2015047478;1;1;1;2;6;910;28/10/2015
2015047479;5;1;1;1;2;940;28/10/2015
2015047480;1;1;1;1;3;910;29/10/2015
2015047481;3;1;1;1;4;910;29/10/2015
2015047482;2;1;1;1;3;910;30/10/2015
2015047483;1;1;1;1;2;910;30/10/2015
2015047484;1;1;1;1;2;940;30/10/2015
2015047485;3;1;1;1;2;910;30/10/2015
2015047486;3;1;1;1;4;910;30/10/2015
2015047487;1;1;1;1;6;910;31/10/2015
2015047488;1;1;1;1;3;910;31/10/2015
2015047489;1;1;1;1;4;910;31/10/2015
2015047490;1;1;1;1;4;940;31/10/2015
2015047491;1;1;1;1;6;770;31/10/2015
2015047492;1;1;1;1;6;910;31/10/2015
2015047493;1;1;1;1;3;940;31/10/2015
2015047494;1;1;1;1;2;940;31/10/2015
2015047495;4;1;1;1;1;910;31/10/2015
2015047496;2;1;1;1;2;910;01/11/2015
2015047497;1;1;1;5;2;910;02/11/2015
2015047498;1;1;1;5;2;910;02/11/2015
2015047499;1;1;1;5;4;910;02/11/2015
2015047500;3;1;1;2;2;770;03/11/2015
2015047501;1;1;1;1;2;910;02/11/2015
2015047502;1;1;1;1;3;910;03/11/2015
2015047503;2;1;1;2;2;910;04/11/2015
2015047504;1;1;1;2;5;940;04/11/2015
2015047505;2;1;1;1;2;910;04/11/2015
2015047506;4;1;1;1;3;910;05/11/2015
2015047507;1;1;1;1;4;910;06/11/2015
2015047508;5;1;1;1;3;940;05/11/2015
2015047509;1;1;1;1;2;940;07/11/2015
2015047510;1;1;1;1;2;940;07/11/2015
2015047511;4;1;1;1;1;910;07/11/2015
2015047512;1;1;1;1;4;940;10/11/2015
2015047513;1;1;1;1;7;940;10/11/2015
2015047514;1;1;1;1;7;940;11/11/2015
2015047515;5;1;1;1;4;910;12/11/2015
2015047516;1;1;1;1;3;940;12/11/2015
2015047517;1;1;1;5;2;910;12/11/2015
2015047518;3;1;1;1;5;770;13/11/2015
2015047519;3;1;1;1;7;910;13/11/2015
2015047520;1;1;1;1;4;910;16/11/2015
2015047521;3;1;1;1;3;910;16/11/2015
2015047522;3;1;1;2;6;940;17/11/2015
2015047523;3;1;1;2;7;910;17/11/2015
2015047524;3;1;1;2;6;910;17/11/2015
2015047525;1;1;1;2;6;910;17/11/2015
2015047526;3;1;1;2;2;910;17/11/2015
2015047527;5;1;1;2;4;940;17/11/2015
2015047528;3;1;1;1;6;910;18/11/2015
2015047529;2;1;1;1;2;910;18/11/2015
2015047530;5;1;1;1;5;940;19/11/2015
2015047531;2;1;1;1;2;910;19/11/2015
2015047532;2;1;1;3;3;910;20/11/2015
2015047533;1;1;1;3;2;910;20/11/2015
2015047534;5;1;1;8;7;940;20/11/2015
2015047535;3;1;1;3;2;940;21/11/2015
2015047536;3;1;1;1;6;910;22/11/2015
2015047537;1;1;1;7;2;910;23/11/2015
2015047538;1;1;1;1;4;910;23/11/2015
2015047539;3;1;1;1;2;910;24/11/2015
2015047540;1;1;1;3;3;910;24/11/2015
2015047541;3;1;1;2;7;940;24/11/2015
2015047542;1;1;1;2;2;910;25/11/2015
2015047543;3;1;1;8;6;910;26/11/2015
2015047544;1;1;1;8;7;910;25/11/2015
2015047545;3;1;1;5;5;910;26/11/2015
2015047546;2;1;1;5;2;940;27/11/2015
2015047547;1;1;1;1;7;940;27/11/2015
2015047548;1;1;1;1;3;910;27/11/2015
2015047549;1;1;1;1;6;910;27/11/2015
2015047550;3;1;1;2;3;910;27/11/2015
2015047551;2;1;1;1;3;920;28/11/2015
2015047552;1;1;1;1;2;910;28/11/2015
2015047553;1;1;1;1;2;910;28/11/2015
2015047554;1;1;1;1;2;940;28/11/2015
2015047555;1;1;1;1;2;940;28/11/2015
2015047556;5;1;1;2;6;940;29/11/2015
2015047557;1;1;1;1;6;910;29/11/2015
2015047558;1;1;1;8;6;910;29/11/2015
2015047559;2;1;1;1;4;910;30/11/2015
2015047560;1;1;1;1;7;940;01/12/2015
2015047561;3;1;1;1;2;910;02/12/2015
2015047562;1;1;1;1;2;910;02/12/2015
2015047563;1;1;1;1;7;940;02/12/2015
2015047564;1;1;1;1;2;910;02/12/2015
2015047565;1;1;1;1;2;910;02/12/2015
2015047566;5;1;1;8;5;940;03/12/2015
2015047567;1;1;1;1;2;910;03/12/2015
2015047568;1;1;1;1;3;940;03/12/2015
2015047569;1;1;1;1;5;910;04/12/2015
2015047570;1;1;1;1;3;940;04/12/2015
2015047571;1;1;1;1;4;910;06/12/2015
2015047572;3;1;1;1;5;910;07/12/2015
2015047573;3;1;1;1;3;910;07/12/2015
2015047574;5;1;1;1;6;940;07/12/2015
2015047575;1;1;1;1;2;910;08/12/2015
2015047576;1;1;1;1;2;910;09/12/2015
2015047577;1;1;1;1;6;940;09/12/2015
2015047578;3;1;1;5;3;910;10/12/2015
2015047579;5;1;1;5;2;940;10/12/2015
2015047580;1;1;1;8;6;910;10/12/2015
2015047581;3;1;1;1;6;910;10/12/2015
2015047582;2;1;1;1;3;940;11/12/2015
2015047583;3;1;1;1;3;910;13/12/2015
2015047584;5;1;1;1;5;940;14/12/2015
2015047585;3;1;1;1;3;910;14/12/2015
2015047586;1;1;1;2;2;940;15/12/2015
2015047587;1;1;1;2;5;910;15/12/2015
2015047588;3;1;1;2;3;910;16/12/2015
2015047589;1;1;1;1;4;940;16/12/2015
2015047590;1;1;1;1;2;910;16/12/2015
2015047591;2;1;1;1;4;920;17/12/2015
2015047592;1;1;1;1;2;910;17/12/2015
2015047593;1;1;1;1;3;910;17/12/2015
2015047594;1;1;1;1;4;910;17/12/2015
2015047595;2;1;1;1;7;910;17/12/2015
2015047596;1;1;1;1;2;910;17/12/2015
2015047597;3;1;1;1;2;910;17/12/2015
2015047598;5;1;1;1;4;940;17/12/2015
2015047599;3;1;1;1;6;940;17/12/2015
2015047600;2;1;1;1;3;940;18/12/2015
2015047601;2;1;1;1;5;940;18/12/2015
2015047602;1;1;1;1;2;940;18/12/2015
2015047603;3;1;1;2;2;910;18/12/2015
2015047604;3;1;1;1;4;910;18/12/2015
2015047605;1;1;1;1;5;910;19/12/2015
2015047606;1;1;1;1;6;910;21/12/2015
2015047607;2;1;1;2;5;910;21/12/2015
2015047608;3;1;1;2;2;910;21/12/2015
2015047609;1;1;1;1;2;940;22/12/2015
2015047610;1;1;1;1;2;910;22/12/2015
2015047611;3;1;1;1;2;910;23/12/2015
2015047612;5;1;1;1;7;940;23/12/2015
2015047613;5;1;1;8;6;910;24/12/2015
2015047614;1;1;1;1;4;910;24/12/2015
2015047615;3;1;1;2;5;910;25/12/2015
2015047616;3;1;1;1;6;910;25/12/2015
2015047617;1;1;1;1;2;910;26/12/2015
2015047618;2;1;1;1;4;910;26/12/2015
2015047619;1;1;1;1;6;910;27/12/2015
2015047620;1;1;1;1;7;910;27/12/2015
2015047621;3;1;1;1;2;910;27/12/2015
2015047622;3;1;1;1;2;910;27/12/2015
2015047623;3;1;1;1;6;910;27/12/2015
2015047624;1;1;1;1;5;910;28/12/2015
2015047625;1;1;1;1;3;910;29/12/2015
2015047626;5;1;1;1;5;940;29/12/2015
2015047627;3;1;1;1;2;940;30/12/2015
2015047628;3;1;1;1;4;910;30/12/2015
2015047629;3;1;1;1;3;910;30/12/2015
2015047630;1;1;1;1;6;910;31/12/2015
2015047631;1;2;1;1;2;202;09/01/2015
2015047632;1;1;1;3;6;202;16/03/2015
2015047633;5;2;1;1;1;202;10/01/2015
2015047634;1;2;1;1;6;202;19/03/2015
2015047635;1;2;1;1;6;202;10/01/2015
2015047636;1;2;1;1;1;202;20/03/2015