num_acc;lum;agg;inter;atm;col;dep;date
2015047637;5;2;1;1;6;202;10/01/2015
2015047638;1;2;2;1;3;202;20/03/2015
2015047639;5;2;1;2;6;202;13/01/2015
2015047640;1;2;1;1;2;202;18/03/2015
2015047641;1;2;1;1;2;202;14/01/2015
2015047642;1;2;1;1;6;202;26/03/2015
2015047643;1;2;1;1;6;202;20/01/2015
2015047644;1;2;1;1;6;202;29/03/2015
2015047645;1;2;1;3;3;202;22/01/2015
2015047646;1;1;1;3;7;202;17/03/2015
2015047647;1;2;1;1;6;202;28/01/2015
2015047648;3;1;1;1;2;202;05/04/2015
2015047649;1;2;1;1;6;202;28/01/2015
2015047650;1;2;1;1;5;202;07/04/2015
2015047651;5;2;1;2;3;202;30/01/2015
2015047652;1;2;1;1;2;202;07/04/2015
2015047653;1;2;1;1;3;202;05/02/2015
2015047654;1;2;1;1;2;202;08/04/2015
2015047655;5;2;1;3;6;202;06/02/2015
2015047656;1;2;9;1;2;202;09/04/2015
2015047657;1;1;4;1;3;202;15/02/2015
2015047658;5;2;1;1;3;202;10/04/2015
2015047659;1;1;1;3;6;202;16/02/2015
2015047660;5;1;1;1;7;202;20/04/2015
2015047661;1;1;1;6;6;202;01/02/2015
2015047662;1;2;1;1;2;202;21/04/2015
2015047663;5;2;1;1;2;202;19/02/2015
2015047664;5;2;1;2;6;202;26/04/2015
2015047665;1;1;1;1;2;202;18/02/2015
2015047666;1;2;2;8;3;202;26/04/2015
2015047667;5;1;1;1;1;202;21/02/2015
2015047668;1;2;1;1;6;202;27/04/2015
2015047669;1;2;1;1;1;202;22/02/2015
2015047670;1;1;1;1;7;202;28/04/2015
2015047671;2;2;1;1;1;202;22/02/2015
2015047672;2;2;1;1;6;202;28/04/2015
2015047673;1;2;1;2;6;202;24/02/2015
2015047674;1;2;1;1;6;202;04/05/2015
2015047675;1;1;1;2;1;202;24/02/2015
2015047676;1;2;1;1;5;202;04/05/2015
2015047677;1;2;1;1;6;202;25/02/2015
2015047678;1;1;3;1;3;202;05/05/2015
2015047679;1;1;1;1;5;202;06/03/2015
2015047680;1;1;1;1;3;202;08/05/2015
2015047681;1;2;3;1;3;202;07/03/2015
2015047682;1;1;3;1;3;202;11/05/2015
2015047683;5;1;1;1;6;202;08/03/2015
2015047684;1;2;6;1;3;202;12/05/2015
2015047685;1;2;3;1;3;202;10/03/2015
2015047686;5;2;1;1;2;202;12/05/2015
2015047687;1;2;1;1;1;202;13/03/2015
2015047688;1;1;1;1;2;202;15/05/2015
2015047689;1;2;1;1;2;202;13/03/2015
2015047690;3;2;1;1;3;202;19/05/2015
2015047691;5;2;4;1;1;202;14/03/2015
2015047692;1;2;1;1;6;202;20/05/2015
2015047693;3;1;1;1;6;202;15/03/2015
2015047694;1;2;3;1;3;202;20/05/2015
2015047695;1;2;2;2;3;202;23/05/2015
2015047696;1;2;1;1;1;202;24/05/2015
2015047697;1;1;1;1;2;202;28/05/2015
2015047698;2;1;1;1;6;202;31/05/2015
2015047699;1;1;1;1;4;202;03/06/2015
2015047700;5;2;6;1;3;202;04/06/2015
2015047701;1;1;1;1;3;202;05/06/2015
2015047702;1;2;1;1;2;202;06/06/2015
2015047703;2;2;1;1;7;202;07/06/2015
2015047704;1;2;6;1;2;202;08/06/2015
2015047705;1;2;1;1;3;202;10/06/2015
2015047706;1;2;3;1;3;202;12/06/2015
2015047707;1;2;9;1;2;202;15/06/2015
2015047708;5;2;1;1;6;202;16/06/2015
2015047709;1;2;1;1;2;202;19/06/2015
2015047710;1;1;1;1;3;202;20/06/2015
2015047711;1;1;1;1;3;202;21/06/2015
2015047712;5;2;1;1;6;202;22/06/2015
2015047713;1;2;6;1;6;202;30/06/2015
2015047714;5;2;1;1;3;202;02/07/2015
2015047715;1;2;1;1;1;202;03/07/2015
2015047716;1;2;9;1;6;202;03/07/2015
2015047717;1;2;1;1;3;202;03/07/2015
2015047718;1;2;1;1;6;202;07/07/2015
2015047719;1;2;1;1;1;202;08/07/2015
2015047720;1;2;6;1;3;202;10/07/2015
2015047721;5;2;1;1;3;202;12/07/2015
2015047722;5;2;6;1;6;202;13/07/2015
2015047723;1;2;1;1;6;202;14/07/2015
2015047724;1;2;1;1;6;202;14/07/2015
2015047725;1;2;1;1;5;202;17/07/2015
2015047726;1;2;6;1;6;202;20/07/2015
2015047727;1;1;1;1;4;202;24/07/2015
2015047728;2;2;1;1;6;202;25/07/2015
2015047729;1;1;1;1;5;202;29/07/2015
2015047730;5;2;1;1;6;202;02/08/2015
2015047731;1;1;1;1;6;202;05/08/2015
2015047732;5;1;1;1;7;202;07/08/2015
2015047733;1;2;1;1;7;202;07/08/2015
2015047734;5;1;1;1;2;202;09/08/2015
2015047735;1;2;1;1;2;202;09/08/2015
2015047736;5;1;6;1;3;202;10/08/2015
2015047737;1;1;1;1;3;202;14/08/2015
2015047738;5;2;1;1;6;202;22/08/2015
2015047739;1;1;1;1;2;202;23/08/2015
2015047740;5;2;1;1;6;202;30/08/2015
2015047741;1;1;1;1;6;202;31/08/2015
2015047742;5;2;1;1;6;202;06/09/2015
2015047743;5;1;1;1;2;202;06/09/2015
2015047744;1;2;1;1;4;202;07/09/2015
2015047745;1;2;1;1;6;202;07/09/2015
2015047746;5;2;1;1;1;202;09/09/2015
2015047747;2;1;6;1;3;202;15/09/2015
2015047748;1;2;1;1;7;202;19/09/2015
2015047749;1;2;1;1;6;202;24/09/2015
2015047750;1;1;1;1;3;202;26/09/2015
2015047751;2;2;2;1;1;202;26/09/2015
2015047752;1;2;6;1;3;202;28/09/2015
2015047753;1;2;1;1;6;202;29/09/2015
2015047754;1;1;1;3;3;202;01/10/2015
2015047755;5;2;1;8;6;202;05/10/2015
2015047756;1;2;6;1;6;202;05/10/2015
2015047757;1;1;6;1;2;202;07/10/2015
2015047758;1;2;1;1;1;202;08/10/2015
2015047759;1;2;1;1;3;202;09/10/2015
2015047760;1;2;6;1;3;202;09/10/2015
2015047761;3;1;1;9;6;202;10/10/2015
2015047762;1;2;1;1;6;202;13/10/2015
2015047763;5;1;9;9;6;202;14/10/2015
2015047764;1;2;1;1;3;202;15/10/2015
2015047765;1;1;1;1;3;202;15/10/2015
2015047766;2;2;2;1;3;202;18/10/2015
2015047767;1;2;2;1;6;202;19/10/2015
2015047768;1;1;1;1;6;202;22/10/2015
2015047769;3;2;1;1;6;202;29/10/2015
2015047770;5;2;1;5;5;202;03/11/2015
2015047771;1;2;1;3;6;202;06/11/2015
2015047772;3;1;1;1;6;202;14/11/2015
2015047773;1;2;1;1;2;202;19/11/2015
2015047774;5;1;1;6;6;202;22/11/2015
2015047775;5;2;1;1;6;202;25/11/2015
2015047776;1;2;1;1;6;202;26/11/2015
2015047777;1;2;1;1;2;202;28/11/2015
2015047778;5;2;1;1;3;202;28/11/2015
2015047779;1;2;1;1;3;202;30/11/2015
2015047780;5;2;1;1;1;202;06/12/2015
2015047781;1;2;6;1;3;202;08/12/2015
2015047782;5;2;1;1;2;202;13/12/2015
2015047783;5;2;4;1;3;202;13/12/2015
2015047784;2;2;3;1;3;202;14/12/2015
2015047785;5;2;1;1;2;202;14/12/2015
2015047786;1;2;1;1;3;202;14/12/2015
2015047787;1;2;3;1;5;202;15/12/2015
2015047788;1;2;1;1;6;202;08/12/2015
2015047789;1;1;1;1;2;202;17/12/2015
2015047790;5;1;6;1;7;202;20/12/2015
2015047791;5;2;1;1;1;202;21/12/2015
2015047792;1;2;1;1;2;202;22/12/2015
2015047793;1;2;3;1;3;202;27/12/2015
2015047794;1;1;1;1;4;202;31/12/2015
2015047795;1;2;1;1;5;690;16/03/2015
2015047796;5;2;2;2;3;690;29/01/2015
2015047797;1;2;1;1;6;690;17/03/2015
2015047798;5;2;2;2;3;690;31/01/2015
2015047799;1;2;1;1;2;690;17/03/2015
2015047800;1;2;2;1;6;690;18/03/2015
2015047801;5;2;1;2;2;690;04/03/2015
2015047802;5;2;1;1;6;690;04/02/2015
2015047803;5;2;1;1;7;690;19/03/2015
2015047804;5;2;2;1;3;690;20/03/2015
2015047805;2;2;1;1;6;690;07/02/2015
2015047806;2;2;1;1;7;690;22/02/2015
2015047807;1;1;1;1;6;690;19/03/2015
2015047808;1;1;1;1;3;690;25/02/2015
2015047809;1;2;1;1;3;690;20/03/2015
2015047810;1;2;1;1;3;690;10/03/2015
2015047811;1;2;1;1;6;690;20/03/2015
2015047812;5;2;1;1;2;690;20/03/2015
2015047813;5;2;1;1;6;690;21/03/2015
2015047814;1;2;1;3;6;690;21/03/2015
2015047815;5;2;3;1;6;690;21/03/2015
2015047816;1;2;1;1;3;690;22/03/2015
2015047817;1;2;1;1;2;690;23/03/2015
2015047818;1;1;1;1;6;690;24/03/2015
2015047819;2;2;1;1;6;690;24/03/2015
2015047820;1;2;1;2;6;690;25/03/2015
2015047821;5;2;1;1;6;690;26/03/2015
2015047822;1;2;1;1;7;690;26/03/2015
2015047823;1;2;1;1;1;690;27/03/2015
2015047824;5;2;1;1;6;690;28/03/2015
2015047825;1;2;1;1;2;690;22/03/2015
2015047826;1;2;1;1;6;690;29/03/2015
2015047827;3;2;1;2;6;690;30/03/2015
2015047828;2;1;1;2;3;690;30/03/2015
2015047829;1;1;1;1;6;690;30/03/2015
2015047830;1;2;2;8;3;690;30/03/2015
2015047831;1;2;1;8;6;690;31/03/2015
2015047832;1;2;1;1;1;690;31/03/2015
2015047833;1;2;1;1;2;690;31/03/2015
2015047834;1;2;1;1;6;690;31/03/2015
2015047835;1;2;1;1;3;690;01/04/2015
2015047836;2;2;3;1;6;690;19/03/2015
2015047837;1;1;1;8;2;690;02/04/2015
2015047838;1;2;1;8;6;690;04/04/2015
2015047839;1;2;1;1;6;690;05/04/2015
2015047840;1;2;5;8;1;690;04/04/2015
2015047841;1;2;1;1;6;690;06/04/2015
2015047842;1;2;1;1;6;690;07/04/2015
2015047843;1;2;2;1;3;690;08/04/2015
2015047844;5;2;1;1;3;690;08/04/2015
2015047845;1;2;3;1;3;690;08/04/2015
2015047846;1;2;2;1;6;690;10/04/2015
2015047847;5;2;2;1;3;690;10/04/2015
2015047848;2;2;1;1;2;690;08/04/2015
2015047849;1;2;3;1;6;690;11/04/2015
2015047850;1;2;3;1;6;690;11/04/2015
2015047851;1;2;1;1;6;690;13/04/2015
2015047852;1;2;1;1;6;690;16/04/2015
2015047853;2;2;1;2;3;690;17/04/2015
2015047854;1;2;1;1;2;690;19/04/2015
2015047855;1;2;1;1;3;690;18/04/2015
2015047856;1;2;1;1;6;690;17/04/2015
2015047857;1;2;2;1;3;690;21/04/2015
2015047858;1;2;3;1;6;690;21/04/2015
2015047859;1;1;1;1;4;690;21/04/2015
2015047860;1;2;2;1;3;690;22/04/2015
2015047861;1;2;2;1;3;690;23/04/2015
2015047862;1;2;3;1;3;690;22/04/2015
2015047863;1;2;1;1;3;690;23/04/2015
2015047864;5;2;1;1;2;690;23/04/2015
2015047865;1;2;1;1;6;690;24/04/2015
2015047866;1;2;1;1;3;690;24/04/2015
2015047867;1;1;1;1;2;690;24/04/2015
2015047868;5;2;2;3;3;690;27/04/2015
2015047869;1;2;1;1;6;690;28/04/2015
2015047870;1;2;1;1;6;690;28/04/2015
2015047871;1;2;3;1;3;690;29/04/2015
2015047872;1;2;9;1;6;690;30/04/2015
2015047873;1;2;1;1;6;690;30/04/2015
2015047874;1;2;9;6;6;690;30/04/2015
2015047875;1;2;1;2;7;690;01/05/2015
2015047876;1;1;1;2;2;690;01/05/2015
2015047877;1;2;2;1;2;690;02/05/2015
2015047878;3;1;1;2;2;690;02/05/2015
2015047879;1;2;1;1;4;690;04/05/2015
2015047880;1;2;1;1;4;690;17/04/2015
2015047881;1;1;1;1;6;690;06/05/2015
2015047882;1;2;3;7;6;690;06/05/2015
2015047883;1;2;4;1;6;690;07/05/2015
2015047884;1;1;1;1;6;690;07/05/2015
2015047885;1;2;3;1;3;690;09/05/2015
2015047886;1;2;1;1;1;690;11/05/2015
2015047887;1;1;1;1;6;690;11/05/2015
2015047888;1;2;1;1;7;690;11/05/2015
2015047889;1;2;1;1;3;690;13/05/2015
2015047890;1;2;2;1;3;690;13/05/2015
2015047891;1;2;2;1;3;690;13/05/2015
2015047892;2;2;1;1;3;690;12/05/2015
2015047893;1;2;1;3;6;690;15/05/2015
2015047894;4;2;1;8;6;690;15/05/2015
2015047895;1;1;1;1;6;690;16/05/2015
2015047896;1;2;1;1;2;690;16/05/2015
2015047897;5;2;1;1;3;690;17/05/2015
2015047898;1;2;2;1;6;690;16/05/2015
2015047899;1;2;1;1;3;690;17/05/2015
2015047900;1;2;1;1;6;690;19/05/2015
2015047901;1;2;2;1;3;690;19/05/2015
2015047902;1;1;1;1;7;690;20/05/2015
2015047903;1;2;1;2;6;690;20/05/2015
2015047904;1;2;1;1;1;690;20/05/2015
2015047905;1;1;1;1;6;690;21/05/2015
2015047906;1;2;1;1;2;690;21/05/2015
2015047907;1;2;1;1;3;690;22/05/2015
2015047908;1;2;1;1;6;690;19/05/2015
2015047909;1;2;1;1;6;690;22/05/2015
2015047910;5;1;3;1;3;690;22/05/2015
2015047911;1;2;2;1;3;690;22/05/2015
2015047912;1;2;1;1;1;690;24/05/2015
2015047913;5;2;1;1;6;690;24/05/2015
2015047914;1;2;1;1;1;690;25/05/2015
2015047915;1;2;1;1;3;690;26/05/2015
2015047916;1;2;1;1;2;690;26/05/2015
2015047917;1;2;1;1;2;690;26/05/2015
2015047918;1;2;1;1;6;690;27/05/2015
2015047919;1;2;1;1;6;690;28/05/2015
2015047920;1;2;1;1;6;690;27/05/2015
2015047921;1;2;1;1;6;690;28/05/2015
2015047922;1;2;1;1;5;690;28/05/2015
2015047923;5;2;1;1;6;690;29/05/2015
2015047924;1;2;1;1;3;690;30/05/2015
2015047925;1;2;1;1;6;690;30/05/2015
2015047926;5;2;1;1;6;690;01/06/2015
2015047927;1;2;1;1;2;690;02/06/2015
2015047928;1;2;1;1;3;690;02/06/2015
2015047929;1;2;2;1;6;690;02/06/2015
2015047930;1;2;3;1;2;690;02/06/2015
2015047931;1;2;2;1;3;690;02/06/2015
2015047932;1;2;1;1;6;690;03/06/2015
2015047933;1;2;1;1;6;690;26/05/2015
2015047934;1;2;1;1;6;690;04/06/2015
2015047935;1;2;1;7;6;690;04/06/2015
2015047936;1;2;5;1;6;690;05/06/2015
2015047937;1;2;1;1;5;690;05/06/2015
2015047938;1;2;1;1;6;690;05/06/2015
2015047939;1;2;1;1;3;690;06/06/2015
2015047940;1;2;1;1;7;690;08/06/2015
2015047941;1;2;1;1;6;690;06/06/2015
2015047942;1;2;1;1;6;690;28/05/2015
2015047943;1;2;1;1;4;690;09/06/2015
2015047944;1;2;7;1;3;690;10/06/2015
2015047945;1;2;1;1;4;690;10/06/2015
2015047946;1;2;1;1;2;690;16/02/2015
2015047947;1;2;3;1;3;690;11/06/2015
2015047948;1;2;3;1;3;690;11/06/2015
2015047949;1;2;1;1;3;690;12/06/2015
2015047950;5;2;5;3;3;690;12/06/2015
2015047951;3;2;1;1;3;690;13/06/2015
2015047952;1;2;1;1;3;690;13/06/2015
2015047953;1;2;1;1;3;690;10/06/2015
2015047954;1;2;1;1;3;690;10/06/2015
2015047955;1;2;3;1;3;690;15/06/2015
2015047956;1;2;2;1;3;690;15/06/2015
2015047957;1;2;2;1;3;690;16/06/2015
2015047958;5;2;7;3;6;690;13/06/2015
2015047959;1;2;1;1;3;690;18/06/2015
2015047960;1;2;1;1;2;690;19/06/2015
2015047961;1;2;1;1;6;690;19/06/2015
2015047962;1;2;2;1;6;690;20/06/2015
2015047963;1;2;1;1;1;690;20/06/2015
2015047964;1;2;2;1;3;690;21/06/2015
2015047965;1;2;1;1;6;690;22/06/2015
2015047966;1;2;1;1;6;690;22/06/2015
2015047967;1;2;2;1;3;690;22/06/2015
2015047968;1;2;3;1;1;690;24/06/2015
2015047969;1;2;1;1;4;690;24/06/2015
2015047970;2;2;1;1;1;690;23/06/2015
2015047971;1;2;2;1;6;690;24/06/2015
2015047972;1;2;3;1;6;690;24/06/2015
2015047973;1;2;3;1;6;690;25/06/2015
2015047974;1;2;1;1;3;690;25/06/2015
2015047975;1;2;3;1;3;690;25/06/2015
2015047976;1;2;1;1;6;690;26/06/2015
2015047977;1;2;1;1;6;690;25/06/2015
2015047978;5;2;1;1;6;690;28/06/2015
2015047979;1;2;1;1;7;690;27/06/2015
2015047980;1;2;1;1;6;690;29/06/2015
2015047981;5;2;1;1;7;690;30/06/2015
2015047982;1;2;1;1;4;690;01/07/2015
2015047983;1;1;1;1;7;690;02/07/2015
2015047984;1;2;1;1;2;690;02/07/2015
2015047985;1;2;1;1;3;690;02/07/2015
2015047986;1;2;3;1;3;690;03/07/2015
2015047987;2;2;1;1;6;690;05/07/2015
2015047988;1;2;1;1;6;690;05/07/2015
2015047989;1;2;4;7;3;690;06/07/2015
2015047990;1;2;1;1;6;690;06/07/2015
2015047991;5;2;1;1;7;690;08/07/2015
2015047992;1;2;1;1;6;690;08/07/2015
2015047993;1;2;1;1;3;690;08/07/2015
2015047994;5;2;2;1;6;690;10/07/2015
2015047995;1;2;2;1;3;690;10/07/2015
2015047996;1;2;2;1;3;690;10/07/2015
2015047997;2;2;1;1;6;690;11/07/2015
2015047998;1;2;1;1;2;690;12/07/2015
2015047999;1;2;1;1;4;690;13/07/2015
2015048000;1;2;1;1;2;690;15/07/2015
2015048001;5;2;5;1;3;690;17/07/2015
2015048002;1;2;3;1;3;690;15/07/2015
2015048003;5;2;1;1;6;690;18/07/2015
2015048004;1;2;9;1;6;690;18/07/2015
2015048005;1;2;1;2;3;690;18/07/2015
2015048006;1;2;1;1;6;690;19/07/2015
2015048007;2;2;3;1;4;690;19/07/2015
2015048008;1;2;1;1;6;690;20/07/2015
2015048009;1;2;1;1;6;690;17/07/2015
2015048010;1;2;1;1;3;690;19/07/2015
2015048011;1;2;1;1;3;690;21/07/2015
2015048012;1;2;1;1;6;690;21/07/2015
2015048013;5;2;3;1;3;690;22/07/2015
2015048014;1;2;1;1;2;690;22/07/2015
2015048015;1;2;1;1;3;690;22/07/2015
2015048016;1;2;1;1;4;690;21/07/2015
2015048017;1;2;1;1;3;690;23/07/2015
2015048018;1;2;1;1;2;690;24/07/2015
2015048019;5;2;1;1;6;690;27/07/2015
2015048020;5;2;1;1;6;690;27/07/2015
2015048021;1;2;4;7;3;690;27/07/2015
2015048022;1;2;1;1;7;690;27/07/2015
2015048023;1;2;1;1;6;690;27/07/2015
2015048024;1;1;1;1;3;690;28/07/2015
2015048025;5;2;1;1;7;690;30/07/2015
2015048026;1;2;1;1;1;690;30/07/2015
2015048027;1;2;1;1;3;690;30/07/2015
2015048028;1;2;6;1;3;690;31/07/2015
2015048029;1;2;2;1;3;690;28/07/2015
2015048030;1;2;1;1;7;690;31/07/2015
2015048031;1;2;3;1;2;690;30/07/2015
2015048032;1;2;1;1;3;690;04/08/2015
2015048033;1;2;1;1;6;690;03/08/2015
2015048034;5;2;1;1;6;690;06/08/2015
2015048035;1;2;2;1;3;690;07/08/2015
2015048036;1;2;2;3;6;690;08/08/2015
2015048037;1;2;2;1;3;690;10/08/2015
2015048038;1;2;2;1;6;690;10/08/2015
2015048039;1;2;1;1;6;690;10/08/2015
2015048040;1;2;1;1;6;690;11/08/2015
2015048041;5;2;1;8;6;690;08/08/2015
2015048042;1;2;1;1;3;690;07/08/2015
2015048043;5;2;1;1;2;690;13/08/2015
2015048044;1;2;1;1;6;690;14/08/2015
2015048045;1;2;3;1;6;690;15/08/2015
2015048046;1;2;4;1;3;690;16/08/2015
2015048047;5;2;1;1;6;690;17/08/2015
2015048048;1;2;3;1;3;690;17/08/2015
2015048049;1;2;3;8;3;690;17/08/2015
2015048050;5;2;2;8;3;690;17/08/2015
2015048051;1;2;1;1;6;690;20/08/2015
2015048052;5;2;1;1;6;690;23/08/2015
2015048053;1;2;1;1;7;690;25/08/2015
2015048054;1;2;1;1;3;690;25/08/2015
2015048055;1;2;1;9;2;690;24/08/2015
2015048056;1;2;1;1;6;690;26/08/2015
2015048057;1;2;1;1;6;690;27/08/2015
2015048058;5;2;2;1;3;690;28/08/2015
2015048059;1;1;1;1;6;690;22/08/2015
2015048060;1;2;1;1;3;690;29/08/2015
2015048061;5;2;1;1;3;690;30/08/2015
2015048062;1;2;6;1;3;690;30/08/2015
2015048063;1;2;3;2;6;690;01/09/2015
2015048064;1;2;3;1;3;690;03/09/2015
2015048065;5;2;3;1;5;690;04/09/2015
2015048066;1;2;3;1;3;690;05/09/2015
2015048067;1;2;2;1;6;690;06/09/2015
2015048068;1;2;1;1;6;690;07/09/2015
2015048069;1;2;1;1;6;690;07/09/2015
2015048070;1;2;2;1;6;690;08/09/2015
2015048071;1;2;9;1;3;690;10/09/2015
2015048072;5;2;1;1;1;690;10/09/2015
2015048073;1;2;1;1;6;690;08/09/2015
2015048074;1;2;1;1;6;690;08/09/2015
2015048075;5;2;2;1;3;690;11/09/2015
2015048076;5;2;1;3;1;690;13/09/2015
2015048077;5;2;6;1;3;690;14/09/2015
2015048078;1;2;1;1;6;690;15/09/2015
2015048079;1;1;1;1;2;690;18/09/2015
2015048080;2;2;3;1;1;690;18/09/2015
2015048081;1;2;1;2;2;690;17/09/2015
2015048082;5;2;3;1;3;690;19/09/2015
2015048083;1;2;3;1;6;690;21/09/2015
2015048084;1;2;1;1;1;690;20/09/2015
2015048085;1;2;1;1;6;690;22/09/2015
2015048086;1;2;1;1;6;690;23/09/2015
2015048087;1;2;1;1;6;690;23/09/2015
2015048088;1;2;1;1;6;690;24/09/2015
2015048089;1;2;1;1;3;690;24/09/2015
2015048090;5;2;1;1;3;690;24/09/2015
2015048091;5;2;3;1;3;690;26/09/2015
2015048092;5;2;7;1;6;690;26/09/2015
2015048093;5;2;1;1;6;690;26/09/2015
2015048094;1;2;5;1;6;690;15/09/2015
2015048095;1;2;3;7;6;690;28/09/2015
2015048096;1;2;1;1;6;690;28/09/2015
2015048097;1;1;1;1;3;690;28/09/2015
2015048098;1;2;1;1;6;690;29/09/2015
2015048099;5;1;1;1;7;690;30/09/2015
2015048100;1;2;1;1;6;690;29/09/2015
2015048101;1;2;9;1;5;690;29/09/2015
2015048102;1;2;3;1;3;690;30/09/2015
2015048103;1;2;3;1;3;690;30/09/2015
2015048104;1;1;1;1;6;690;29/09/2015
2015048105;5;2;1;1;5;690;30/09/2015
2015048106;2;2;3;1;3;690;01/10/2015
2015048107;2;2;3;1;3;690;01/10/2015
2015048108;5;2;1;1;6;690;29/09/2015
2015048109;1;2;1;1;6;690;01/10/2015
2015048110;1;2;1;1;6;690;28/09/2015
2015048111;1;2;1;1;6;690;01/10/2015
2015048112;1;2;1;1;3;690;02/10/2015
2015048113;1;2;2;1;3;690;01/10/2015
2015048114;5;2;1;2;6;690;03/10/2015
2015048115;5;2;1;2;7;690;04/10/2015
2015048116;1;2;1;1;3;690;05/10/2015
2015048117;1;2;1;1;2;690;30/09/2015
2015048118;1;2;1;1;6;690;03/10/2015
2015048119;1;2;1;1;6;690;25/09/2015
2015048120;1;2;1;1;3;690;02/10/2015
2015048121;1;2;1;1;3;690;09/10/2015
2015048122;1;2;3;1;3;690;10/10/2015
2015048123;2;2;2;1;6;690;11/10/2015
2015048124;1;2;3;1;3;690;12/10/2015
2015048125;1;2;1;1;1;690;13/10/2015
2015048126;1;2;3;1;3;690;10/10/2015
2015048127;1;2;2;8;6;690;14/10/2015
2015048128;5;2;1;1;6;690;15/10/2015
2015048129;5;2;3;1;6;690;17/10/2015
2015048130;5;2;1;1;6;690;18/10/2015
2015048131;1;1;1;1;3;690;18/10/2015
2015048132;2;2;3;1;6;690;20/10/2015
2015048133;5;2;6;1;6;690;23/10/2015
2015048134;1;2;1;1;3;690;23/10/2015
2015048135;2;2;1;1;3;690;24/10/2015
2015048136;5;2;3;1;3;690;25/10/2015
2015048137;5;2;3;3;1;690;27/10/2015
2015048138;5;2;1;2;6;690;27/10/2015
2015048139;1;2;1;1;6;690;27/10/2015
2015048140;1;2;1;3;4;690;28/10/2015
2015048141;1;2;3;1;6;690;29/10/2015
2015048142;1;2;1;1;3;690;29/10/2015
2015048143;1;2;1;1;3;690;29/10/2015
2015048144;1;2;1;1;6;690;29/10/2015
2015048145;1;2;1;1;3;690;29/10/2015
2015048146;1;2;1;1;2;690;30/10/2015
2015048147;1;2;1;1;1;690;30/10/2015
2015048148;2;2;2;1;1;690;30/10/2015
2015048149;5;2;1;1;6;690;30/10/2015
2015048150;1;2;2;1;6;690;03/11/2015
2015048151;5;2;1;8;3;690;01/11/2015
2015048152;1;2;1;1;3;690;03/11/2015
2015048153;1;2;1;1;4;690;03/11/2015
2015048154;2;2;3;1;6;690;04/11/2015
2015048155;1;2;1;2;1;690;04/11/2015
2015048156;1;2;1;1;3;690;05/11/2015
2015048157;1;2;1;1;6;690;05/11/2015
2015048158;5;2;2;1;6;690;05/11/2015
2015048159;1;2;1;1;6;690;06/11/2015
2015048160;5;2;2;1;3;690;05/11/2015
2015048161;5;2;1;1;6;690;07/11/2015
2015048162;5;2;3;1;1;690;06/11/2015
2015048163;1;2;1;1;6;690;08/11/2015
2015048164;1;2;1;1;3;690;08/11/2015
2015048165;5;1;1;1;3;690;08/11/2015
2015048166;1;2;1;1;6;690;08/11/2015
2015048167;2;2;1;1;6;690;09/11/2015
2015048168;1;2;1;1;6;690;09/11/2015
2015048169;1;1;1;1;3;690;10/11/2015
2015048170;1;2;1;1;6;690;10/11/2015
2015048171;5;2;1;1;6;690;10/11/2015
2015048172;5;2;1;1;6;690;10/11/2015
2015048173;1;2;1;1;2;690;12/11/2015
2015048174;1;2;1;1;6;690;13/11/2015
2015048175;1;2;4;1;7;690;12/11/2015
2015048176;1;2;7;7;6;690;15/11/2015
2015048177;5;2;1;1;7;690;03/10/2015
2015048178;1;2;3;1;6;690;10/11/2015
2015048179;1;2;2;1;3;690;17/11/2015
2015048180;1;2;1;1;6;690;16/11/2015
2015048181;5;2;2;1;3;690;18/11/2015
2015048182;1;2;1;1;3;690;16/11/2015
2015048183;5;2;1;8;6;690;19/11/2015
2015048184;1;2;1;1;6;690;19/11/2015
2015048185;1;2;1;1;5;690;19/11/2015
2015048186;5;2;1;1;3;690;19/11/2015
2015048187;1;2;1;1;7;690;22/11/2015
2015048188;5;2;2;2;3;690;22/11/2015
2015048189;1;2;3;2;1;690;22/11/2015
2015048190;5;2;1;2;7;690;22/11/2015
2015048191;1;1;1;2;6;690;22/11/2015
2015048192;5;2;3;1;6;690;23/11/2015
2015048193;1;1;1;1;1;690;23/11/2015
2015048194;2;2;1;1;6;690;23/11/2015
2015048195;5;2;2;1;3;690;23/11/2015
2015048196;1;2;1;1;2;690;24/11/2015
2015048197;5;1;1;2;6;690;25/11/2015
2015048198;5;2;1;1;3;690;23/11/2015
2015048199;1;2;3;1;1;690;26/11/2015
2015048200;1;2;3;1;3;690;26/11/2015
2015048201;1;2;1;1;3;690;26/11/2015
2015048202;1;2;1;2;7;690;25/11/2015
2015048203;1;1;1;1;4;690;27/11/2015
2015048204;1;2;2;1;3;690;27/11/2015
2015048205;1;2;1;1;3;690;27/11/2015
2015048206;5;2;5;1;1;690;27/11/2015
2015048207;5;2;3;1;6;690;29/11/2015
2015048208;1;2;1;1;6;690;30/11/2015
2015048209;1;2;3;1;3;690;30/11/2015
2015048210;1;2;1;1;6;690;01/12/2015
2015048211;1;1;3;1;3;690;02/12/2015
2015048212;1;2;1;1;6;690;03/12/2015
2015048213;1;2;1;1;6;690;04/12/2015
2015048214;2;2;1;1;6;690;04/12/2015
2015048215;5;2;1;1;2;690;04/12/2015
2015048216;5;2;1;1;3;690;04/12/2015