num_acc;lum;agg;inter;atm;col;dep;date
2015048796;5;2;1;1;3;690;20/09/2015
2015048797;1;2;1;1;6;690;21/09/2015
2015048798;2;2;3;1;1;690;21/09/2015
2015048799;1;2;1;1;3;690;23/09/2015
2015048800;1;2;2;1;6;690;23/09/2015
2015048801;5;2;2;1;3;690;23/09/2015
2015048802;1;2;3;1;1;690;24/09/2015
2015048803;1;2;1;8;6;690;23/09/2015
2015048804;1;2;1;1;6;690;24/09/2015
2015048805;5;2;1;1;6;690;26/09/2015
2015048806;5;2;1;1;3;690;27/09/2015
2015048807;1;2;2;1;3;690;28/09/2015
2015048808;1;2;1;7;6;690;28/09/2015
2015048809;3;2;1;1;3;690;28/09/2015
2015048810;1;2;1;1;6;690;29/09/2015
2015048811;4;2;1;1;3;690;29/09/2015
2015048812;1;2;1;1;6;690;30/09/2015
2015048813;5;2;1;1;3;690;30/09/2015
2015048814;1;2;1;1;3;690;01/10/2015
2015048815;1;2;1;1;6;690;01/10/2015
2015048816;1;2;2;1;3;690;02/10/2015
2015048817;5;2;2;1;3;690;02/10/2015
2015048818;5;2;2;1;3;690;03/10/2015
2015048819;1;2;1;2;6;690;03/10/2015
2015048820;1;2;3;3;6;690;03/10/2015
2015048821;1;2;2;1;4;690;05/10/2015
2015048822;1;2;3;2;3;690;06/10/2015
2015048823;5;2;1;2;2;690;06/10/2015
2015048824;1;2;2;1;6;690;07/10/2015
2015048825;2;2;2;1;6;690;07/10/2015
2015048826;1;2;2;1;3;690;07/10/2015
2015048827;1;2;2;1;3;690;07/10/2015
2015048828;1;2;3;1;3;690;07/10/2015
2015048829;1;2;4;1;3;690;08/10/2015
2015048830;5;2;1;1;3;690;07/10/2015
2015048831;1;2;2;1;6;690;08/10/2015
2015048832;1;2;6;8;1;690;06/10/2015
2015048833;1;2;1;1;2;690;09/10/2015
2015048834;1;2;2;1;6;690;09/10/2015
2015048835;1;2;2;3;6;690;06/10/2015
2015048836;1;2;2;1;3;690;09/10/2015
2015048837;1;2;1;1;1;690;10/10/2015
2015048838;5;2;2;1;6;690;11/10/2015
2015048839;5;2;2;1;2;690;11/10/2015
2015048840;1;2;1;1;3;690;11/10/2015
2015048841;1;2;2;1;3;690;11/10/2015
2015048842;5;2;1;1;2;690;11/10/2015
2015048843;5;2;3;1;3;690;11/10/2015
2015048844;1;2;2;1;3;690;12/10/2015
2015048845;1;2;1;1;3;690;12/10/2015
2015048846;1;2;2;1;3;690;12/10/2015
2015048847;1;2;1;8;5;690;13/10/2015
2015048848;1;2;2;8;6;690;13/10/2015
2015048849;5;2;2;1;3;690;13/10/2015
2015048850;2;2;2;1;3;690;14/10/2015
2015048851;1;2;1;1;6;690;15/10/2015
2015048852;1;2;2;1;3;690;16/10/2015
2015048853;1;2;1;1;6;690;16/10/2015
2015048854;1;2;1;1;1;690;16/10/2015
2015048855;1;2;1;1;1;690;17/10/2015
2015048856;5;2;2;1;6;690;18/10/2015
2015048857;1;2;1;1;6;690;18/10/2015
2015048858;1;2;2;1;3;690;18/10/2015
2015048859;1;2;2;1;3;690;19/10/2015
2015048860;1;2;2;1;3;690;19/10/2015
2015048861;2;2;1;1;6;690;20/10/2015
2015048862;2;2;1;1;2;690;19/10/2015
2015048863;1;2;3;1;3;690;21/10/2015
2015048864;1;2;2;1;2;690;22/10/2015
2015048865;1;2;2;1;3;690;23/10/2015
2015048866;1;2;2;1;3;690;24/10/2015
2015048867;5;2;1;1;4;690;23/10/2015
2015048868;2;2;1;1;3;690;24/10/2015
2015048869;5;2;1;1;2;690;25/10/2015
2015048870;1;2;1;3;3;690;28/10/2015
2015048871;2;2;1;2;3;690;28/10/2015
2015048872;2;2;1;1;3;690;29/10/2015
2015048873;1;2;1;1;4;690;30/10/2015
2015048874;1;2;2;1;3;690;31/10/2015
2015048875;1;2;1;5;6;690;01/11/2015
2015048876;1;2;1;5;4;690;02/11/2015
2015048877;1;1;1;1;6;690;02/11/2015
2015048878;1;2;1;1;1;690;02/11/2015
2015048879;1;2;2;1;3;690;02/11/2015
2015048880;1;2;2;1;3;690;02/11/2015
2015048881;2;2;1;1;1;690;03/11/2015
2015048882;1;2;3;1;1;690;03/11/2015
2015048883;1;2;3;1;3;690;03/11/2015
2015048884;1;2;2;1;6;690;03/11/2015
2015048885;5;2;1;1;6;690;03/11/2015
2015048886;1;2;1;1;3;690;04/11/2015
2015048887;1;2;1;8;4;690;04/11/2015
2015048888;1;2;1;1;6;690;05/11/2015
2015048889;1;2;1;1;6;690;05/11/2015
2015048890;1;2;3;1;6;690;05/11/2015
2015048891;5;2;9;1;6;690;05/11/2015
2015048892;2;2;1;1;6;690;06/11/2015
2015048893;5;2;2;1;3;690;07/11/2015
2015048894;1;2;1;1;4;690;06/11/2015
2015048895;5;2;1;1;6;690;07/11/2015
2015048896;2;2;2;1;6;690;07/11/2015
2015048897;5;2;1;1;2;690;08/11/2015
2015048898;1;2;1;1;6;690;09/11/2015
2015048899;1;2;1;2;6;690;04/11/2015
2015048900;1;2;2;1;3;690;10/11/2015
2015048901;5;2;2;1;3;690;11/11/2015
2015048902;5;2;1;1;6;690;11/11/2015
2015048903;1;2;1;1;6;690;12/11/2015
2015048904;1;2;1;1;6;690;13/11/2015
2015048905;1;1;1;1;6;690;13/11/2015
2015048906;5;2;1;1;3;690;13/11/2015
2015048907;1;2;1;1;6;690;14/11/2015
2015048908;2;2;2;1;5;690;15/11/2015
2015048909;5;2;2;1;3;690;15/11/2015
2015048910;1;2;1;1;3;690;16/11/2015
2015048911;1;2;2;1;2;690;16/11/2015
2015048912;1;2;1;1;3;690;16/11/2015
2015048913;5;2;1;1;2;690;16/11/2015
2015048914;1;2;2;3;6;690;06/10/2015
2015048915;1;2;2;1;3;690;17/11/2015
2015048916;1;2;1;1;6;690;17/11/2015
2015048917;5;2;1;1;6;690;18/11/2015
2015048918;1;2;1;1;6;690;18/11/2015
2015048919;1;2;1;1;4;690;18/11/2015
2015048920;5;2;1;1;1;690;20/11/2015
2015048921;5;2;1;1;6;690;21/11/2015
2015048922;5;1;1;9;6;690;21/11/2015
2015048923;5;2;1;1;6;690;23/11/2015
2015048924;5;2;1;1;6;690;24/11/2015
2015048925;1;2;1;2;3;690;25/11/2015
2015048926;1;2;2;2;6;690;25/11/2015
2015048927;1;2;1;1;3;690;26/11/2015
2015048928;1;2;2;8;3;690;26/11/2015
2015048929;5;2;1;2;5;690;26/11/2015
2015048930;1;2;2;1;6;690;27/11/2015
2015048931;5;2;1;1;7;690;28/11/2015
2015048932;5;2;1;1;6;690;27/11/2015
2015048933;1;2;2;2;3;690;28/11/2015
2015048934;1;1;1;8;6;690;29/11/2015
2015048935;5;2;1;1;6;690;30/11/2015
2015048936;1;2;3;1;3;690;27/11/2015
2015048937;1;2;1;1;6;690;30/11/2015
2015048938;5;2;2;1;3;690;01/12/2015
2015048939;5;2;1;1;6;690;02/12/2015
2015048940;1;2;3;1;3;690;02/12/2015
2015048941;1;2;2;1;3;690;20/11/2015
2015048942;1;2;1;1;4;690;03/12/2015
2015048943;3;2;1;1;6;690;06/12/2015
2015048944;5;2;1;1;6;690;06/12/2015
2015048945;1;2;1;1;4;690;07/12/2015
2015048946;5;2;2;1;6;690;08/12/2015
2015048947;1;2;9;1;6;690;08/12/2015
2015048948;5;2;1;1;3;690;08/12/2015
2015048949;1;2;2;1;6;690;09/12/2015
2015048950;5;2;1;1;3;690;11/12/2015
2015048951;1;2;1;1;6;690;12/12/2015
2015048952;1;2;2;1;1;690;12/12/2015
2015048953;5;2;1;1;3;690;12/12/2015
2015048954;1;2;1;1;2;690;12/12/2015
2015048955;1;2;3;1;6;690;13/12/2015
2015048956;5;2;1;1;3;690;13/12/2015
2015048957;1;2;2;1;3;690;09/12/2015
2015048958;1;2;2;1;3;690;14/12/2015
2015048959;1;2;1;1;6;690;14/12/2015
2015048960;1;2;1;1;3;690;16/12/2015
2015048961;1;2;1;1;6;690;11/12/2015
2015048962;1;2;3;1;3;690;16/12/2015
2015048963;2;2;2;1;2;690;17/12/2015
2015048964;5;2;1;1;3;690;17/12/2015
2015048965;5;2;2;1;1;690;18/12/2015
2015048966;2;2;1;1;2;690;11/12/2015
2015048967;1;1;2;1;6;690;20/12/2015
2015048968;5;2;5;1;3;690;13/12/2015
2015048969;1;2;2;1;3;690;22/12/2015
2015048970;1;2;1;1;6;690;22/12/2015
2015048971;1;2;2;1;4;690;22/12/2015
2015048972;1;2;1;1;4;690;22/12/2015
2015048973;5;2;1;1;1;690;22/12/2015
2015048974;1;2;1;1;6;690;23/12/2015
2015048975;5;2;1;1;6;690;22/12/2015
2015048976;1;2;1;1;6;690;23/12/2015
2015048977;5;2;1;1;3;690;25/12/2015
2015048978;1;2;2;1;3;690;22/12/2015
2015048979;5;2;1;1;6;690;27/12/2015
2015048980;1;2;1;1;3;690;26/12/2015
2015048981;1;2;2;1;3;690;30/12/2015
2015048982;1;2;1;1;3;690;31/12/2015
2015048983;1;2;1;1;6;690;31/12/2015
2015048984;5;2;2;1;3;690;09/02/2015
2015048985;1;2;1;1;6;690;09/02/2015
2015048986;1;2;1;1;6;690;10/02/2015
2015048987;1;2;1;1;3;690;19/02/2015
2015048988;5;2;1;9;6;690;24/02/2015
2015048989;1;1;1;1;6;330;04/01/2015
2015048990;3;1;1;1;6;330;05/01/2015
2015048991;2;1;1;1;4;330;06/01/2015
2015048992;3;1;1;1;4;330;06/01/2015
2015048993;1;1;1;2;6;330;06/01/2015
2015048994;5;1;1;1;1;330;22/12/2015
2015048995;3;1;1;2;6;330;10/01/2015
2015048996;1;1;1;1;6;330;22/12/2015
2015048997;1;1;1;1;6;330;11/01/2015
2015048998;3;1;1;1;2;330;26/12/2015
2015048999;1;1;1;1;2;330;30/12/2015
2015049000;5;1;1;1;7;330;30/12/2015
2015049001;3;1;1;2;6;330;15/01/2015
2015049002;1;1;1;2;5;330;17/01/2015
2015049003;4;1;1;2;6;330;19/01/2015
2015049004;1;1;1;2;6;330;19/01/2015
2015049005;1;1;1;2;6;330;19/01/2015
2015049006;3;1;1;2;5;330;19/01/2015
2015049007;5;1;1;1;6;330;20/01/2015
2015049008;1;1;1;2;6;330;21/01/2015
2015049009;1;1;1;1;6;330;22/01/2015
2015049010;1;1;1;2;5;330;24/01/2015
2015049011;1;1;1;1;6;330;25/01/2015
2015049012;2;1;1;1;6;330;26/01/2015
2015049013;1;1;1;8;6;330;26/01/2015
2015049014;2;1;1;2;3;330;28/01/2015
2015049015;1;1;1;3;4;330;29/01/2015
2015049016;2;1;1;1;6;330;30/01/2015
2015049017;1;1;1;1;5;330;31/01/2015
2015049018;2;1;1;1;6;330;06/02/2015
2015049019;5;1;1;1;6;330;07/02/2015
2015049020;1;1;1;1;7;330;10/02/2015
2015049021;2;1;1;1;5;330;11/02/2015
2015049022;2;1;1;1;1;330;12/02/2015
2015049023;1;1;1;1;6;330;12/02/2015
2015049024;1;1;1;1;1;330;17/02/2015
2015049025;1;1;1;1;6;330;19/02/2015
2015049026;1;1;1;1;1;330;18/02/2015
2015049027;1;1;1;1;2;330;23/02/2015
2015049028;1;1;1;1;5;330;25/02/2015
2015049029;3;1;1;1;2;330;26/02/2015
2015049030;1;1;1;1;6;330;26/02/2015
2015049031;1;1;1;1;6;330;27/02/2015
2015049032;1;1;1;1;6;330;27/02/2015
2015049033;1;1;1;1;6;330;28/02/2015
2015049034;1;1;1;2;6;330;01/03/2015
2015049035;1;1;1;1;6;330;06/03/2015
2015049036;1;1;1;1;6;330;06/03/2015
2015049037;1;1;1;1;6;330;06/03/2015
2015049038;1;1;1;1;6;330;06/03/2015
2015049039;1;1;1;1;6;330;07/03/2015
2015049040;1;1;1;1;6;330;11/03/2015
2015049041;5;1;1;1;6;330;12/03/2015
2015049042;1;1;1;1;5;330;13/03/2015
2015049043;1;1;1;1;6;330;15/03/2015
2015049044;1;1;1;8;6;330;16/03/2015
2015049045;1;1;1;1;1;330;17/03/2015
2015049046;1;1;1;1;6;330;17/03/2015
2015049047;4;1;1;2;3;330;24/03/2015
2015049048;1;1;1;1;6;330;25/03/2015
2015049049;1;1;1;1;6;330;25/03/2015
2015049050;1;1;1;2;6;330;28/03/2015
2015049051;1;1;1;2;6;330;28/03/2015
2015049052;1;1;1;2;6;330;30/03/2015
2015049053;1;1;1;1;6;330;07/04/2015
2015049054;1;1;1;2;6;330;11/04/2015
2015049055;4;1;1;1;6;330;11/04/2015
2015049056;1;1;1;1;6;330;13/04/2015
2015049057;1;1;1;1;3;330;13/04/2015
2015049058;1;1;1;1;6;330;14/04/2015
2015049059;1;1;1;1;6;330;15/04/2015
2015049060;1;1;1;1;6;330;17/04/2015
2015049061;1;1;1;1;6;330;18/04/2015
2015049062;1;1;1;1;6;330;21/04/2015
2015049063;1;1;1;8;6;330;23/04/2015
2015049064;1;1;1;1;2;330;24/04/2015
2015049065;1;1;1;1;2;330;28/04/2015
2015049066;2;1;1;8;6;330;02/05/2015
2015049067;1;1;1;1;1;330;03/05/2015
2015049068;1;1;1;1;6;330;05/05/2015
2015049069;1;1;1;1;6;330;06/05/2015
2015049070;1;1;1;8;3;330;11/05/2015
2015049071;1;1;1;1;2;330;11/05/2015
2015049072;1;1;1;1;3;330;12/05/2015
2015049073;1;1;1;1;5;330;12/05/2015
2015049074;1;1;1;1;4;330;13/05/2015
2015049075;5;1;1;3;6;330;15/05/2015
2015049076;1;1;1;1;6;330;17/05/2015
2015049077;1;1;1;1;6;330;17/05/2015
2015049078;1;1;1;1;6;330;19/05/2015
2015049079;1;1;1;1;6;330;26/05/2015
2015049080;1;1;1;1;4;330;28/05/2015
2015049081;1;1;1;1;6;330;28/05/2015
2015049082;1;1;1;1;6;330;28/05/2015
2015049083;1;1;1;1;6;330;29/05/2015
2015049084;1;1;1;1;6;330;02/06/2015
2015049085;1;1;1;1;6;330;04/06/2015
2015049086;1;1;1;1;2;330;08/06/2015
2015049087;1;1;1;2;5;330;10/06/2015
2015049088;1;1;1;1;6;330;11/06/2015
2015049089;1;1;1;1;3;330;12/06/2015
2015049090;1;1;1;1;3;330;16/06/2015
2015049091;1;1;1;1;6;330;13/06/2015
2015049092;1;1;1;1;1;330;16/06/2015
2015049093;1;1;1;1;4;330;17/06/2015
2015049094;1;1;1;1;6;330;18/06/2015
2015049095;5;1;1;1;5;330;18/06/2015
2015049096;1;1;1;1;2;330;20/06/2015
2015049097;1;1;1;1;6;330;23/06/2015
2015049098;1;1;1;1;6;330;23/06/2015
2015049099;1;1;1;1;6;330;24/06/2015
2015049100;1;1;1;1;5;330;24/06/2015
2015049101;1;1;1;1;2;330;25/06/2015
2015049102;1;1;1;1;6;330;25/06/2015
2015049103;1;1;1;1;6;330;27/06/2015
2015049104;1;1;1;1;6;330;30/06/2015
2015049105;1;1;1;1;6;330;02/07/2015
2015049106;1;1;1;1;6;330;04/07/2015
2015049107;1;1;1;1;6;330;04/07/2015
2015049108;1;1;1;1;6;330;04/07/2015
2015049109;1;1;1;1;5;330;06/07/2015
2015049110;1;1;1;1;6;330;06/07/2015
2015049111;1;1;1;1;6;330;07/07/2015
2015049112;1;1;1;1;6;330;10/07/2015
2015049113;1;1;1;1;7;330;11/07/2015
2015049114;1;1;1;1;6;330;15/07/2015
2015049115;1;1;1;1;6;330;15/07/2015
2015049116;1;1;1;1;6;330;18/07/2015
2015049117;1;1;1;1;4;330;23/07/2015
2015049118;1;1;1;1;5;330;23/07/2015
2015049119;1;1;1;1;4;330;25/07/2015
2015049120;1;1;1;1;5;330;27/07/2015
2015049121;1;1;1;1;6;330;30/07/2015
2015049122;1;1;1;2;6;330;31/07/2015
2015049123;1;1;1;1;3;330;31/07/2015
2015049124;1;1;1;1;4;330;01/08/2015
2015049125;1;1;1;2;6;330;04/08/2015
2015049126;1;1;1;1;4;330;04/08/2015
2015049127;1;1;1;1;5;330;05/08/2015
2015049128;1;1;1;1;4;330;06/08/2015
2015049129;1;1;1;1;5;330;07/08/2015
2015049130;1;1;1;1;3;330;07/08/2015
2015049131;1;1;1;2;5;330;09/08/2015
2015049132;3;1;1;1;6;330;10/08/2015
2015049133;1;1;1;7;1;330;11/08/2015
2015049134;1;1;1;2;5;330;14/08/2015
2015049135;1;1;1;1;7;330;20/08/2015
2015049136;5;1;1;1;6;330;23/08/2015
2015049137;1;1;1;1;3;330;23/08/2015
2015049138;1;1;1;1;2;330;25/08/2015
2015049139;1;1;1;1;3;330;26/08/2015
2015049140;1;1;1;1;3;330;27/08/2015
2015049141;1;1;1;1;7;330;27/08/2015
2015049142;1;1;1;1;2;330;09/09/2015
2015049143;1;1;1;1;7;330;11/09/2015
2015049144;1;1;1;1;6;330;11/09/2015
2015049145;5;1;1;3;6;330;12/09/2015
2015049146;3;1;1;1;7;330;12/09/2015
2015049147;1;1;1;2;3;330;14/09/2015
2015049148;1;1;1;2;6;330;14/09/2015
2015049149;1;1;1;8;6;330;14/09/2015
2015049150;1;1;1;2;6;330;14/09/2015
2015049151;1;1;1;3;2;330;15/09/2015
2015049152;1;1;1;8;1;330;16/09/2015
2015049153;5;1;1;1;2;330;17/09/2015
2015049154;1;1;1;2;4;330;17/09/2015
2015049155;1;1;1;2;1;330;17/09/2015
2015049156;3;1;1;1;4;330;17/09/2015
2015049157;3;1;1;2;6;330;19/09/2015
2015049158;5;1;1;2;6;330;19/09/2015
2015049159;2;1;1;2;3;330;22/09/2015
2015049160;5;1;1;1;5;330;23/09/2015
2015049161;1;1;1;1;3;330;25/09/2015
2015049162;1;1;1;1;6;330;27/09/2015
2015049163;1;1;1;1;2;330;29/09/2015
2015049164;1;1;1;1;5;330;29/09/2015
2015049165;1;1;1;1;2;330;29/09/2015
2015049166;2;1;1;1;4;330;30/09/2015
2015049167;1;1;1;1;2;330;30/09/2015
2015049168;1;1;1;1;6;330;01/10/2015
2015049169;1;1;1;1;2;330;01/10/2015
2015049170;1;1;1;1;2;330;02/10/2015
2015049171;5;1;1;3;6;330;03/10/2015
2015049172;5;1;1;2;6;330;05/10/2015
2015049173;5;1;1;1;6;330;06/10/2015
2015049174;1;1;1;1;5;330;06/10/2015
2015049175;1;1;1;2;4;330;07/10/2015
2015049176;1;1;1;1;7;330;09/10/2015
2015049177;2;1;1;1;3;330;08/10/2015
2015049178;3;1;1;1;6;330;09/10/2015
2015049179;1;1;1;1;4;330;12/10/2015
2015049180;1;1;1;1;7;330;13/10/2015
2015049181;2;1;1;1;5;330;14/10/2015
2015049182;1;1;1;1;6;330;15/10/2015
2015049183;1;1;1;1;4;330;16/10/2015
2015049184;1;1;1;1;3;330;16/10/2015
2015049185;3;1;1;1;2;330;19/10/2015
2015049186;1;1;1;1;3;330;20/10/2015
2015049187;1;1;1;1;1;330;20/10/2015
2015049188;1;1;1;2;6;330;22/10/2015
2015049189;1;1;1;1;2;330;22/10/2015
2015049190;1;1;1;1;4;330;23/10/2015
2015049191;1;1;1;1;3;330;26/10/2015
2015049192;1;1;1;1;4;330;26/10/2015
2015049193;2;1;1;1;4;330;26/10/2015
2015049194;1;1;1;1;6;330;27/10/2015
2015049195;1;1;1;1;2;330;27/10/2015
2015049196;1;1;1;2;4;330;27/10/2015
2015049197;5;1;1;1;7;330;28/10/2015
2015049198;5;1;1;1;6;330;28/10/2015
2015049199;3;1;1;1;2;330;31/10/2015
2015049200;5;1;1;1;6;330;31/10/2015
2015049201;5;1;1;1;6;330;01/11/2015
2015049202;3;1;1;1;6;330;02/11/2015
2015049203;1;1;1;1;4;330;02/11/2015
2015049204;1;1;1;1;5;330;02/11/2015
2015049205;3;1;1;1;6;330;04/11/2015
2015049206;3;1;1;1;2;330;06/11/2015
2015049207;2;1;1;1;4;330;08/11/2015
2015049208;5;1;1;1;6;330;09/11/2015
2015049209;5;1;1;1;3;330;08/11/2015
2015049210;3;1;1;1;2;330;11/11/2015
2015049211;1;1;1;1;5;330;12/11/2015
2015049212;1;1;1;2;6;330;13/11/2015
2015049213;1;1;1;2;6;330;13/11/2015
2015049214;5;1;1;2;3;330;13/11/2015
2015049215;5;1;1;2;2;330;13/11/2015
2015049216;1;1;1;1;7;330;14/11/2015
2015049217;3;1;1;1;6;330;16/11/2015
2015049218;3;1;1;1;7;330;16/11/2015
2015049219;2;1;1;2;3;330;18/11/2015
2015049220;2;1;1;2;3;330;19/11/2015
2015049221;1;1;1;2;7;330;19/11/2015
2015049222;1;1;1;8;3;330;20/11/2015
2015049223;1;1;1;2;6;330;21/11/2015
2015049224;5;1;1;2;6;330;25/11/2015
2015049225;5;1;1;2;6;330;26/11/2015
2015049226;1;1;1;8;1;330;26/11/2015
2015049227;4;1;1;1;5;330;26/11/2015
2015049228;2;1;1;1;6;330;29/11/2015
2015049229;5;1;1;2;6;330;29/11/2015
2015049230;1;1;1;1;3;330;30/11/2015
2015049231;1;1;1;1;3;330;30/11/2015
2015049232;3;1;1;5;2;330;01/12/2015
2015049233;1;1;1;5;5;330;01/12/2015
2015049234;1;1;1;5;1;330;03/12/2015
2015049235;1;1;1;1;5;330;05/12/2015
2015049236;5;1;1;1;5;330;07/12/2015
2015049237;2;1;1;1;3;330;07/12/2015
2015049238;1;1;1;1;6;330;07/12/2015
2015049239;3;1;1;1;6;330;08/12/2015
2015049240;1;1;1;1;3;330;10/12/2015
2015049241;1;1;1;1;4;330;10/12/2015
2015049242;3;1;1;1;1;330;10/12/2015
2015049243;5;1;1;1;3;330;10/12/2015
2015049244;3;1;1;1;7;330;10/12/2015
2015049245;5;1;1;1;3;330;11/12/2015
2015049246;1;1;1;1;4;330;12/12/2015
2015049247;2;1;1;1;6;330;12/12/2015
2015049248;1;1;1;1;6;330;13/12/2015
2015049249;1;1;1;1;2;330;14/12/2015
2015049250;1;1;1;1;2;330;16/12/2015
2015049251;5;1;1;1;4;330;17/12/2015
2015049252;1;1;1;1;2;330;17/12/2015
2015049253;1;1;1;1;4;330;17/12/2015
2015049254;4;1;1;1;2;330;17/12/2015
2015049255;3;1;1;1;4;330;10/12/2015
2015049256;1;1;1;1;3;330;18/12/2015
2015049257;5;1;1;1;2;330;18/12/2015
2015049258;1;1;1;1;6;330;19/12/2015
2015049259;3;1;1;2;6;330;20/12/2015
2015049260;2;2;1;1;6;690;01/01/2015
2015049261;5;2;1;1;1;690;11/01/2015
2015049262;1;2;1;1;3;690;13/01/2015
2015049263;5;2;1;3;6;690;16/01/2015
2015049264;5;2;1;2;3;690;19/01/2015
2015049265;1;2;1;1;6;690;22/01/2015
2015049266;5;2;1;2;2;690;27/01/2015
2015049267;5;1;1;2;7;690;28/01/2015
2015049268;5;2;9;1;7;690;02/02/2015
2015049269;1;2;1;1;3;690;04/02/2015
2015049270;1;2;1;4;3;690;05/02/2015
2015049271;1;2;1;1;1;690;13/02/2015
2015049272;1;2;1;2;6;690;02/03/2015
2015049273;1;2;1;1;6;690;06/03/2015
2015049274;1;2;2;1;3;690;08/03/2015
2015049275;1;2;2;1;3;690;12/03/2015
2015049276;3;1;1;1;3;670;01/01/2015
2015049277;1;1;1;8;3;670;31/12/2015
2015049278;1;1;1;1;2;670;07/01/2015
2015049279;3;1;1;1;4;670;31/12/2015
2015049280;1;1;1;1;5;670;12/01/2015
2015049281;3;1;1;2;4;670;16/12/2015
2015049282;1;1;1;1;3;670;15/01/2015
2015049283;3;1;1;2;4;670;10/03/2015
2015049284;1;1;1;1;4;670;15/03/2015
2015049285;4;1;1;8;2;670;26/03/2015
2015049286;3;1;1;1;6;670;08/04/2015
2015049287;1;1;1;1;4;670;21/05/2015
2015049288;1;1;1;1;4;670;28/05/2015
2015049289;1;1;1;1;2;670;04/06/2015
2015049290;1;1;1;1;3;670;12/05/2015
2015049291;1;1;1;1;5;670;01/06/2015
2015049292;1;1;1;1;2;670;11/06/2015
2015049293;1;1;1;2;6;670;18/06/2015
2015049294;1;1;1;1;3;670;22/06/2015
2015049295;1;1;1;1;4;670;01/07/2015
2015049296;1;1;1;1;4;670;08/07/2015
2015049297;1;1;1;1;3;670;08/07/2015
2015049298;1;1;1;1;6;670;19/07/2015
2015049299;1;1;1;1;2;670;13/08/2015
2015049300;1;1;1;1;4;670;16/08/2015
2015049301;1;1;1;1;4;670;18/08/2015
2015049302;1;1;1;2;3;670;01/09/2015
2015049303;1;1;1;1;2;670;03/09/2015
2015049304;1;1;1;1;5;670;08/09/2015
2015049305;1;1;1;1;2;670;27/08/2015
2015049306;1;1;1;3;7;670;17/09/2015
2015049307;1;1;1;1;3;670;01/10/2015
2015049308;1;1;1;1;2;670;02/10/2015
2015049309;1;1;1;1;4;670;07/10/2015
2015049310;2;1;1;1;2;670;06/10/2015
2015049311;1;1;1;1;6;670;09/10/2015
2015049312;3;1;1;1;3;670;24/09/2015
2015049313;1;1;1;1;2;670;13/10/2015
2015049314;2;1;1;1;4;670;19/10/2015
2015049315;3;1;1;1;3;670;22/10/2015
2015049316;1;1;1;1;4;670;26/10/2015
2015049317;1;1;1;8;6;670;29/10/2015
2015049318;1;1;1;1;2;670;04/11/2015
2015049319;1;1;1;1;3;670;03/11/2015
2015049320;1;1;1;1;2;670;19/11/2015
2015049321;3;1;1;8;4;670;24/11/2015
2015049322;1;1;1;1;3;670;03/12/2015
2015049323;1;1;1;1;3;670;08/12/2015
2015049324;2;1;1;1;2;670;14/12/2015
2015049325;1;1;1;1;6;670;12/12/2015
2015049326;3;1;1;1;4;670;05/12/2015
2015049327;4;1;1;1;4;670;16/12/2015
2015049328;1;1;1;1;2;670;07/11/2015
2015049329;5;1;1;1;6;540;08/01/2015
2015049330;2;1;1;1;4;540;16/01/2015
2015049331;1;1;1;1;4;540;24/02/2015
2015049332;1;1;1;1;2;540;07/03/2015
2015049333;2;1;1;1;6;540;16/04/2015
2015049334;3;1;1;1;2;540;10/04/2015
2015049335;1;1;1;1;3;540;20/04/2015
2015049336;3;1;1;1;6;540;14/04/2015
2015049337;1;1;1;1;2;540;07/05/2015
2015049338;1;1;1;2;2;540;14/05/2015
2015049339;3;1;1;1;5;540;10/05/2015
2015049340;3;1;1;1;7;540;04/06/2015
2015049341;1;1;1;1;5;540;15/05/2015
2015049342;3;1;1;1;7;540;26/06/2015
2015049343;1;1;1;1;3;540;01/07/2015
2015049344;2;1;1;1;2;540;05/07/2015
2015049345;1;1;1;1;2;540;15/07/2015
2015049346;1;1;1;1;7;540;30/07/2015
2015049347;3;1;1;1;7;540;31/07/2015
2015049348;2;1;1;1;2;540;30/08/2015
2015049349;1;1;9;1;6;540;26/08/2015
2015049350;3;1;1;3;6;540;16/09/2015
2015049351;1;1;1;1;3;540;07/09/2015
2015049352;1;1;1;1;2;540;24/09/2015
2015049353;1;1;1;1;6;540;21/09/2015
2015049354;1;1;1;7;2;540;14/09/2015
2015049355;1;1;1;1;4;540;29/09/2015
2015049356;4;1;1;1;6;540;20/10/2015
2015049357;1;1;1;2;2;540;22/10/2015
2015049358;1;1;1;3;4;540;23/11/2015
2015049359;5;1;1;1;2;540;23/11/2015
2015049360;1;1;1;1;4;540;04/12/2015
2015049361;3;1;1;1;4;540;13/11/2015
2015049362;3;1;1;1;4;540;04/12/2015
2015049363;4;1;1;2;7;570;02/01/2015
2015049364;1;1;1;1;2;570;22/12/2015
2015049365;3;1;1;1;3;570;13/01/2015
2015049366;2;1;1;1;4;570;20/01/2015
2015049367;3;1;1;1;7;570;05/02/2015
2015049368;3;1;1;1;1;570;15/02/2015
2015049369;1;1;1;1;1;570;21/02/2015
2015049370;2;1;1;1;4;570;12/03/2015
2015049371;3;1;1;1;2;570;27/03/2015
2015049372;1;1;1;1;4;570;01/04/2015
2015049373;1;1;1;1;3;570;19/03/2015
2015049374;3;1;1;1;2;570;25/04/2015
2015049375;1;1;1;2;2;570;03/05/2015