num_acc;lum;agg;inter;atm;col;dep;date
2015049376;1;1;1;1;5;570;05/05/2015
2015049377;1;1;1;1;7;570;08/05/2015
2015049378;1;1;1;1;2;570;07/05/2015
2015049379;1;1;1;1;3;570;13/05/2015
2015049380;1;1;1;1;4;570;19/05/2015
2015049381;1;1;1;1;2;570;17/06/2015
2015049382;1;1;1;1;3;570;19/06/2015
2015049383;1;1;1;1;4;570;24/06/2015
2015049384;3;1;1;1;2;570;28/06/2015
2015049385;3;1;1;1;2;570;02/07/2015
2015049386;3;1;1;1;2;570;05/07/2015
2015049387;1;1;1;1;2;570;13/07/2015
2015049388;1;1;1;1;7;570;11/07/2015
2015049389;1;1;1;1;6;570;28/07/2015
2015049390;1;1;1;1;2;570;31/07/2015
2015049391;3;1;1;1;7;570;15/09/2015
2015049392;1;1;1;2;7;570;22/09/2015
2015049393;3;1;1;1;5;570;04/10/2015
2015049394;3;1;1;1;7;570;05/10/2015
2015049395;1;1;1;1;3;570;26/10/2015
2015049396;2;1;1;3;2;570;28/10/2015
2015049397;3;1;1;1;1;570;02/11/2015
2015049398;3;1;1;5;3;570;04/11/2015
2015049399;1;1;1;1;2;570;12/11/2015
2015049400;3;1;1;3;2;570;17/11/2015
2015049401;1;1;1;1;4;570;28/11/2015
2015049402;1;1;1;1;4;570;08/12/2015
2015049403;1;1;1;5;5;570;08/12/2015
2015049404;3;1;1;2;3;570;12/12/2015
2015049405;1;1;1;1;6;570;13/12/2015
2015049406;3;1;1;1;6;570;29/12/2015
2015049407;1;2;1;1;6;690;09/01/2015
2015049408;5;2;2;1;3;690;14/01/2015
2015049409;1;2;1;2;7;690;21/01/2015
2015049410;5;2;1;8;3;690;24/01/2015
2015049411;1;2;1;4;2;690;24/01/2015
2015049412;5;2;2;1;3;690;27/01/2015
2015049413;5;2;2;1;3;690;27/01/2015
2015049414;5;2;2;1;3;690;31/01/2015
2015049415;1;2;1;1;3;690;05/02/2015
2015049416;1;2;1;1;6;690;02/02/2015
2015049417;1;2;2;8;3;690;04/02/2015
2015049418;1;2;1;1;3;690;06/02/2015
2015049419;1;2;1;1;6;690;11/02/2015
2015049420;5;2;1;1;6;690;18/02/2015
2015049421;1;2;1;1;2;690;17/02/2015
2015049422;5;2;2;1;6;690;17/02/2015
2015049423;1;2;2;1;3;690;17/02/2015
2015049424;5;2;2;1;3;690;21/02/2015
2015049425;1;2;1;1;3;690;20/02/2015
2015049426;1;2;4;1;3;690;25/02/2015
2015049427;5;2;1;2;4;690;01/03/2015
2015049428;1;2;1;1;3;690;02/03/2015
2015049429;2;2;1;1;7;690;04/03/2015
2015049430;1;2;2;1;3;690;06/03/2015
2015049431;1;2;1;1;6;690;12/03/2015
2015049432;1;2;1;1;2;690;02/03/2015
2015049433;5;2;2;1;6;690;06/03/2015
2015049434;1;2;3;1;3;690;13/03/2015
2015049435;1;2;3;1;3;690;14/03/2015
2015049436;1;2;1;1;2;690;06/01/2015
2015049437;5;2;1;1;6;690;07/01/2015
2015049438;1;2;1;1;6;690;10/01/2015
2015049439;5;2;2;2;3;690;16/01/2015
2015049440;5;2;1;2;2;690;18/01/2015
2015049441;5;2;1;3;6;690;16/01/2015
2015049442;1;2;3;2;6;690;19/01/2015
2015049443;5;2;2;2;3;690;22/01/2015
2015049444;5;2;1;2;3;690;21/01/2015
2015049445;1;2;1;1;6;690;23/01/2015
2015049446;5;2;1;1;3;690;30/01/2015
2015049447;5;2;1;2;4;690;01/02/2015
2015049448;1;2;1;1;6;690;05/02/2015
2015049449;5;2;2;2;3;690;28/01/2015
2015049450;1;2;1;1;6;690;03/02/2015
2015049451;1;2;1;1;2;690;05/02/2015
2015049452;2;2;1;1;2;690;10/02/2015
2015049453;5;2;1;1;6;690;11/02/2015
2015049454;5;2;1;1;6;690;15/02/2015
2015049455;1;2;2;1;3;690;20/02/2015
2015049456;1;2;1;1;6;690;20/02/2015
2015049457;1;2;2;1;3;690;23/02/2015
2015049458;2;2;1;2;4;690;21/02/2015
2015049459;1;2;1;1;2;690;24/02/2015
2015049460;1;2;1;1;3;690;26/02/2015
2015049461;5;2;1;1;2;690;28/02/2015
2015049462;5;2;2;1;3;690;04/03/2015
2015049463;1;2;1;1;6;690;05/03/2015
2015049464;1;2;1;1;6;690;13/03/2015
2015049465;1;2;2;1;6;690;13/03/2015
2015049466;2;1;1;1;4;420;26/12/2015
2015049467;1;1;1;3;4;420;19/01/2015
2015049468;1;1;1;2;1;420;19/01/2015
2015049469;1;1;1;8;2;420;31/01/2015
2015049470;1;1;1;1;6;420;12/02/2015
2015049471;1;1;9;4;6;420;15/02/2015
2015049472;3;1;1;1;2;420;20/02/2015
2015049473;3;1;1;1;2;420;05/03/2015
2015049474;3;1;1;1;3;420;06/03/2015
2015049475;1;1;1;1;2;420;06/04/2015
2015049476;1;1;1;1;4;420;10/04/2015
2015049477;3;1;1;1;2;420;18/04/2015
2015049478;1;1;1;2;2;420;27/04/2015
2015049479;1;1;1;1;4;420;02/05/2015
2015049480;1;1;1;1;3;690;09/05/2015
2015049481;1;1;1;1;2;420;12/05/2015
2015049482;1;1;1;1;6;420;14/05/2015
2015049483;2;1;1;3;4;420;14/05/2015
2015049484;1;1;1;1;2;420;28/05/2015
2015049485;3;1;1;1;6;420;08/06/2015
2015049486;1;1;1;1;4;420;05/06/2015
2015049487;2;1;1;1;5;690;10/06/2015
2015049488;2;1;1;1;6;420;13/06/2015
2015049489;2;1;1;2;6;420;18/07/2015
2015049490;1;1;1;1;2;420;25/07/2015
2015049491;1;1;1;1;6;420;04/08/2015
2015049492;1;1;1;1;6;420;22/08/2015
2015049493;1;1;1;1;2;420;02/09/2015
2015049494;1;1;1;1;2;420;01/09/2015
2015049495;3;1;1;1;6;420;06/09/2015
2015049496;3;1;1;1;3;690;09/09/2015
2015049497;1;1;1;1;2;420;21/10/2015
2015049498;3;1;1;1;2;690;30/10/2015
2015049499;5;1;1;1;2;420;03/11/2015
2015049500;1;1;1;1;2;420;04/11/2015
2015049501;1;1;1;1;4;420;07/11/2015
2015049502;1;1;1;1;2;420;19/11/2015
2015049503;3;1;1;2;6;420;25/11/2015
2015049504;1;1;1;1;3;420;14/12/2015
2015049505;3;1;1;2;5;420;25/11/2015
2015049506;1;1;1;1;6;420;18/12/2015
2015049507;3;1;1;1;1;690;27/12/2015
2015049508;1;1;1;1;2;420;16/12/2015
2015049509;3;1;1;1;3;420;27/12/2015
2015049510;1;1;1;1;6;420;29/12/2015
2015049511;1;1;1;2;6;690;21/12/2015
2015049512;5;1;1;3;5;690;22/11/2015
2015049513;3;1;1;2;7;380;04/01/2015
2015049514;5;1;1;1;6;10;04/01/2015
2015049515;3;1;1;1;2;690;05/01/2015
2015049516;3;1;1;1;6;690;07/01/2015
2015049517;1;1;1;1;2;690;07/01/2015
2015049518;1;1;1;1;2;690;08/01/2015
2015049519;1;1;1;8;3;690;11/01/2015
2015049520;1;1;1;1;5;690;13/01/2015
2015049521;1;1;1;1;6;690;14/01/2015
2015049522;1;1;1;3;3;690;16/01/2015
2015049523;1;1;1;1;6;690;14/01/2015
2015049524;1;1;1;1;6;690;14/01/2015
2015049525;1;1;1;2;7;690;19/01/2015
2015049526;3;1;1;3;7;690;19/01/2015
2015049527;5;1;1;2;4;690;19/01/2015
2015049528;1;1;1;2;2;690;16/01/2015
2015049529;5;1;1;2;7;690;22/01/2015
2015049530;1;1;1;1;3;690;22/01/2015
2015049531;1;1;1;1;6;10;22/01/2015
2015049532;1;1;1;2;7;690;21/01/2015
2015049533;2;1;1;1;4;690;24/01/2015
2015049534;1;1;1;1;6;690;25/01/2015
2015049535;4;1;1;1;5;690;20/01/2015
2015049536;1;1;1;2;7;690;27/01/2015
2015049537;1;1;1;1;7;690;27/01/2015
2015049538;1;1;1;2;7;690;29/01/2015
2015049539;1;1;1;3;7;690;29/01/2015
2015049540;1;1;1;2;7;690;31/01/2015
2015049541;3;1;1;2;6;380;02/02/2015
2015049542;1;1;1;1;4;690;30/01/2015
2015049543;1;1;1;1;2;690;03/02/2015
2015049544;3;1;1;1;4;690;06/02/2015
2015049545;5;1;1;1;6;690;08/02/2015
2015049546;1;1;1;1;7;690;09/02/2015
2015049547;3;1;1;1;2;690;07/02/2015
2015049548;3;1;1;1;7;690;10/02/2015
2015049549;4;1;1;1;2;690;11/02/2015
2015049550;1;1;1;1;2;690;07/02/2015
2015049551;5;1;1;1;2;690;08/02/2015
2015049552;1;1;1;1;4;690;05/02/2015
2015049553;1;1;1;1;4;690;17/02/2015
2015049554;3;1;1;1;2;690;18/02/2015
2015049555;3;1;1;1;5;380;22/02/2015
2015049556;3;1;1;1;2;10;20/02/2015
2015049557;1;1;1;1;2;690;23/02/2015
2015049558;1;1;1;3;6;690;21/02/2015
2015049559;2;1;1;1;2;690;24/02/2015
2015049560;1;1;1;1;6;690;23/02/2015
2015049561;1;1;1;2;7;690;27/02/2015
2015049562;2;1;1;1;4;380;20/02/2015
2015049563;1;1;1;1;7;690;01/03/2015
2015049564;1;1;1;2;6;690;01/03/2015
2015049565;1;1;1;2;3;690;27/02/2015
2015049566;1;1;1;1;3;690;02/03/2015
2015049567;3;1;1;1;2;690;02/03/2015
2015049568;1;1;1;1;2;690;02/03/2015
2015049569;1;1;1;1;4;690;03/03/2015
2015049570;1;1;1;1;5;690;06/03/2015
2015049571;1;1;1;1;2;690;06/03/2015
2015049572;1;1;1;1;3;690;07/03/2015
2015049573;3;1;1;1;5;690;07/03/2015
2015049574;3;1;1;1;6;10;07/03/2015
2015049575;5;1;1;1;7;690;08/03/2015
2015049576;1;1;1;8;2;690;11/03/2015
2015049577;1;1;1;1;7;690;12/03/2015
2015049578;1;1;1;1;5;690;14/03/2015
2015049579;1;1;1;1;7;690;14/03/2015
2015049580;5;1;1;1;2;690;13/03/2015
2015049581;1;1;1;1;6;690;18/03/2015
2015049582;1;1;1;1;6;690;18/03/2015
2015049583;3;1;1;1;2;690;10/03/2015
2015049584;3;1;1;1;6;690;15/03/2015
2015049585;1;1;1;1;3;690;20/03/2015
2015049586;5;1;1;2;7;690;21/03/2015
2015049587;3;1;1;1;5;690;21/03/2015
2015049588;1;1;1;2;7;10;22/03/2015
2015049589;5;1;1;1;4;690;23/03/2015
2015049590;3;1;1;2;4;690;29/03/2015
2015049591;2;1;1;1;2;690;20/03/2015
2015049592;2;1;1;8;7;690;27/03/2015
2015049593;1;1;1;1;5;690;30/03/2015
2015049594;1;1;1;1;6;690;30/03/2015
2015049595;1;1;1;2;6;690;30/03/2015
2015049596;1;1;4;2;5;690;29/03/2015
2015049597;1;1;1;1;6;690;18/03/2015
2015049598;1;1;1;1;2;690;03/04/2015
2015049599;3;1;1;2;7;690;04/04/2015
2015049600;1;1;1;1;4;690;06/04/2015
2015049601;1;1;1;1;2;690;07/04/2015
2015049602;1;1;1;1;2;690;07/04/2015
2015049603;1;1;1;1;4;690;07/04/2015
2015049604;1;1;1;1;2;690;08/04/2015
2015049605;1;1;1;1;2;690;10/04/2015
2015049606;1;1;1;1;2;690;10/04/2015
2015049607;1;1;1;1;2;690;15/04/2015
2015049608;5;1;1;2;6;380;17/04/2015
2015049609;2;1;1;8;4;690;18/04/2015
2015049610;1;1;1;1;5;690;19/04/2015
2015049611;3;1;1;1;6;690;19/04/2015
2015049612;2;1;1;1;6;10;20/04/2015
2015049613;3;1;1;1;3;690;20/04/2015
2015049614;1;1;1;1;4;690;21/04/2015
2015049615;1;1;1;1;4;690;21/04/2015
2015049616;1;1;1;1;3;690;21/04/2015
2015049617;1;1;1;1;5;690;23/04/2015
2015049618;1;1;1;1;6;690;20/04/2015
2015049619;1;1;1;1;2;690;20/04/2015
2015049620;1;1;1;1;6;10;25/04/2015
2015049621;1;1;1;1;1;690;22/04/2015
2015049622;3;1;1;2;6;690;25/04/2015
2015049623;1;1;1;2;2;690;25/04/2015
2015049624;1;1;1;2;7;690;25/04/2015
2015049625;3;1;1;1;3;690;16/04/2015
2015049626;2;1;1;8;3;690;27/04/2015
2015049627;1;1;1;1;4;380;17/04/2015
2015049628;1;1;1;1;2;690;27/04/2015
2015049629;1;1;1;1;6;10;27/04/2015
2015049630;1;1;1;1;6;690;09/04/2015
2015049631;1;1;1;1;3;690;02/05/2015
2015049632;1;1;1;3;6;10;01/05/2015
2015049633;1;1;1;2;7;690;02/05/2015
2015049634;4;1;1;2;2;690;03/05/2015
2015049635;1;1;1;1;3;10;29/04/2015
2015049636;1;1;1;1;3;690;30/04/2015
2015049637;1;1;1;1;2;690;04/05/2015
2015049638;1;1;1;1;1;380;08/05/2015
2015049639;1;1;1;2;6;690;08/05/2015
2015049640;1;1;1;1;7;690;12/05/2015
2015049641;5;1;1;1;2;690;12/05/2015
2015049642;1;1;1;1;3;690;04/05/2015
2015049643;1;1;1;1;4;690;13/05/2015
2015049644;2;1;1;3;6;10;14/05/2015
2015049645;1;1;1;1;4;690;14/05/2015
2015049646;1;1;1;1;3;690;12/05/2015
2015049647;1;1;1;2;6;690;15/05/2015
2015049648;1;1;1;1;7;690;30/04/2015
2015049649;3;1;1;1;7;10;18/05/2015
2015049650;1;1;1;1;4;380;18/05/2015
2015049651;1;1;1;1;3;690;20/05/2015
2015049652;5;1;1;1;6;690;21/05/2015
2015049653;1;1;1;1;7;690;16/05/2015
2015049654;5;1;1;1;7;690;23/05/2015
2015049655;1;1;1;2;2;690;20/05/2015
2015049656;1;1;1;1;2;690;27/05/2015
2015049657;1;1;1;1;7;690;29/05/2015
2015049658;1;1;1;1;2;690;29/05/2015
2015049659;1;1;1;1;5;10;31/05/2015
2015049660;1;1;1;1;2;690;02/06/2015
2015049661;1;1;1;1;3;690;31/05/2015
2015049662;1;1;1;1;6;690;01/06/2015
2015049663;5;1;1;1;6;690;05/06/2015
2015049664;1;1;1;1;2;690;04/06/2015
2015049665;1;1;1;1;3;690;04/06/2015
2015049666;1;1;9;1;3;690;04/06/2015
2015049667;1;1;1;1;4;690;03/06/2015
2015049668;1;1;1;1;6;690;06/06/2015
2015049669;1;1;1;1;2;690;07/06/2015
2015049670;3;1;1;2;6;690;07/06/2015
2015049671;1;1;1;1;7;690;26/06/2015
2015049672;1;1;1;1;7;690;07/06/2015
2015049673;1;1;1;1;4;690;05/06/2015
2015049674;1;1;1;1;3;690;04/06/2015
2015049675;1;1;1;1;3;690;08/06/2015
2015049676;1;1;1;1;2;690;11/06/2015
2015049677;1;1;9;1;6;690;25/04/2015
2015049678;5;1;1;2;2;690;13/06/2015
2015049679;1;1;1;1;2;690;07/04/2015
2015049680;1;1;1;1;5;690;13/06/2015
2015049681;2;1;1;2;7;690;14/06/2015
2015049682;1;1;1;1;3;690;03/06/2015
2015049683;1;1;1;8;3;690;15/06/2015
2015049684;1;1;1;1;4;690;11/06/2015
2015049685;1;1;1;1;7;690;13/06/2015
2015049686;1;1;1;2;6;690;16/06/2015
2015049687;1;1;1;1;4;690;15/06/2015
2015049688;1;1;1;1;7;690;19/06/2015
2015049689;1;1;1;1;4;690;20/06/2015
2015049690;5;1;1;1;3;690;21/06/2015
2015049691;1;1;1;1;6;690;22/06/2015
2015049692;1;1;1;1;2;690;19/06/2015
2015049693;1;1;1;2;3;690;22/07/2015
2015049694;1;1;1;1;6;690;25/06/2015
2015049695;1;1;1;1;2;690;24/06/2015
2015049696;1;1;1;1;2;690;25/06/2015
2015049697;1;1;1;1;5;690;26/06/2015
2015049698;1;1;1;1;4;10;26/06/2015
2015049699;3;1;1;1;7;690;30/06/2015
2015049700;1;1;1;1;6;10;26/06/2015
2015049701;3;1;1;1;7;690;03/07/2015
2015049702;1;1;1;1;3;690;01/07/2015
2015049703;1;1;1;1;4;690;06/07/2015
2015049704;1;1;1;1;2;690;06/07/2015
2015049705;1;1;1;1;4;690;03/07/2015
2015049706;1;1;1;1;6;380;06/07/2015
2015049707;1;1;1;1;6;690;04/07/2015
2015049708;1;1;4;1;5;690;30/06/2015
2015049709;1;1;1;1;4;690;07/07/2015
2015049710;1;1;1;1;2;690;19/06/2015
2015049711;1;1;1;1;2;690;15/07/2015
2015049712;1;1;1;1;7;690;12/07/2015
2015049713;1;1;1;3;6;690;18/07/2015
2015049714;1;1;1;1;6;690;19/07/2015
2015049715;1;1;9;1;2;690;22/07/2015
2015049716;1;1;1;1;3;690;23/07/2015
2015049717;1;1;1;1;5;10;21/07/2015
2015049718;1;1;1;1;2;690;21/07/2015
2015049719;1;1;1;1;3;690;23/07/2015
2015049720;1;1;1;1;4;690;30/07/2015
2015049721;1;1;1;3;2;10;24/07/2015
2015049722;1;1;1;1;6;690;31/07/2015
2015049723;4;1;1;1;3;690;22/07/2015
2015049724;1;1;1;1;3;690;08/08/2015
2015049725;1;1;1;1;3;690;12/08/2015
2015049726;1;1;1;1;6;380;13/08/2015
2015049727;1;1;1;2;4;690;13/08/2015
2015049728;3;1;1;2;6;10;09/08/2015
2015049729;1;1;1;2;7;690;18/07/2015
2015049730;1;1;1;1;5;690;17/08/2015
2015049731;5;1;1;1;2;380;10/07/2015
2015049732;1;1;1;1;2;690;06/08/2015
2015049733;1;1;1;1;7;690;19/08/2015
2015049734;3;1;1;1;4;690;20/08/2015
2015049735;1;1;1;1;3;690;22/08/2015
2015049736;1;1;1;2;7;690;23/08/2015
2015049737;1;1;1;1;7;690;24/08/2015
2015049738;1;1;1;1;6;690;23/08/2015
2015049739;3;1;1;1;7;690;24/08/2015
2015049740;1;1;1;1;3;690;25/08/2015
2015049741;1;1;1;1;1;690;22/07/2015
2015049742;1;1;1;1;5;690;28/08/2015
2015049743;5;1;1;1;1;690;29/08/2015
2015049744;5;1;1;1;2;690;27/08/2015
2015049745;5;1;1;1;7;690;30/08/2015
2015049746;1;1;1;1;3;690;28/08/2015
2015049747;1;1;1;2;2;690;14/08/2015
2015049748;1;1;1;1;2;690;27/08/2015
2015049749;1;1;1;1;2;690;28/08/2015
2015049750;3;1;1;1;6;690;31/08/2015
2015049751;4;1;1;1;6;10;01/09/2015
2015049752;4;1;1;1;2;690;05/09/2015
2015049753;4;1;1;1;2;690;06/09/2015
2015049754;1;1;1;1;2;690;23/07/2015
2015049755;1;1;1;1;1;690;04/09/2015
2015049756;1;1;1;1;7;690;11/09/2015
2015049757;3;1;9;3;3;690;12/09/2015
2015049758;4;1;1;3;7;690;12/09/2015
2015049759;3;1;1;3;3;690;14/09/2015
2015049760;3;1;1;3;2;690;14/09/2015
2015049761;5;1;1;2;6;690;14/09/2015
2015049762;1;1;1;2;7;690;05/10/2015
2015049763;3;1;1;6;5;690;16/09/2015
2015049764;3;1;1;2;2;10;18/09/2015
2015049765;1;1;1;9;2;690;18/09/2015
2015049766;1;1;1;1;3;690;15/09/2015
2015049767;5;1;1;1;1;690;19/09/2015
2015049768;1;1;1;2;6;690;17/09/2015
2015049769;1;1;1;1;3;380;20/09/2015
2015049770;1;1;1;1;5;690;04/09/2015
2015049771;1;1;1;1;2;690;18/09/2015
2015049772;1;1;1;1;2;690;07/07/2015
2015049773;1;1;1;1;2;690;17/09/2015
2015049774;4;1;1;8;6;690;04/10/2015
2015049775;1;1;1;1;7;380;25/09/2015
2015049776;1;1;1;1;3;690;26/09/2015
2015049777;5;1;1;1;7;690;27/09/2015
2015049778;1;1;1;1;2;690;18/09/2015
2015049779;2;1;1;1;7;690;28/09/2015
2015049780;1;1;1;1;4;690;01/10/2015
2015049781;1;1;1;1;5;690;29/09/2015
2015049782;1;1;1;1;4;690;23/09/2015
2015049783;5;1;1;3;4;690;03/10/2015
2015049784;1;1;1;1;4;690;08/10/2015
2015049785;4;1;1;1;4;690;09/10/2015
2015049786;5;1;1;1;6;690;11/10/2015
2015049787;1;1;1;1;5;690;12/10/2015
2015049788;1;1;1;1;4;690;29/09/2015
2015049789;1;1;1;1;7;690;10/10/2015
2015049790;2;1;1;1;4;690;16/10/2015
2015049791;1;1;1;1;1;690;24/10/2015
2015049792;3;1;1;1;4;690;08/10/2015
2015049793;1;1;1;1;5;690;23/10/2015
2015049794;5;1;1;1;4;690;26/10/2015
2015049795;3;1;1;1;3;10;26/10/2015
2015049796;1;1;1;1;5;690;23/10/2015
2015049797;1;1;1;1;5;690;23/10/2015
2015049798;5;1;1;1;6;690;29/10/2015
2015049799;1;1;1;1;7;690;28/10/2015
2015049800;1;1;1;1;3;690;12/10/2015
2015049801;1;1;1;1;2;690;31/10/2015
2015049802;5;1;1;1;4;690;02/11/2015
2015049803;3;1;1;1;2;690;04/11/2015
2015049804;3;1;1;1;4;690;06/11/2015
2015049805;1;1;1;1;3;690;13/11/2015
2015049806;5;1;1;5;4;690;05/11/2015
2015049807;3;1;1;1;4;690;13/11/2015
2015049808;5;1;1;1;2;690;15/11/2015
2015049809;1;1;1;1;6;690;07/10/2015
2015049810;3;1;1;3;2;690;21/11/2015
2015049811;1;1;1;2;7;690;21/11/2015
2015049812;1;1;9;8;1;10;22/11/2015
2015049813;2;1;1;1;6;380;23/11/2015
2015049814;3;1;1;1;7;690;16/11/2015
2015049815;3;1;1;2;4;690;22/11/2015
2015049816;1;1;1;1;7;10;25/11/2015
2015049817;1;1;1;2;6;10;25/11/2015
2015049818;3;1;1;1;3;690;26/11/2015
2015049819;1;1;1;1;4;690;05/12/2015
2015049820;5;1;1;1;2;690;06/12/2015
2015049821;1;1;1;1;3;690;08/12/2015
2015049822;4;1;9;1;7;690;11/12/2015
2015049823;3;1;1;1;4;690;13/12/2015
2015049824;4;1;1;1;3;690;13/12/2015
2015049825;1;1;1;1;7;690;07/12/2015
2015049826;1;1;1;1;7;690;15/12/2015
2015049827;3;1;1;1;6;10;16/12/2015
2015049828;3;1;1;1;7;690;12/12/2015
2015049829;5;1;1;1;4;690;17/12/2015
2015049830;1;1;1;1;2;690;18/12/2015
2015049831;1;1;1;1;1;690;16/12/2015
2015049832;5;1;1;1;2;690;23/12/2015
2015049833;1;1;1;1;4;690;27/12/2015
2015049834;5;2;1;1;6;690;05/01/2015
2015049835;1;2;1;1;3;690;06/01/2015
2015049836;1;2;2;1;3;690;09/01/2015
2015049837;1;2;1;1;6;690;13/01/2015
2015049838;1;2;1;1;3;690;28/01/2015
2015049839;1;2;1;3;6;690;29/01/2015
2015049840;1;2;1;1;6;690;04/02/2015
2015049841;5;2;1;1;6;690;10/02/2015
2015049842;1;2;1;1;3;690;19/02/2015
2015049843;1;2;1;1;6;690;26/02/2015
2015049844;1;2;1;1;2;690;28/02/2015
2015049845;1;2;1;1;3;690;10/03/2015
2015049846;1;2;2;1;3;690;11/03/2015
2015049847;1;2;1;1;3;690;11/03/2015
2015049848;1;2;1;8;6;690;14/03/2015
2015049849;1;1;1;1;5;830;02/01/2015
2015049850;1;1;1;1;4;830;07/01/2015
2015049851;3;1;1;1;7;830;13/01/2015
2015049852;3;1;1;1;2;830;17/01/2015
2015049853;1;1;1;2;7;830;20/01/2015
2015049854;1;1;1;2;4;830;20/01/2015
2015049855;1;1;1;1;4;830;22/01/2015
2015049856;1;1;1;1;3;830;24/01/2015
2015049857;3;1;1;1;6;830;31/01/2015
2015049858;5;1;1;1;3;830;08/02/2015
2015049859;1;1;1;1;6;830;09/02/2015
2015049860;1;1;1;1;2;830;13/02/2015
2015049861;3;1;1;1;2;830;15/02/2015
2015049862;1;1;1;2;7;830;16/02/2015
2015049863;2;1;1;1;2;830;17/02/2015
2015049864;1;1;1;1;4;830;19/02/2015
2015049865;1;1;1;1;2;830;26/02/2015
2015049866;1;1;1;2;6;830;27/02/2015
2015049867;5;1;2;1;3;830;01/03/2015
2015049868;3;1;1;1;2;830;07/03/2015
2015049869;1;1;1;1;2;830;02/04/2015
2015049870;1;1;1;1;7;830;04/04/2015
2015049871;1;1;1;1;6;130;08/04/2015
2015049872;1;1;1;1;3;830;10/04/2015
2015049873;1;1;1;1;6;830;15/04/2015
2015049874;1;1;1;1;2;830;18/04/2015
2015049875;1;1;1;2;2;830;25/04/2015
2015049876;1;1;1;1;2;830;25/04/2015
2015049877;3;1;1;1;6;830;25/04/2015
2015049878;1;1;1;1;2;830;07/05/2015
2015049879;3;1;1;1;6;830;09/05/2015
2015049880;3;1;1;1;7;130;10/05/2015
2015049881;3;1;1;1;2;130;10/05/2015
2015049882;1;1;1;1;6;830;15/05/2015
2015049883;1;1;1;1;5;830;21/05/2015
2015049884;1;1;1;1;2;830;04/06/2015
2015049885;1;1;1;1;4;830;05/06/2015
2015049886;1;1;1;1;3;830;09/06/2015
2015049887;1;1;1;1;2;830;15/06/2015
2015049888;1;1;9;1;2;830;17/06/2015
2015049889;1;1;1;1;7;830;18/06/2015
2015049890;1;1;1;1;7;830;25/06/2015
2015049891;1;1;1;1;2;830;27/06/2015
2015049892;1;1;1;1;2;830;06/07/2015
2015049893;5;1;1;1;2;830;18/07/2015
2015049894;1;1;1;1;2;830;20/07/2015
2015049895;1;1;1;1;2;830;01/08/2015
2015049896;1;1;1;1;2;830;04/08/2015
2015049897;5;1;1;1;2;830;16/08/2015
2015049898;1;1;1;1;4;830;26/08/2015
2015049899;1;1;1;1;7;830;28/08/2015
2015049900;1;1;1;1;5;830;04/09/2015
2015049901;1;1;1;1;4;830;17/09/2015
2015049902;1;1;1;1;6;830;29/09/2015
2015049903;1;1;1;1;7;830;30/09/2015
2015049904;1;1;1;2;7;830;03/10/2015
2015049905;2;1;1;1;4;830;07/10/2015
2015049906;5;1;1;1;3;830;07/10/2015
2015049907;3;1;1;1;6;130;10/10/2015
2015049908;2;1;1;1;3;830;10/10/2015
2015049909;1;1;1;1;4;830;19/10/2015
2015049910;3;1;1;1;2;830;19/10/2015
2015049911;1;1;1;1;6;130;23/10/2015
2015049912;4;1;1;1;5;830;24/10/2015
2015049913;1;1;1;1;3;830;26/10/2015
2015049914;3;1;1;1;6;830;01/11/2015
2015049915;3;1;1;1;5;830;06/11/2015
2015049916;1;1;1;1;2;830;09/11/2015
2015049917;2;1;1;1;3;830;17/11/2015
2015049918;2;1;1;1;7;830;24/11/2015
2015049919;1;1;1;1;4;830;27/11/2015
2015049920;1;1;1;1;2;830;01/12/2015
2015049921;1;1;1;1;5;830;02/12/2015
2015049922;1;1;1;1;2;830;02/12/2015
2015049923;1;1;1;1;2;830;02/12/2015
2015049924;2;1;1;1;3;830;07/12/2015
2015049925;3;1;1;2;2;830;07/12/2015
2015049926;2;1;1;1;4;830;08/12/2015
2015049927;1;1;1;1;2;830;10/12/2015
2015049928;1;1;1;1;5;130;11/12/2015
2015049929;1;1;1;1;3;830;16/12/2015
2015049930;1;1;1;1;6;830;07/03/2015
2015049931;5;1;1;1;3;130;19/12/2015
2015049932;1;1;1;1;3;130;02/01/2015
2015049933;3;1;1;1;6;130;03/01/2015
2015049934;3;1;1;1;6;130;03/01/2015
2015049935;3;1;1;1;6;130;04/01/2015
2015049936;1;1;1;1;6;130;07/01/2015
2015049937;1;1;1;1;6;130;06/01/2015
2015049938;1;1;1;1;2;130;07/01/2015
2015049939;2;1;1;1;2;130;12/01/2015
2015049940;5;1;1;1;3;130;13/01/2015
2015049941;1;1;1;1;3;130;13/01/2015
2015049942;1;1;1;1;2;130;12/01/2015
2015049943;3;1;1;1;4;130;15/01/2015
2015049944;3;1;1;2;1;130;16/01/2015
2015049945;1;1;1;1;6;130;11/01/2015
2015049946;1;1;1;1;2;130;17/01/2015
2015049947;2;1;1;1;6;130;17/01/2015
2015049948;5;1;1;1;2;130;18/01/2015
2015049949;3;1;1;8;3;130;17/01/2015
2015049950;1;1;1;1;2;130;15/01/2015
2015049951;3;1;1;1;6;130;19/01/2015
2015049952;3;1;1;1;2;130;18/01/2015
2015049953;3;1;1;2;3;130;19/01/2015
2015049954;1;1;1;1;3;130;15/01/2015
2015049955;1;1;1;2;2;130;20/01/2015
2015049956;2;1;1;2;4;130;20/01/2015