num_acc;lum;agg;inter;atm;col;dep;date
2015049957;3;1;1;1;6;130;21/01/2015
2015049958;1;1;1;3;6;130;21/01/2015
2015049959;1;1;1;2;7;130;19/01/2015
2015049960;1;1;1;1;6;130;25/01/2015
2015049961;2;1;1;1;3;130;07/01/2015
2015049962;3;1;1;1;4;130;24/01/2015
2015049963;1;1;1;1;7;130;25/01/2015
2015049964;1;1;1;1;4;130;26/01/2015
2015049965;3;1;1;1;7;130;28/01/2015
2015049966;3;1;1;1;3;130;28/01/2015
2015049967;4;1;1;1;4;130;10/01/2015
2015049968;3;1;1;1;4;130;25/01/2015
2015049969;3;1;1;1;5;130;28/01/2015
2015049970;1;1;1;1;4;130;30/01/2015
2015049971;3;1;1;2;3;130;16/01/2015
2015049972;3;1;1;1;6;130;18/12/2015
2015049973;1;1;1;1;5;130;30/01/2015
2015049974;1;1;1;2;6;130;23/12/2015
2015049975;3;1;1;1;5;130;18/01/2015
2015049976;1;1;1;1;4;130;02/02/2015
2015049977;1;1;1;1;2;130;30/01/2015
2015049978;1;1;1;1;2;130;26/12/2015
2015049979;3;1;1;2;6;130;04/02/2015
2015049980;1;1;1;1;6;130;06/02/2015
2015049981;3;1;1;1;6;130;06/02/2015
2015049982;3;1;1;1;6;130;08/02/2015
2015049983;3;1;1;1;6;130;08/02/2015
2015049984;3;1;1;1;6;130;08/02/2015
2015049985;3;1;1;1;3;130;10/02/2015
2015049986;1;1;1;2;7;130;05/02/2015
2015049987;1;1;1;1;2;130;11/02/2015
2015049988;1;1;1;1;2;130;11/02/2015
2015049989;4;1;1;1;2;130;19/12/2015
2015049990;3;1;1;1;3;130;12/02/2015
2015049991;3;1;1;2;6;130;13/02/2015
2015049992;1;1;1;1;2;130;09/02/2015
2015049993;1;1;1;4;4;130;14/02/2015
2015049994;1;1;1;2;7;130;14/02/2015
2015049995;1;1;1;1;2;130;13/02/2015
2015049996;1;1;1;2;3;130;15/02/2015
2015049997;5;1;1;1;4;130;16/02/2015
2015049998;1;1;1;2;2;130;17/02/2015
2015049999;1;1;1;1;4;130;17/02/2015
2015050000;2;1;1;2;4;130;17/02/2015
2015050001;1;1;1;1;4;130;18/02/2015
2015050002;1;1;1;1;7;130;18/02/2015
2015050003;2;1;1;1;6;130;19/02/2015
2015050004;1;1;1;1;2;130;20/02/2015
2015050005;1;1;1;1;7;130;20/02/2015
2015050006;1;1;1;1;1;130;20/02/2015
2015050007;3;1;1;1;6;130;20/02/2015
2015050008;1;1;1;1;5;130;21/02/2015
2015050009;1;1;1;8;7;130;21/02/2015
2015050010;1;1;1;2;4;130;21/02/2015
2015050011;3;1;1;1;2;130;20/02/2015
2015050012;1;1;1;1;4;130;17/02/2015
2015050013;1;1;1;1;2;130;23/02/2015
2015050014;5;1;1;1;2;130;25/02/2015
2015050015;3;1;1;1;5;130;25/02/2015
2015050016;1;1;1;3;4;130;27/02/2015
2015050017;3;1;1;1;5;130;01/03/2015
2015050018;1;1;1;1;2;130;01/03/2015
2015050019;1;1;1;4;2;130;14/02/2015
2015050020;1;1;1;1;6;130;02/03/2015
2015050021;1;1;1;1;2;130;06/03/2015
2015050022;1;1;1;1;3;130;05/03/2015
2015050023;3;1;1;1;4;130;04/03/2015
2015050024;3;1;1;1;7;130;07/03/2015
2015050025;3;1;1;1;2;130;06/03/2015
2015050026;3;1;1;1;6;130;08/03/2015
2015050027;1;1;1;1;5;130;07/03/2015
2015050028;1;1;1;1;2;130;07/03/2015
2015050029;1;1;1;1;3;130;09/03/2015
2015050030;1;1;1;1;7;130;09/03/2015
2015050031;3;1;1;2;6;130;05/03/2015
2015050032;2;1;1;1;2;130;10/03/2015
2015050033;1;1;1;1;6;130;10/03/2015
2015050034;3;1;1;1;5;130;02/03/2015
2015050035;1;1;1;1;4;130;12/03/2015
2015050036;1;1;1;1;2;130;12/03/2015
2015050037;1;1;1;1;4;130;12/03/2015
2015050038;1;1;1;1;2;130;12/03/2015
2015050039;1;1;1;8;2;130;13/03/2015
2015050040;1;1;1;1;4;130;13/03/2015
2015050041;1;1;1;1;3;130;13/03/2015
2015050042;1;1;1;1;6;130;26/02/2015
2015050043;3;1;1;1;4;130;15/03/2015
2015050044;1;1;1;2;4;130;16/03/2015
2015050045;3;1;1;2;2;130;15/03/2015
2015050046;1;1;1;2;7;130;16/03/2015
2015050047;1;1;9;2;2;130;17/03/2015
2015050048;1;1;1;1;2;130;17/03/2015
2015050049;3;1;1;1;6;130;17/03/2015
2015050050;3;1;1;1;6;130;15/03/2015
2015050051;1;1;1;1;6;130;19/03/2015
2015050052;1;1;1;1;5;130;19/03/2015
2015050053;1;1;1;2;7;130;22/03/2015
2015050054;1;1;1;1;6;130;22/03/2015
2015050055;1;1;1;2;7;130;22/03/2015
2015050056;3;1;1;2;6;130;21/03/2015
2015050057;1;1;1;1;6;130;23/03/2015
2015050058;2;1;1;1;3;130;23/03/2015
2015050059;1;1;1;8;3;130;24/03/2015
2015050060;1;1;1;2;2;130;25/03/2015
2015050061;1;1;1;1;4;130;26/03/2015
2015050062;1;1;1;1;6;130;21/03/2015
2015050063;1;1;1;2;6;130;22/03/2015
2015050064;1;1;1;2;6;130;22/03/2015
2015050065;3;1;1;1;2;130;27/03/2015
2015050066;1;1;1;1;2;130;29/03/2015
2015050067;1;1;1;1;2;130;30/03/2015
2015050068;1;1;1;1;6;130;30/03/2015
2015050069;1;1;1;1;4;130;31/03/2015
2015050070;1;1;1;1;4;130;31/03/2015
2015050071;1;1;1;1;2;130;01/04/2015
2015050072;3;1;1;1;6;130;05/04/2015
2015050073;1;1;1;1;2;130;05/04/2015
2015050074;1;1;1;1;4;130;01/04/2015
2015050075;1;1;1;1;2;130;06/04/2015
2015050076;1;1;1;1;2;130;31/03/2015
2015050077;1;1;1;1;1;130;06/04/2015
2015050078;5;1;1;1;6;130;09/04/2015
2015050079;1;1;1;1;3;130;08/04/2015
2015050080;1;1;1;1;2;130;09/04/2015
2015050081;1;1;1;1;2;130;10/04/2015
2015050082;1;1;1;1;4;130;11/04/2015
2015050083;3;1;1;1;5;130;12/04/2015
2015050084;1;1;1;1;2;130;16/03/2015
2015050085;1;1;1;1;7;130;12/04/2015
2015050086;1;1;1;1;6;130;10/04/2015
2015050087;3;1;1;2;2;130;17/04/2015
2015050088;1;1;1;1;3;130;16/04/2015
2015050089;1;1;1;1;5;130;17/04/2015
2015050090;1;1;1;1;6;130;17/04/2015
2015050091;1;1;1;1;2;130;18/04/2015
2015050092;1;1;1;1;7;130;19/04/2015
2015050093;1;1;1;2;4;130;20/04/2015
2015050094;1;1;1;1;4;130;17/04/2015
2015050095;1;1;1;1;4;130;20/04/2015
2015050096;1;1;1;2;4;130;16/04/2015
2015050097;1;1;1;1;7;130;21/04/2015
2015050098;1;1;1;1;6;130;21/02/2015
2015050099;3;1;1;1;6;130;17/04/2015
2015050100;1;1;1;1;2;130;22/04/2015
2015050101;1;1;1;1;7;130;22/04/2015
2015050102;1;1;1;1;3;130;23/04/2015
2015050103;1;1;1;1;2;130;23/04/2015
2015050104;1;1;1;1;6;130;24/04/2015
2015050105;1;1;1;1;3;130;25/04/2015
2015050106;3;1;1;1;3;130;25/04/2015
2015050107;1;1;1;1;2;130;23/04/2015
2015050108;1;1;1;1;2;130;25/04/2015
2015050109;1;1;1;2;7;130;27/04/2015
2015050110;1;1;1;1;2;130;28/04/2015
2015050111;1;1;1;1;6;130;30/04/2015
2015050112;1;1;1;1;4;130;30/04/2015
2015050113;1;1;1;2;2;130;27/04/2015
2015050114;1;1;1;2;2;130;25/04/2015
2015050115;1;1;1;1;6;130;01/05/2015
2015050116;1;1;1;1;4;130;01/05/2015
2015050117;1;1;1;1;2;130;21/04/2015
2015050118;1;1;1;1;6;130;04/05/2015
2015050119;1;1;1;1;2;130;05/05/2015
2015050120;1;1;1;1;6;130;05/05/2015
2015050121;1;1;1;1;7;130;06/05/2015
2015050122;1;1;1;1;4;130;07/05/2015
2015050123;1;1;1;1;4;130;07/05/2015
2015050124;1;1;1;1;2;130;08/05/2015
2015050125;1;1;1;1;6;130;08/05/2015
2015050126;1;1;1;1;7;130;08/05/2015
2015050127;3;1;1;1;2;130;10/05/2015
2015050128;1;1;1;1;3;130;10/05/2015
2015050129;1;1;1;1;4;130;11/05/2015
2015050130;1;1;1;1;2;130;11/05/2015
2015050131;1;1;1;1;7;130;11/05/2015
2015050132;1;1;1;1;2;130;13/05/2015
2015050133;1;1;1;1;7;130;13/05/2015
2015050134;1;1;1;1;7;130;14/05/2015
2015050135;1;1;1;1;7;130;16/05/2015
2015050136;3;1;1;1;6;130;17/05/2015
2015050137;1;1;1;1;4;130;18/05/2015
2015050138;1;1;1;6;2;130;20/05/2015
2015050139;1;1;1;1;7;130;20/05/2015
2015050140;1;1;1;1;7;130;21/05/2015
2015050141;1;1;1;1;4;130;26/05/2015
2015050142;1;1;1;1;4;130;28/05/2015
2015050143;2;1;1;1;6;130;30/05/2015
2015050144;1;1;1;1;2;130;02/06/2015
2015050145;1;1;1;1;2;130;02/06/2015
2015050146;1;1;1;1;2;130;03/06/2015
2015050147;1;1;1;1;2;130;04/06/2015
2015050148;1;1;1;1;2;130;04/06/2015
2015050149;1;1;1;1;6;130;05/06/2015
2015050150;1;1;1;1;7;130;06/06/2015
2015050151;1;1;1;1;4;130;05/06/2015
2015050152;1;1;1;1;4;130;04/06/2015
2015050153;1;1;1;1;5;130;07/06/2015
2015050154;1;1;1;1;7;130;08/06/2015
2015050155;1;1;1;1;2;130;08/06/2015
2015050156;1;1;1;1;6;130;08/06/2015
2015050157;1;1;1;1;4;130;11/06/2015
2015050158;1;1;1;2;7;130;12/06/2015
2015050159;1;1;1;1;2;130;12/06/2015
2015050160;1;1;1;1;6;130;11/06/2015
2015050161;1;1;1;1;6;130;12/06/2015
2015050162;1;1;1;1;7;130;13/06/2015
2015050163;1;1;1;1;3;130;15/06/2015
2015050164;1;1;1;2;2;130;16/06/2015
2015050165;1;1;1;1;3;130;07/05/2015
2015050166;1;1;1;1;2;130;17/06/2015
2015050167;1;1;1;1;2;130;18/06/2015
2015050168;1;1;1;1;3;130;18/06/2015
2015050169;1;1;1;1;7;130;19/06/2015
2015050170;1;1;1;1;2;130;19/06/2015
2015050171;1;1;1;1;3;130;21/06/2015
2015050172;1;1;1;1;4;130;18/06/2015
2015050173;1;1;1;1;2;130;21/06/2015
2015050174;1;1;1;1;2;130;22/06/2015
2015050175;1;1;1;1;2;130;22/06/2015
2015050176;1;1;1;1;4;130;05/06/2015
2015050177;1;1;1;1;4;130;10/06/2015
2015050178;1;1;1;1;6;130;25/06/2015
2015050179;1;1;1;1;3;130;26/06/2015
2015050180;1;1;1;1;2;130;27/06/2015
2015050181;1;1;1;1;7;130;27/06/2015
2015050182;3;1;1;1;3;130;28/06/2015
2015050183;1;1;1;1;1;130;28/06/2015
2015050184;1;1;1;1;6;130;30/06/2015
2015050185;1;1;1;1;4;130;30/06/2015
2015050186;1;1;1;1;2;130;24/06/2015
2015050187;1;1;1;1;2;130;29/06/2015
2015050188;1;1;1;1;2;130;30/06/2015
2015050189;1;1;1;1;4;130;01/07/2015
2015050190;1;1;1;1;7;130;27/06/2015
2015050191;1;1;1;1;6;130;01/07/2015
2015050192;3;1;1;1;7;130;04/07/2015
2015050193;1;1;1;1;2;130;04/07/2015
2015050194;1;1;1;1;4;130;03/07/2015
2015050195;1;1;1;1;2;130;04/07/2015
2015050196;1;1;1;1;7;130;05/07/2015
2015050197;1;1;1;1;3;130;30/06/2015
2015050198;1;1;1;1;5;130;02/07/2015
2015050199;1;1;1;1;2;130;06/07/2015
2015050200;1;1;1;1;4;130;07/07/2015
2015050201;1;1;1;1;2;130;03/07/2015
2015050202;1;1;1;1;6;130;03/07/2015
2015050203;1;1;1;1;7;130;08/07/2015
2015050204;1;1;1;1;3;130;08/07/2015
2015050205;1;1;1;1;2;130;10/07/2015
2015050206;1;1;1;1;4;130;10/07/2015
2015050207;1;1;1;1;4;130;06/07/2015
2015050208;1;1;1;1;2;130;06/07/2015
2015050209;1;1;1;1;6;130;10/07/2015
2015050210;1;1;1;1;4;130;12/07/2015
2015050211;1;1;1;1;7;130;12/07/2015
2015050212;1;1;1;1;7;130;13/07/2015
2015050213;1;1;1;1;2;130;07/07/2015
2015050214;1;1;1;1;3;130;16/07/2015
2015050215;1;1;1;1;6;130;07/07/2015
2015050216;1;1;1;1;6;130;07/07/2015
2015050217;1;1;1;1;7;130;16/07/2015
2015050218;1;1;1;1;5;130;30/05/2015
2015050219;1;1;1;1;6;130;12/07/2015
2015050220;1;1;1;1;5;130;18/07/2015
2015050221;1;1;1;1;6;130;19/07/2015
2015050222;3;1;1;1;3;130;19/07/2015
2015050223;1;1;1;1;2;130;16/06/2015
2015050224;1;1;1;1;2;130;22/07/2015
2015050225;1;1;1;1;4;130;23/07/2015
2015050226;1;1;1;1;2;130;23/07/2015
2015050227;3;1;1;1;5;130;23/07/2015
2015050228;3;1;1;1;6;130;26/07/2015
2015050229;1;1;1;1;2;130;25/07/2015
2015050230;1;1;1;1;5;130;29/07/2015
2015050231;1;1;1;1;7;130;28/07/2015
2015050232;1;1;1;1;2;130;29/07/2015
2015050233;1;1;1;1;4;130;20/07/2015
2015050234;1;1;1;1;4;130;20/07/2015
2015050235;2;1;1;1;2;130;31/07/2015
2015050236;3;1;1;2;6;130;01/08/2015
2015050237;1;1;1;1;2;130;31/07/2015
2015050238;1;1;1;1;2;130;02/08/2015
2015050239;1;1;1;1;6;130;02/08/2015
2015050240;1;1;1;1;2;130;03/08/2015
2015050241;1;1;1;1;2;130;05/08/2015
2015050242;3;1;1;1;7;130;07/08/2015
2015050243;5;1;1;1;7;130;12/08/2015
2015050244;1;1;1;1;4;130;12/08/2015
2015050245;3;1;1;3;6;130;14/08/2015
2015050246;1;1;1;1;7;130;14/08/2015
2015050247;5;1;1;1;6;130;10/08/2015
2015050248;1;1;1;1;2;130;11/08/2015
2015050249;1;1;1;1;2;130;04/08/2015
2015050250;1;1;1;1;2;130;20/08/2015
2015050251;3;1;1;1;7;130;19/08/2015
2015050252;3;1;1;1;2;130;23/08/2015
2015050253;1;1;1;1;4;130;24/08/2015
2015050254;1;1;1;1;3;130;25/08/2015
2015050255;1;1;1;2;3;130;24/08/2015
2015050256;1;1;1;1;2;130;27/08/2015
2015050257;1;1;1;2;7;130;23/08/2015
2015050258;3;1;1;1;7;130;20/08/2015
2015050259;1;1;1;1;5;130;25/08/2015
2015050260;1;1;1;1;6;130;27/08/2015
2015050261;3;1;1;1;3;130;01/09/2015
2015050262;1;1;1;1;4;130;31/08/2015
2015050263;1;1;1;1;4;130;01/09/2015
2015050264;1;1;1;1;4;130;04/09/2015
2015050265;1;1;1;1;2;130;03/09/2015
2015050266;1;1;1;1;7;130;05/09/2015
2015050267;1;1;1;1;3;130;05/09/2015
2015050268;2;1;1;1;6;130;06/09/2015
2015050269;1;1;1;1;4;130;02/09/2015
2015050270;2;1;1;1;2;130;07/09/2015
2015050271;1;1;1;1;3;130;07/09/2015
2015050272;3;1;1;1;6;130;07/09/2015
2015050273;1;1;1;1;2;130;08/09/2015
2015050274;1;1;1;1;2;130;07/09/2015
2015050275;1;1;1;1;2;130;07/09/2015
2015050276;1;1;1;1;3;130;09/09/2015
2015050277;3;1;1;1;6;130;10/09/2015
2015050278;1;1;1;1;4;130;09/09/2015
2015050279;1;1;1;1;2;130;10/09/2015
2015050280;1;1;1;1;3;130;11/09/2015
2015050281;2;1;1;1;6;130;12/09/2015
2015050282;3;1;1;8;7;130;12/09/2015
2015050283;3;1;1;3;6;130;13/09/2015
2015050284;2;1;9;1;3;130;07/09/2015
2015050285;1;1;1;1;2;130;14/09/2015
2015050286;1;1;1;1;2;130;13/09/2015
2015050287;3;1;1;1;2;130;14/09/2015
2015050288;3;1;1;1;2;130;02/09/2015
2015050289;1;1;1;1;4;130;11/09/2015
2015050290;3;1;1;1;6;130;08/09/2015
2015050291;3;1;1;1;2;130;16/09/2015
2015050292;1;1;1;2;2;130;17/09/2015
2015050293;1;1;1;1;2;130;17/09/2015
2015050294;1;1;1;1;3;130;14/09/2015
2015050295;1;1;1;1;2;130;16/09/2015
2015050296;3;1;1;1;2;130;19/09/2015
2015050297;1;1;1;1;3;130;22/09/2015
2015050298;1;1;1;1;2;130;22/09/2015
2015050299;2;1;1;1;4;130;23/09/2015
2015050300;1;1;1;1;4;130;23/09/2015
2015050301;1;1;1;1;4;130;23/09/2015
2015050302;1;1;1;1;2;130;23/09/2015
2015050303;2;1;1;1;1;130;24/09/2015
2015050304;1;1;1;1;2;130;25/09/2015
2015050305;5;1;1;1;3;130;08/09/2015
2015050306;1;1;1;1;4;130;22/09/2015
2015050307;1;1;1;1;4;130;25/09/2015
2015050308;1;1;1;1;5;130;25/09/2015
2015050309;1;1;1;1;5;130;24/09/2015
2015050310;3;1;1;1;2;130;25/09/2015
2015050311;1;1;1;1;6;130;28/09/2015
2015050312;1;1;1;1;2;130;30/09/2015
2015050313;3;1;1;1;5;130;30/09/2015
2015050314;1;1;1;1;2;130;01/10/2015
2015050315;3;1;1;1;2;130;02/10/2015
2015050316;3;1;1;1;5;130;03/10/2015
2015050317;1;1;1;2;3;130;03/10/2015
2015050318;3;1;1;8;6;130;28/09/2015
2015050319;3;1;1;2;2;130;03/10/2015
2015050320;3;1;1;2;7;130;03/10/2015
2015050321;1;1;1;1;2;130;04/10/2015
2015050322;1;1;1;1;6;130;04/10/2015
2015050323;1;1;1;1;4;130;05/10/2015
2015050324;3;1;1;2;6;130;03/10/2015
2015050325;1;1;1;1;2;130;05/10/2015
2015050326;1;1;1;1;5;130;06/10/2015
2015050327;1;1;1;1;6;130;05/10/2015
2015050328;1;1;1;1;3;130;07/10/2015
2015050329;1;1;1;1;6;130;07/10/2015
2015050330;1;1;1;1;7;130;08/10/2015
2015050331;1;1;1;1;2;130;07/10/2015
2015050332;1;1;1;1;2;130;08/10/2015
2015050333;3;1;1;1;7;130;29/07/2015
2015050334;1;1;1;1;7;130;10/10/2015
2015050335;2;1;1;1;7;130;11/10/2015
2015050336;1;1;1;1;4;130;28/09/2015
2015050337;1;1;1;1;7;130;11/10/2015
2015050338;1;1;1;1;6;130;26/05/2015
2015050339;1;1;1;8;4;130;13/10/2015
2015050340;3;1;1;2;7;130;12/10/2015
2015050341;1;1;1;2;4;130;13/10/2015
2015050342;2;1;1;1;1;130;14/10/2015
2015050343;1;1;1;1;3;130;14/10/2015
2015050344;1;1;1;1;7;130;09/09/2015
2015050345;1;1;1;1;2;130;09/10/2015
2015050346;3;1;1;1;2;130;16/10/2015
2015050347;3;1;1;1;2;130;17/10/2015
2015050348;1;1;1;1;2;130;17/10/2015
2015050349;3;1;1;1;6;130;16/10/2015
2015050350;3;1;1;1;3;130;18/10/2015
2015050351;1;1;1;1;2;130;17/10/2015
2015050352;5;1;1;1;4;130;17/10/2015
2015050353;1;1;1;8;7;130;19/10/2015
2015050354;1;1;1;2;2;130;19/10/2015
2015050355;1;1;1;1;4;130;14/10/2015
2015050356;1;1;1;1;2;130;17/05/2015
2015050357;1;1;1;1;6;130;06/08/2015
2015050358;3;1;1;1;4;130;23/10/2015
2015050359;5;1;1;1;4;130;23/10/2015
2015050360;1;1;1;1;2;130;23/10/2015
2015050361;3;1;1;1;2;130;24/10/2015
2015050362;3;1;1;1;1;130;24/10/2015
2015050363;2;1;1;1;2;130;24/10/2015
2015050364;1;1;1;1;6;130;21/08/2015
2015050365;1;1;2;1;3;130;24/10/2015
2015050366;2;1;1;1;4;130;22/10/2015
2015050367;1;1;1;2;7;130;13/10/2015
2015050368;1;1;1;3;3;130;28/10/2015
2015050369;3;1;1;1;6;130;30/10/2015
2015050370;3;1;1;1;6;130;31/10/2015
2015050371;1;1;1;1;3;130;31/10/2015
2015050372;1;1;1;1;6;130;31/10/2015
2015050373;1;1;1;1;2;130;30/10/2015
2015050374;1;1;1;1;7;130;01/11/2015
2015050375;1;1;1;1;2;130;02/11/2015
2015050376;3;1;1;1;2;130;30/10/2015
2015050377;1;1;1;1;2;130;26/06/2015
2015050378;3;1;1;3;2;130;23/08/2015
2015050379;1;1;1;2;2;130;04/11/2015
2015050380;1;1;1;2;4;130;04/11/2015
2015050381;3;1;1;1;2;130;04/11/2015
2015050382;1;1;1;3;7;130;04/11/2015
2015050383;1;1;1;1;1;130;04/11/2015
2015050384;1;1;1;1;6;130;16/08/2015
2015050385;2;1;1;1;4;130;05/11/2015
2015050386;3;1;1;1;4;130;06/11/2015
2015050387;4;1;1;1;2;130;06/11/2015
2015050388;1;1;1;1;2;130;07/11/2015
2015050389;1;1;1;1;6;130;07/11/2015
2015050390;3;1;1;1;4;130;07/11/2015
2015050391;3;1;1;1;2;130;09/11/2015
2015050392;1;1;1;1;6;130;10/11/2015
2015050393;1;1;1;1;2;130;11/11/2015
2015050394;1;1;1;1;7;130;13/09/2015
2015050395;3;1;1;1;4;130;12/11/2015
2015050396;2;1;1;1;5;130;03/11/2015
2015050397;3;1;1;1;7;130;07/11/2015
2015050398;3;1;1;1;2;130;14/11/2015
2015050399;1;1;1;1;2;130;13/11/2015
2015050400;3;1;1;1;2;130;14/11/2015
2015050401;3;1;1;1;2;130;15/11/2015
2015050402;2;1;1;1;6;130;14/11/2015
2015050403;1;1;1;1;2;130;16/11/2015
2015050404;1;1;1;1;2;130;17/11/2015
2015050405;1;1;1;1;2;130;17/11/2015
2015050406;1;1;1;1;7;130;18/11/2015
2015050407;1;1;1;1;6;130;18/11/2015
2015050408;1;1;1;1;2;130;19/11/2015
2015050409;3;1;1;1;4;130;21/11/2015
2015050410;1;1;1;1;3;130;18/11/2015
2015050411;1;1;1;1;7;130;23/11/2015
2015050412;1;1;1;1;4;130;23/11/2015
2015050413;3;1;1;1;6;130;23/11/2015
2015050414;1;1;1;1;3;130;23/11/2015
2015050415;3;1;1;1;4;130;25/11/2015
2015050416;5;1;1;1;7;130;24/11/2015
2015050417;1;1;1;1;6;130;26/11/2015
2015050418;3;1;1;1;2;130;26/10/2015
2015050419;1;1;1;1;4;130;27/11/2015
2015050420;5;1;1;1;6;130;26/11/2015
2015050421;5;1;1;1;4;130;27/11/2015
2015050422;1;1;1;1;7;130;23/11/2015
2015050423;1;1;1;1;4;130;28/11/2015
2015050424;1;1;1;1;2;130;01/12/2015
2015050425;3;1;1;1;2;130;30/11/2015
2015050426;3;1;1;1;6;130;20/11/2015
2015050427;1;1;1;1;7;130;04/09/2015
2015050428;2;1;1;1;2;130;15/11/2015
2015050429;2;1;1;2;6;130;03/10/2015
2015050430;1;1;1;1;2;130;03/12/2015
2015050431;2;1;1;1;4;130;01/12/2015
2015050432;3;1;1;1;4;130;04/12/2015
2015050433;3;1;1;1;2;130;04/12/2015
2015050434;3;1;1;2;5;130;06/12/2015
2015050435;1;1;1;2;4;130;06/12/2015
2015050436;2;1;1;2;7;130;06/12/2015
2015050437;2;1;1;2;6;130;06/12/2015
2015050438;2;1;1;2;4;130;06/12/2015
2015050439;1;1;1;1;6;130;07/12/2015
2015050440;1;1;1;1;6;130;22/09/2015
2015050441;3;1;1;1;4;130;30/10/2015
2015050442;4;1;1;1;6;130;09/12/2015
2015050443;1;1;1;2;3;130;08/12/2015
2015050444;1;1;1;1;2;130;10/12/2015
2015050445;1;1;9;1;4;130;10/12/2015
2015050446;3;1;1;1;5;130;09/12/2015
2015050447;1;1;1;1;3;130;08/12/2015
2015050448;3;1;1;1;2;130;13/12/2015
2015050449;3;1;1;1;2;130;14/12/2015
2015050450;1;1;1;1;4;130;14/12/2015
2015050451;1;1;1;1;4;130;16/12/2015
2015050452;1;1;1;1;2;130;17/12/2015
2015050453;3;1;1;1;1;130;16/12/2015
2015050454;3;1;1;1;6;130;19/12/2015
2015050455;3;1;1;1;2;130;18/12/2015
2015050456;3;1;1;1;4;130;18/12/2015
2015050457;3;1;1;1;7;130;19/12/2015
2015050458;5;1;1;1;4;130;11/12/2015
2015050459;1;1;1;1;2;130;17/12/2015
2015050460;1;1;1;1;2;130;18/12/2015
2015050461;3;1;1;1;6;130;22/12/2015
2015050462;1;1;1;1;2;130;22/12/2015
2015050463;1;1;1;8;6;130;23/12/2015
2015050464;2;1;1;2;7;130;23/12/2015
2015050465;1;1;1;1;6;130;23/12/2015
2015050466;2;1;1;2;7;130;23/12/2015
2015050467;3;1;1;1;6;130;23/12/2015
2015050468;1;1;1;2;6;130;23/12/2015
2015050469;1;1;1;2;2;130;23/12/2015
2015050470;1;1;1;1;4;130;25/12/2015
2015050471;3;1;1;1;2;130;27/12/2015
2015050472;3;1;1;1;6;130;27/12/2015
2015050473;3;1;1;5;7;130;27/12/2015
2015050474;5;1;1;1;7;130;29/12/2015
2015050475;3;1;1;1;2;130;29/12/2015
2015050476;1;1;1;1;2;130;30/12/2015
2015050477;1;1;1;1;4;130;30/12/2015
2015050478;1;2;7;2;7;750;03/01/2015
2015050479;5;2;3;8;3;750;05/01/2015
2015050480;1;2;3;2;3;750;26/01/2015
2015050481;1;2;1;8;2;750;26/01/2015
2015050482;5;2;1;1;3;750;27/01/2015
2015050483;1;2;1;1;2;750;23/01/2015
2015050484;5;2;3;1;3;750;24/01/2015
2015050485;1;2;5;2;6;750;02/02/2015
2015050486;3;2;1;1;3;750;02/02/2015
2015050487;1;2;2;1;3;750;05/02/2015
2015050488;1;2;2;1;3;750;06/02/2015
2015050489;1;2;1;1;7;750;13/02/2015
2015050490;5;2;3;3;2;750;14/02/2015
2015050491;5;2;5;1;2;750;15/02/2015
2015050492;5;2;1;2;4;750;20/02/2015
2015050493;1;2;3;1;3;750;23/02/2015
2015050494;5;2;3;8;6;750;23/02/2015
2015050495;5;2;7;2;6;750;26/02/2015
2015050496;1;2;1;1;6;750;24/02/2015
2015050497;1;2;2;1;3;750;05/03/2015
2015050498;1;2;5;1;3;750;05/03/2015
2015050499;1;2;1;1;2;750;06/03/2015
2015050500;1;2;2;1;2;750;07/03/2015
2015050501;5;2;3;1;6;750;12/03/2015
2015050502;1;2;3;1;7;750;24/03/2015
2015050503;1;2;1;1;7;750;26/03/2015
2015050504;5;2;1;2;6;750;28/03/2015
2015050505;1;2;4;1;3;750;30/03/2015
2015050506;1;2;7;1;6;750;30/03/2015
2015050507;1;2;3;8;6;750;03/04/2015
2015050508;2;2;1;3;7;750;03/04/2015
2015050509;1;2;1;1;3;750;05/04/2015
2015050510;1;2;5;1;3;750;09/04/2015
2015050511;1;2;7;1;3;750;11/04/2015
2015050512;1;2;2;1;1;750;12/04/2015
2015050513;2;2;3;1;2;750;14/04/2015
2015050514;1;2;1;1;4;750;14/04/2015
2015050515;1;2;2;1;3;750;16/04/2015
2015050516;1;2;1;7;6;750;20/04/2015
2015050517;5;2;4;1;7;750;21/04/2015
2015050518;1;2;1;1;3;750;25/04/2015
2015050519;1;2;2;2;3;750;25/04/2015
2015050520;1;2;2;1;6;750;27/04/2015
2015050521;5;2;2;1;6;750;27/04/2015
2015050522;1;2;1;2;6;750;30/04/2015
2015050523;1;2;7;2;7;750;30/04/2015
2015050524;5;2;2;2;2;750;01/05/2015
2015050525;1;2;2;2;2;750;02/05/2015
2015050526;1;2;1;2;2;750;04/05/2015
2015050527;1;2;1;2;7;750;05/05/2015
2015050528;1;2;2;3;6;750;06/05/2015
2015050529;2;2;2;1;3;750;08/05/2015
2015050530;1;2;3;1;6;750;18/05/2015
2015050531;1;2;1;1;6;750;18/05/2015
2015050532;1;2;2;1;7;750;19/05/2015
2015050533;5;2;1;1;7;750;19/05/2015
2015050534;1;2;2;1;2;750;23/05/2015
2015050535;1;2;2;2;7;750;31/05/2015
2015050536;1;2;3;1;7;750;30/01/2015