num_acc;lum;agg;inter;atm;col;dep;date
2015051117;5;2;2;1;3;750;19/08/2015
2015051118;5;2;2;1;6;750;21/08/2015
2015051119;5;2;3;1;6;750;22/08/2015
2015051120;1;2;1;1;2;750;28/08/2015
2015051121;1;2;5;2;6;750;31/08/2015
2015051122;5;2;1;1;3;750;06/09/2015
2015051123;1;2;5;1;2;750;08/09/2015
2015051124;1;2;2;1;3;750;10/09/2015
2015051125;1;2;3;1;6;750;10/09/2015
2015051126;1;2;2;1;3;750;11/09/2015
2015051127;5;2;3;1;6;750;12/09/2015
2015051128;3;2;1;1;6;750;13/09/2015
2015051129;5;2;7;1;3;750;15/09/2015
2015051130;1;2;2;1;6;750;15/09/2015
2015051131;1;2;4;1;6;750;18/09/2015
2015051132;2;2;1;3;3;750;18/09/2015
2015051133;1;2;1;1;3;750;25/09/2015
2015051134;1;2;1;1;2;750;25/09/2015
2015051135;5;2;3;1;2;750;26/09/2015
2015051136;5;2;1;1;6;750;27/09/2015
2015051137;2;2;5;1;3;750;01/10/2015
2015051138;1;2;5;1;3;750;02/10/2015
2015051139;5;2;2;6;6;750;02/10/2015
2015051140;5;2;4;1;2;750;03/10/2015
2015051141;5;2;3;1;7;750;03/10/2015
2015051142;1;2;2;3;7;750;05/10/2015
2015051143;1;2;2;3;6;750;05/10/2015
2015051144;5;2;2;9;2;750;07/10/2015
2015051145;1;2;2;1;3;750;07/10/2015
2015051146;1;2;1;1;6;750;08/10/2015
2015051147;1;2;3;1;6;750;10/10/2015
2015051148;2;2;5;1;3;750;12/10/2015
2015051149;1;2;2;8;3;750;13/10/2015
2015051150;1;2;7;1;7;750;13/10/2015
2015051151;1;2;2;1;6;750;13/10/2015
2015051152;5;2;7;1;6;750;13/10/2015
2015051153;1;2;2;2;6;750;16/10/2015
2015051154;5;2;1;1;6;750;18/10/2015
2015051155;1;2;1;1;6;750;19/10/2015
2015051156;1;2;3;1;3;750;19/10/2015
2015051157;1;2;3;1;3;750;21/10/2015
2015051158;1;2;2;1;6;750;22/10/2015
2015051159;5;2;5;1;3;750;23/10/2015
2015051160;1;2;3;1;3;750;24/10/2015
2015051161;2;2;3;1;2;750;24/10/2015
2015051162;1;2;3;1;2;750;28/10/2015
2015051163;5;2;1;1;3;750;31/10/2015
2015051164;1;2;2;2;3;750;03/11/2015
2015051165;5;2;1;1;6;750;04/11/2015
2015051166;1;2;5;2;6;750;06/11/2015
2015051167;5;2;3;2;6;750;06/11/2015
2015051168;2;2;7;2;3;750;06/11/2015
2015051169;5;2;2;1;3;750;08/11/2015
2015051170;1;2;7;1;3;750;09/11/2015
2015051171;1;2;2;1;3;750;10/11/2015
2015051172;1;2;4;1;6;750;11/11/2015
2015051173;1;2;5;1;3;750;12/11/2015
2015051174;5;2;1;1;3;750;15/11/2015
2015051175;1;2;4;8;7;750;17/11/2015
2015051176;1;2;2;1;3;750;19/11/2015
2015051177;5;2;5;2;6;750;19/11/2015
2015051178;2;2;4;2;7;750;20/11/2015
2015051179;1;2;5;1;6;750;22/11/2015
2015051180;1;2;2;2;3;750;24/11/2015
2015051181;1;2;1;1;6;750;26/11/2015
2015051182;5;2;5;2;2;750;29/11/2015
2015051183;5;2;2;1;6;750;01/12/2015
2015051184;1;2;1;1;6;750;01/12/2015
2015051185;5;2;5;1;3;750;04/12/2015
2015051186;1;2;2;1;6;750;08/12/2015
2015051187;5;2;2;1;3;750;09/12/2015
2015051188;1;2;2;1;3;750;10/12/2015
2015051189;1;2;1;1;2;750;14/12/2015
2015051190;1;2;2;1;6;750;18/12/2015
2015051191;5;2;2;1;6;750;18/12/2015
2015051192;1;2;2;8;6;750;02/01/2015
2015051193;1;2;7;1;6;750;09/01/2015
2015051194;1;2;3;2;6;750;13/01/2015
2015051195;1;2;7;1;2;750;21/01/2015
2015051196;1;2;2;8;6;750;23/01/2015
2015051197;5;2;2;1;5;750;25/01/2015
2015051198;1;2;2;1;6;750;28/01/2015
2015051199;1;2;1;2;6;750;29/01/2015
2015051200;1;2;7;8;6;750;31/01/2015
2015051201;1;2;2;1;2;750;04/02/2015
2015051202;1;2;5;1;3;750;06/02/2015
2015051203;5;2;2;1;6;750;08/02/2015
2015051204;5;2;2;1;6;750;09/02/2015
2015051205;1;2;1;1;6;750;10/02/2015
2015051206;1;2;2;1;2;750;10/02/2015
2015051207;1;2;1;1;6;750;12/02/2015
2015051208;1;2;2;1;6;750;16/02/2015
2015051209;1;2;2;1;6;750;23/02/2015
2015051210;1;2;2;8;2;750;24/02/2015
2015051211;2;2;7;1;1;750;27/02/2015
2015051212;5;2;2;1;3;750;28/02/2015
2015051213;1;2;2;1;3;750;04/03/2015
2015051214;5;2;7;1;6;750;07/03/2015
2015051215;1;2;1;1;6;750;14/03/2015
2015051216;1;2;7;1;6;750;16/03/2015
2015051217;1;2;1;8;6;750;19/03/2015
2015051218;5;2;5;1;6;750;23/03/2015
2015051219;5;2;2;2;6;750;24/03/2015
2015051220;5;2;7;1;6;750;27/03/2015
2015051221;1;2;2;1;3;750;28/03/2015
2015051222;5;2;7;2;2;750;29/03/2015
2015051223;1;2;1;2;3;750;31/03/2015
2015051224;1;2;1;2;3;750;02/04/2015
2015051225;1;2;1;1;3;750;04/04/2015
2015051226;1;2;2;1;6;750;07/04/2015
2015051227;1;2;7;1;2;750;08/04/2015
2015051228;1;2;2;1;2;750;13/04/2015
2015051229;1;2;1;1;6;750;14/04/2015
2015051230;1;2;1;1;2;750;15/04/2015
2015051231;1;2;2;1;6;750;17/04/2015
2015051232;1;2;3;1;2;750;22/04/2015
2015051233;1;2;2;1;1;750;22/04/2015
2015051234;1;2;7;1;3;750;23/04/2015
2015051235;1;2;2;1;3;750;24/04/2015
2015051236;5;2;2;2;6;750;01/05/2015
2015051237;1;2;1;2;6;750;05/05/2015
2015051238;1;2;2;1;3;750;06/05/2015
2015051239;1;2;2;1;3;750;07/05/2015
2015051240;1;2;1;1;6;750;11/05/2015
2015051241;1;2;3;1;7;750;13/05/2015
2015051242;5;2;1;1;6;750;16/05/2015
2015051243;1;2;2;1;3;750;16/05/2015
2015051244;1;2;1;1;6;750;20/05/2015
2015051245;1;2;1;1;7;750;21/05/2015
2015051246;1;2;1;1;2;750;21/05/2015
2015051247;1;2;7;1;3;750;22/05/2015
2015051248;5;2;2;1;3;750;02/06/2015
2015051249;1;2;1;1;6;750;02/06/2015
2015051250;1;2;3;1;3;750;03/06/2015
2015051251;1;2;2;1;6;750;07/06/2015
2015051252;2;2;2;1;3;750;08/06/2015
2015051253;1;2;3;1;3;750;10/06/2015
2015051254;1;2;2;1;6;750;10/06/2015
2015051255;1;2;1;1;6;750;12/06/2015
2015051256;1;2;3;1;2;750;15/06/2015
2015051257;1;2;3;1;6;750;18/06/2015
2015051258;1;2;1;1;2;750;19/06/2015
2015051259;1;2;2;1;3;750;22/06/2015
2015051260;1;2;3;1;3;750;23/06/2015
2015051261;1;2;1;1;6;750;24/06/2015
2015051262;1;2;1;1;2;750;26/06/2015
2015051263;1;2;2;1;3;750;27/06/2015
2015051264;1;2;1;1;6;750;28/06/2015
2015051265;5;2;2;1;3;750;01/07/2015
2015051266;1;2;7;1;6;750;01/07/2015
2015051267;1;2;3;1;2;750;04/07/2015
2015051268;5;2;2;1;6;750;05/07/2015
2015051269;5;2;3;1;7;750;10/07/2015
2015051270;1;2;2;1;6;750;11/07/2015
2015051271;1;2;3;1;6;750;13/07/2015
2015051272;1;2;1;1;6;750;15/07/2015
2015051273;1;2;3;1;6;750;19/07/2015
2015051274;1;2;5;1;6;750;20/07/2015
2015051275;1;2;1;1;6;750;21/07/2015
2015051276;1;2;2;1;7;750;24/07/2015
2015051277;1;2;7;8;7;750;24/07/2015
2015051278;1;2;5;1;3;750;29/07/2015
2015051279;5;2;1;1;6;750;30/07/2015
2015051280;1;2;2;1;3;750;01/08/2015
2015051281;5;2;7;1;6;750;02/08/2015
2015051282;5;2;7;1;6;750;03/08/2015
2015051283;5;2;5;1;6;750;07/08/2015
2015051284;1;2;5;1;3;750;17/08/2015
2015051285;1;2;2;2;6;750;20/08/2015
2015051286;1;2;2;2;2;750;24/08/2015
2015051287;1;2;3;2;6;750;24/08/2015
2015051288;1;2;7;3;7;750;27/08/2015
2015051289;1;2;3;1;4;750;30/08/2015
2015051290;1;2;4;1;6;750;31/08/2015
2015051291;1;2;2;1;6;750;01/09/2015
2015051292;1;2;3;1;6;750;04/09/2015
2015051293;5;2;7;1;3;750;09/09/2015
2015051294;1;2;1;1;6;750;09/09/2015
2015051295;1;2;3;1;6;750;10/09/2015
2015051296;5;2;2;1;3;750;10/09/2015
2015051297;1;2;1;8;6;750;12/09/2015
2015051298;1;2;3;1;3;750;15/09/2015
2015051299;1;2;2;1;2;750;18/09/2015
2015051300;1;2;1;1;2;750;23/09/2015
2015051301;1;2;1;1;6;750;23/09/2015
2015051302;1;2;2;1;3;750;24/09/2015
2015051303;1;2;2;1;3;750;25/09/2015
2015051304;1;2;1;1;6;750;30/09/2015
2015051305;1;2;1;1;7;750;01/10/2015
2015051306;1;2;5;1;6;750;02/10/2015
2015051307;1;2;1;1;6;750;08/10/2015
2015051308;5;2;1;1;6;750;09/10/2015
2015051309;1;2;7;1;2;750;09/10/2015
2015051310;1;2;2;1;3;750;13/10/2015
2015051311;1;2;2;1;6;750;14/10/2015
2015051312;1;2;1;2;4;750;16/10/2015
2015051313;1;2;1;2;6;750;16/10/2015
2015051314;1;2;2;2;4;750;16/10/2015
2015051315;1;2;2;1;6;750;18/10/2015
2015051316;1;2;2;1;6;750;19/10/2015
2015051317;5;2;3;1;2;750;21/10/2015
2015051318;1;2;2;1;3;750;24/10/2015
2015051319;1;2;3;1;6;750;26/10/2015
2015051320;1;2;5;8;7;750;28/10/2015
2015051321;1;2;3;1;3;750;30/10/2015
2015051322;5;2;2;1;6;750;31/10/2015
2015051323;1;2;7;1;6;750;01/11/2015
2015051324;1;2;7;1;6;750;04/11/2015
2015051325;1;2;1;8;6;750;06/11/2015
2015051326;5;2;2;1;6;750;10/11/2015
2015051327;5;2;3;1;6;750;11/11/2015
2015051328;1;2;5;1;3;750;12/11/2015
2015051329;1;2;4;1;6;750;13/11/2015
2015051330;1;2;7;1;6;750;15/11/2015
2015051331;5;2;5;1;2;750;17/11/2015
2015051332;5;2;2;2;3;750;19/11/2015
2015051333;2;2;1;1;2;750;23/11/2015
2015051334;5;2;5;2;6;750;25/11/2015
2015051335;5;2;2;2;3;750;29/11/2015
2015051336;1;2;1;1;6;750;02/12/2015
2015051337;1;2;2;1;7;750;03/12/2015
2015051338;1;2;2;7;6;750;04/12/2015
2015051339;5;2;5;1;1;750;05/12/2015
2015051340;1;2;1;1;3;750;07/12/2015
2015051341;1;2;2;1;6;750;08/12/2015
2015051342;5;2;1;8;6;750;11/12/2015
2015051343;1;2;1;1;3;750;12/12/2015
2015051344;5;2;5;1;3;750;11/12/2015
2015051345;5;2;5;1;3;750;14/12/2015
2015051346;5;2;1;1;6;750;14/12/2015
2015051347;5;2;2;8;3;750;16/12/2015
2015051348;5;2;2;1;6;750;19/12/2015
2015051349;1;2;5;1;4;750;19/12/2015
2015051350;5;2;2;2;6;750;21/12/2015
2015051351;5;2;2;1;6;750;23/12/2015
2015051352;1;2;3;1;6;750;31/12/2015
2015051353;5;2;7;1;6;750;04/01/2015
2015051354;1;2;3;1;3;750;14/01/2015
2015051355;5;2;1;1;6;750;15/01/2015
2015051356;2;2;2;1;3;750;18/01/2015
2015051357;2;2;7;1;6;750;19/01/2015
2015051358;1;2;1;1;1;750;22/01/2015
2015051359;1;2;2;1;6;750;23/01/2015
2015051360;2;2;3;1;1;750;25/01/2015
2015051361;5;2;1;1;1;750;25/01/2015
2015051362;5;2;4;2;3;750;29/01/2015
2015051363;1;2;1;1;4;750;30/01/2015
2015051364;5;2;3;2;6;750;31/01/2015
2015051365;1;2;5;1;6;750;06/02/2015
2015051366;1;2;1;1;6;750;07/02/2015
2015051367;2;2;1;1;6;750;09/02/2015
2015051368;1;2;7;1;7;750;09/02/2015
2015051369;5;2;2;2;7;750;13/02/2015
2015051370;5;2;3;1;6;750;15/02/2015
2015051371;5;2;1;1;3;750;19/02/2015
2015051372;1;2;3;2;6;750;20/02/2015
2015051373;1;2;5;1;3;750;22/02/2015
2015051374;1;2;7;1;3;750;24/02/2015
2015051375;1;2;1;8;6;750;25/02/2015
2015051376;5;2;7;2;3;750;25/02/2015
2015051377;5;2;1;1;6;750;04/03/2015
2015051378;1;2;3;1;2;750;04/03/2015
2015051379;5;2;7;1;6;750;06/03/2015
2015051380;1;2;1;1;6;750;07/03/2015
2015051381;5;2;2;1;6;750;08/03/2015
2015051382;1;2;1;2;3;750;09/03/2015
2015051383;1;2;1;1;6;750;11/03/2015
2015051384;1;2;2;1;6;750;17/03/2015
2015051385;3;2;1;1;7;750;18/03/2015
2015051386;1;2;2;1;3;750;20/03/2015
2015051387;5;2;3;2;7;750;24/03/2015
2015051388;5;2;1;1;6;750;25/03/2015
2015051389;1;2;2;1;3;750;29/03/2015
2015051390;5;2;5;2;6;750;03/04/2015
2015051391;5;2;2;2;3;750;04/04/2015
2015051392;1;2;5;1;7;750;07/04/2015
2015051393;1;2;1;1;6;750;08/04/2015
2015051394;1;2;2;1;3;750;10/04/2015
2015051395;1;2;1;1;3;750;13/04/2015
2015051396;1;2;2;1;2;750;15/04/2015
2015051397;5;2;1;1;2;750;16/04/2015
2015051398;5;2;1;1;6;750;18/04/2015
2015051399;1;2;6;3;4;750;19/04/2015
2015051400;1;2;2;1;6;750;20/04/2015
2015051401;1;2;1;1;3;750;23/04/2015
2015051402;5;2;1;2;6;750;25/04/2015
2015051403;1;2;2;1;6;750;25/04/2015
2015051404;1;2;7;1;3;750;28/04/2015
2015051405;1;2;3;1;3;750;28/04/2015
2015051406;1;2;1;1;7;750;01/05/2015
2015051407;1;2;3;1;6;750;04/05/2015
2015051408;1;2;2;1;5;750;06/05/2015
2015051409;5;2;7;1;3;750;07/05/2015
2015051410;2;2;7;1;6;750;08/05/2015
2015051411;5;2;1;1;6;750;10/05/2015
2015051412;1;2;3;1;3;750;13/05/2015
2015051413;1;2;2;1;6;750;16/05/2015
2015051414;1;2;2;1;6;750;20/05/2015
2015051415;1;2;3;1;6;750;20/05/2015
2015051416;1;2;2;1;6;750;22/05/2015
2015051417;1;2;3;2;6;750;25/05/2015
2015051418;1;2;1;1;3;750;26/05/2015
2015051419;1;2;3;1;2;750;26/05/2015
2015051420;5;2;1;1;6;750;31/05/2015
2015051421;1;2;2;1;6;750;02/06/2015
2015051422;1;2;2;1;3;750;02/06/2015
2015051423;1;2;1;1;3;750;02/06/2015
2015051424;1;2;2;1;6;750;05/06/2015
2015051425;2;2;5;1;7;750;04/06/2015
2015051426;1;2;2;1;3;750;06/06/2015
2015051427;1;2;1;2;6;750;08/06/2015
2015051428;1;2;4;1;7;750;08/06/2015
2015051429;1;2;2;1;3;750;08/06/2015
2015051430;1;2;7;1;2;750;09/06/2015
2015051431;1;2;3;1;2;750;09/06/2015
2015051432;1;2;3;1;1;750;11/06/2015
2015051433;1;2;1;1;2;750;12/06/2015
2015051434;1;2;3;1;1;750;12/06/2015
2015051435;1;2;2;1;6;750;12/06/2015
2015051436;1;2;2;1;3;750;17/06/2015
2015051437;1;2;1;1;6;750;17/06/2015
2015051438;1;2;2;1;6;750;18/06/2015
2015051439;2;2;1;1;3;750;21/06/2015
2015051440;1;2;3;1;3;750;25/06/2015
2015051441;1;2;7;1;2;750;25/06/2015
2015051442;1;2;2;1;6;750;27/06/2015
2015051443;1;2;1;1;3;750;30/06/2015
2015051444;5;2;1;1;6;750;02/07/2015
2015051445;1;2;3;1;6;750;02/07/2015
2015051446;1;2;5;1;6;750;06/07/2015
2015051447;1;2;1;1;2;750;06/07/2015
2015051448;1;2;5;1;3;750;07/07/2015
2015051449;1;2;2;1;3;750;08/07/2015
2015051450;5;2;7;1;3;750;08/07/2015
2015051451;1;2;1;1;3;750;13/07/2015
2015051452;1;2;2;1;6;750;15/07/2015
2015051453;1;2;1;1;6;750;16/07/2015
2015051454;1;2;7;1;7;750;17/07/2015
2015051455;1;2;1;1;6;750;25/07/2015
2015051456;1;2;3;2;7;750;26/07/2015
2015051457;5;2;3;1;7;750;28/07/2015
2015051458;1;2;1;1;6;750;02/08/2015
2015051459;1;2;7;1;3;750;03/08/2015
2015051460;5;2;2;1;6;750;04/08/2015
2015051461;1;2;5;1;6;750;07/08/2015
2015051462;5;2;3;1;3;750;09/08/2015
2015051463;5;2;7;1;6;750;11/08/2015
2015051464;2;2;3;2;3;750;13/08/2015
2015051465;5;2;7;1;6;750;16/08/2015
2015051466;1;2;3;1;6;750;21/08/2015
2015051467;1;2;2;1;2;750;26/08/2015
2015051468;1;2;2;1;3;750;29/08/2015
2015051469;5;2;1;1;2;750;31/08/2015
2015051470;1;2;2;1;2;750;02/09/2015
2015051471;1;2;2;8;3;750;04/09/2015
2015051472;1;2;5;1;6;750;05/09/2015
2015051473;1;2;1;1;6;750;05/09/2015
2015051474;1;2;2;1;6;750;07/09/2015
2015051475;1;2;7;1;3;750;09/09/2015
2015051476;5;2;1;1;7;750;09/09/2015
2015051477;5;2;3;1;6;750;10/09/2015
2015051478;1;2;3;1;2;750;11/09/2015
2015051479;1;2;1;1;6;750;15/09/2015
2015051480;1;2;7;3;7;750;16/09/2015
2015051481;1;2;1;1;6;750;19/09/2015
2015051482;1;2;5;1;6;750;20/09/2015
2015051483;1;2;2;1;6;750;20/09/2015
2015051484;1;2;5;1;7;750;21/09/2015
2015051485;1;2;1;1;3;750;29/09/2015
2015051486;1;2;1;1;6;750;01/10/2015
2015051487;1;2;1;2;2;750;06/10/2015
2015051488;1;2;1;1;3;750;10/10/2015
2015051489;2;2;5;1;3;750;13/10/2015
2015051490;1;2;1;1;7;750;14/10/2015
2015051491;2;2;7;1;3;750;15/10/2015
2015051492;5;2;1;2;2;750;16/10/2015
2015051493;1;2;1;2;4;750;17/10/2015
2015051494;1;2;3;1;4;750;20/10/2015
2015051495;1;2;1;8;3;750;22/10/2015
2015051496;1;2;3;1;3;750;23/10/2015
2015051497;5;2;1;1;2;750;23/10/2015
2015051498;1;2;5;1;3;750;24/10/2015
2015051499;1;2;2;1;6;750;01/11/2015
2015051500;1;2;3;1;6;750;02/11/2015
2015051501;5;2;2;2;3;750;03/11/2015
2015051502;1;2;5;1;3;750;04/11/2015
2015051503;1;2;7;1;3;750;04/11/2015
2015051504;5;2;7;8;6;750;06/11/2015
2015051505;5;2;2;1;3;750;08/11/2015
2015051506;5;2;3;1;7;750;10/11/2015
2015051507;1;2;1;8;7;750;12/11/2015
2015051508;1;2;5;8;7;750;12/11/2015
2015051509;5;2;2;2;3;750;17/11/2015
2015051510;5;2;7;2;3;750;17/11/2015
2015051511;5;2;2;2;3;750;17/11/2015
2015051512;1;2;2;2;2;750;19/11/2015
2015051513;5;2;2;2;6;750;21/11/2015
2015051514;1;2;3;3;2;750;24/11/2015
2015051515;1;2;1;1;7;750;24/11/2015
2015051516;5;2;7;2;6;750;24/11/2015
2015051517;1;2;4;1;6;750;30/11/2015
2015051518;1;2;7;1;3;750;02/12/2015
2015051519;1;2;2;1;3;750;05/12/2015
2015051520;1;2;4;1;6;750;05/12/2015
2015051521;1;2;7;1;7;750;12/12/2015
2015051522;5;2;5;2;3;750;21/12/2015
2015051523;1;2;2;1;2;750;23/12/2015
2015051524;1;2;5;2;7;750;29/12/2015
2015051525;5;2;7;1;3;750;05/01/2015
2015051526;2;2;1;8;6;750;06/01/2015
2015051527;5;2;3;1;3;750;07/01/2015
2015051528;1;2;3;1;2;750;08/01/2015
2015051529;1;2;1;2;6;750;09/01/2015
2015051530;1;2;2;1;6;750;11/01/2015
2015051531;5;2;7;1;6;750;14/01/2015
2015051532;1;2;3;2;6;750;15/01/2015
2015051533;5;2;2;2;7;750;15/01/2015
2015051534;5;2;2;1;3;750;15/01/2015
2015051535;5;2;3;2;4;750;16/01/2015
2015051536;5;2;1;1;2;750;17/01/2015
2015051537;1;2;2;1;3;750;17/01/2015
2015051538;5;2;1;1;2;750;17/01/2015
2015051539;5;2;3;1;3;750;18/01/2015
2015051540;5;2;1;1;6;750;19/01/2015
2015051541;5;2;7;1;3;750;19/01/2015
2015051542;1;2;5;1;7;750;20/01/2015
2015051543;5;2;7;1;6;750;20/01/2015
2015051544;5;2;2;1;3;750;20/01/2015
2015051545;1;2;3;1;6;750;21/01/2015
2015051546;5;2;3;1;6;750;22/01/2015
2015051547;5;2;1;1;7;750;23/01/2015
2015051548;1;2;1;1;6;750;23/01/2015
2015051549;5;2;7;1;3;750;26/01/2015
2015051550;1;2;7;1;3;750;27/01/2015
2015051551;1;2;7;1;2;750;27/01/2015
2015051552;5;2;7;1;6;750;29/01/2015
2015051553;1;2;2;2;6;750;30/01/2015
2015051554;5;2;1;2;6;750;31/01/2015
2015051555;5;2;4;1;6;750;03/02/2015
2015051556;1;2;3;1;2;750;04/02/2015
2015051557;1;2;2;1;3;750;05/02/2015
2015051558;1;2;1;1;6;750;05/02/2015
2015051559;5;2;5;1;3;750;05/02/2015
2015051560;5;2;3;1;7;750;06/02/2015
2015051561;1;2;1;1;6;750;06/02/2015
2015051562;1;2;2;1;7;750;06/02/2015
2015051563;1;2;2;1;7;750;07/02/2015
2015051564;5;2;1;2;6;750;08/02/2015
2015051565;1;2;3;1;7;750;09/02/2015
2015051566;1;2;3;1;6;750;09/02/2015
2015051567;5;2;7;1;6;750;10/02/2015
2015051568;3;2;1;1;6;750;12/02/2015
2015051569;5;2;7;2;6;750;13/02/2015
2015051570;5;2;7;2;6;750;14/02/2015
2015051571;5;2;1;2;3;750;14/02/2015
2015051572;1;2;3;1;6;750;19/02/2015
2015051573;1;2;3;1;6;750;19/02/2015
2015051574;1;2;1;2;3;750;20/02/2015
2015051575;5;2;3;2;3;750;20/02/2015
2015051576;1;2;2;1;3;750;22/02/2015
2015051577;1;2;1;8;2;750;24/02/2015
2015051578;1;2;2;2;7;750;26/02/2015
2015051579;1;2;4;1;6;750;27/02/2015
2015051580;1;2;1;2;7;750;02/03/2015
2015051581;5;2;2;1;6;750;03/03/2015
2015051582;1;2;1;1;7;750;05/03/2015
2015051583;5;2;1;1;6;750;07/03/2015
2015051584;5;2;2;1;6;750;09/03/2015
2015051585;5;2;4;1;6;750;09/03/2015
2015051586;5;2;2;1;3;750;10/03/2015
2015051587;2;2;1;1;6;750;10/03/2015
2015051588;1;2;2;1;6;750;11/03/2015
2015051589;5;2;1;1;6;750;12/03/2015
2015051590;5;2;3;1;2;750;12/03/2015
2015051591;1;2;1;1;3;750;16/03/2015
2015051592;1;2;7;1;2;750;16/03/2015
2015051593;5;2;1;1;7;750;19/03/2015
2015051594;5;2;7;1;2;750;21/03/2015
2015051595;5;2;1;1;6;750;22/03/2015
2015051596;1;2;3;1;2;750;23/03/2015
2015051597;1;2;7;3;2;750;24/03/2015
2015051598;5;2;1;3;6;750;25/03/2015
2015051599;1;2;1;1;3;750;25/03/2015
2015051600;1;2;2;8;7;750;26/03/2015
2015051601;1;2;5;8;7;750;26/03/2015
2015051602;5;2;1;1;4;750;27/03/2015
2015051603;5;2;4;1;6;750;27/03/2015
2015051604;5;2;1;1;6;750;27/03/2015
2015051605;5;2;7;2;6;750;29/03/2015
2015051606;5;2;2;2;6;750;29/03/2015
2015051607;1;2;3;1;6;750;31/03/2015
2015051608;1;2;2;1;3;750;01/04/2015
2015051609;1;2;2;2;6;750;02/04/2015
2015051610;3;2;1;2;7;750;03/04/2015
2015051611;1;2;1;1;6;750;04/04/2015
2015051612;1;2;7;1;3;750;08/04/2015
2015051613;5;2;3;1;6;750;12/04/2015
2015051614;5;2;2;1;2;750;12/04/2015
2015051615;1;2;4;1;6;750;14/04/2015
2015051616;1;2;1;1;3;750;14/04/2015
2015051617;1;2;5;7;3;750;14/04/2015
2015051618;1;2;3;1;6;750;17/04/2015
2015051619;1;2;7;1;2;750;18/04/2015
2015051620;1;2;7;1;3;750;18/04/2015
2015051621;1;2;3;1;6;750;18/04/2015
2015051622;1;2;3;7;6;750;20/04/2015
2015051623;1;2;2;1;6;750;22/04/2015
2015051624;1;2;2;1;3;750;23/04/2015
2015051625;1;2;2;1;6;750;23/04/2015
2015051626;1;2;7;1;3;750;23/04/2015
2015051627;1;2;7;1;3;750;23/04/2015
2015051628;5;2;2;1;6;750;25/04/2015
2015051629;1;2;2;1;3;750;25/04/2015
2015051630;1;2;1;1;6;750;27/04/2015
2015051631;1;2;1;1;3;750;28/04/2015
2015051632;1;2;7;1;3;750;29/04/2015
2015051633;1;2;3;1;2;750;29/04/2015
2015051634;1;2;7;3;3;750;30/04/2015
2015051635;5;2;1;2;2;750;30/04/2015
2015051636;2;2;7;8;6;750;03/05/2015
2015051637;1;2;7;2;1;750;03/05/2015
2015051638;1;2;2;2;2;750;04/05/2015
2015051639;1;2;4;1;3;750;05/05/2015
2015051640;1;2;2;1;2;750;05/05/2015
2015051641;1;2;2;1;6;750;07/05/2015
2015051642;5;2;1;1;3;750;09/05/2015
2015051643;1;2;1;1;5;750;07/05/2015
2015051644;1;2;4;1;3;750;11/05/2015
2015051645;1;2;3;1;2;750;12/05/2015
2015051646;1;2;3;1;7;750;19/05/2015
2015051647;1;2;4;2;4;750;19/05/2015
2015051648;1;2;7;1;3;750;20/05/2015
2015051649;1;2;2;1;6;750;21/05/2015
2015051650;5;2;3;1;6;750;23/05/2015
2015051651;5;2;7;1;6;750;24/05/2015
2015051652;5;2;1;1;6;750;24/05/2015
2015051653;1;2;1;1;7;750;24/05/2015
2015051654;1;2;7;1;3;750;26/05/2015
2015051655;1;2;1;1;2;750;27/05/2015
2015051656;1;2;7;1;6;750;27/05/2015
2015051657;1;2;7;1;2;750;28/05/2015
2015051658;1;2;4;1;7;750;28/05/2015
2015051659;5;2;7;1;2;750;29/05/2015
2015051660;1;2;2;1;3;750;29/05/2015
2015051661;5;2;2;2;6;750;30/05/2015
2015051662;5;2;2;1;2;750;31/05/2015
2015051663;1;2;2;2;1;750;31/05/2015
2015051664;5;2;7;2;3;750;31/05/2015
2015051665;1;2;7;1;6;750;02/06/2015
2015051666;1;2;2;1;6;750;05/06/2015
2015051667;1;2;3;1;3;750;26/06/2015
2015051668;1;2;7;1;6;750;31/05/2015
2015051669;1;2;1;1;2;750;01/06/2015
2015051670;1;2;2;1;3;750;02/06/2015
2015051671;1;2;7;1;3;750;02/06/2015
2015051672;5;2;2;1;5;750;03/06/2015
2015051673;1;2;1;1;6;750;05/06/2015
2015051674;1;2;2;1;3;750;05/06/2015
2015051675;1;2;7;1;6;750;05/06/2015
2015051676;1;2;7;1;6;750;09/07/2015
2015051677;1;2;4;1;6;750;05/06/2015
2015051678;1;2;2;1;3;750;08/06/2015
2015051679;1;2;3;1;4;750;08/06/2015
2015051680;1;2;3;1;7;750;09/06/2015
2015051681;1;2;2;1;6;750;10/06/2015
2015051682;5;2;1;1;3;750;11/06/2015
2015051683;1;2;3;1;6;750;12/06/2015
2015051684;1;2;1;1;3;750;12/06/2015
2015051685;1;2;4;1;6;750;13/06/2015
2015051686;1;2;3;1;2;750;15/06/2015
2015051687;1;2;2;1;7;750;16/06/2015
2015051688;1;2;2;7;6;750;17/06/2015
2015051689;1;2;7;1;3;750;17/06/2015
2015051690;1;2;7;1;2;750;19/06/2015
2015051691;1;2;2;1;3;750;23/06/2015
2015051692;1;2;1;1;3;750;24/06/2015
2015051693;5;2;1;1;2;750;25/06/2015
2015051694;1;2;1;1;6;750;25/06/2015
2015051695;1;2;1;1;2;750;26/06/2015