num_acc;lum;agg;inter;atm;col;dep;date
2015052276;1;2;1;1;3;750;04/12/2015
2015052277;5;2;2;1;3;750;10/12/2015
2015052278;1;2;1;8;6;750;12/12/2015
2015052279;5;2;2;1;3;750;12/12/2015
2015052280;5;2;1;1;2;750;13/12/2015
2015052281;4;2;1;1;6;750;16/12/2015
2015052282;5;2;2;1;6;750;17/12/2015
2015052283;5;2;2;1;3;750;17/12/2015
2015052284;5;2;1;1;2;750;18/12/2015
2015052285;5;2;1;1;6;750;19/12/2015
2015052286;1;2;1;1;2;750;21/12/2015
2015052287;5;2;5;1;1;750;28/12/2015
2015052288;5;2;2;1;3;750;01/01/2015
2015052289;5;2;2;2;6;750;03/01/2015
2015052290;3;2;2;1;3;750;05/01/2015
2015052291;5;2;2;1;6;750;05/01/2015
2015052292;1;2;1;1;6;750;09/01/2015
2015052293;1;2;2;1;7;750;14/01/2015
2015052294;1;2;3;2;3;750;15/01/2015
2015052295;5;2;7;2;6;750;15/01/2015
2015052296;5;2;5;1;6;750;16/01/2015
2015052297;1;2;1;1;3;750;20/01/2015
2015052298;1;2;2;1;3;750;21/01/2015
2015052299;5;2;3;1;3;750;23/01/2015
2015052300;5;2;1;2;6;750;26/01/2015
2015052301;5;2;2;3;6;750;31/01/2015
2015052302;5;2;7;1;6;750;02/02/2015
2015052303;5;2;1;1;6;750;04/02/2015
2015052304;5;2;2;1;6;750;06/02/2015
2015052305;5;2;2;1;6;750;06/02/2015
2015052306;1;2;2;1;6;750;07/02/2015
2015052307;1;2;3;1;6;750;09/02/2015
2015052308;5;2;7;1;7;750;10/02/2015
2015052309;5;2;2;2;3;750;13/02/2015
2015052310;1;2;3;1;3;750;15/02/2015
2015052311;5;2;2;1;3;750;15/02/2015
2015052312;5;2;2;1;6;750;18/02/2015
2015052313;1;2;2;1;3;750;19/02/2015
2015052314;1;2;2;1;3;750;19/02/2015
2015052315;1;2;7;2;2;750;20/02/2015
2015052316;1;2;2;2;6;750;20/02/2015
2015052317;5;2;1;3;6;750;21/02/2015
2015052318;5;2;3;1;6;750;22/02/2015
2015052319;1;2;7;8;3;750;23/02/2015
2015052320;5;2;5;2;7;750;25/02/2015
2015052321;1;2;2;2;7;750;26/02/2015
2015052322;5;2;1;2;6;750;27/02/2015
2015052323;5;2;1;1;6;750;27/02/2015
2015052324;5;2;2;1;6;750;28/02/2015
2015052325;5;2;2;1;3;750;28/02/2015
2015052326;1;2;3;1;3;750;02/03/2015
2015052327;1;2;2;8;6;750;04/03/2015
2015052328;5;2;1;1;3;750;05/03/2015
2015052329;1;2;1;1;6;750;11/03/2015
2015052330;5;2;2;1;3;750;12/03/2015
2015052331;1;2;1;1;1;750;12/03/2015
2015052332;1;2;3;1;6;750;13/03/2015
2015052333;5;2;5;1;3;750;13/03/2015
2015052334;1;2;2;1;6;750;17/03/2015
2015052335;5;2;1;2;6;750;28/03/2015
2015052336;5;2;2;1;6;750;29/03/2015
2015052337;5;2;2;2;2;750;29/03/2015
2015052338;1;2;3;1;7;750;30/03/2015
2015052339;1;2;3;1;7;750;01/04/2015
2015052340;1;2;1;1;2;750;01/04/2015
2015052341;2;2;1;2;3;750;03/04/2015
2015052342;1;2;2;9;6;750;04/04/2015
2015052343;1;2;2;1;3;750;06/04/2015
2015052344;1;2;2;1;6;750;07/04/2015
2015052345;1;2;3;1;2;750;09/04/2015
2015052346;1;2;1;1;3;750;09/04/2015
2015052347;2;2;1;1;3;750;09/04/2015
2015052348;1;2;3;1;3;750;10/04/2015
2015052349;1;2;3;2;6;750;11/04/2015
2015052350;1;2;2;1;3;750;11/04/2015
2015052351;1;2;3;1;6;750;13/04/2015
2015052352;1;2;7;1;3;750;14/04/2015
2015052353;1;2;7;1;3;750;14/04/2015
2015052354;1;2;1;1;6;750;16/04/2015
2015052355;1;2;1;1;6;750;17/04/2015
2015052356;5;2;3;1;3;750;18/04/2015
2015052357;1;2;2;1;3;750;18/04/2015
2015052358;1;2;2;1;6;750;20/04/2015
2015052359;1;2;2;1;1;750;21/04/2015
2015052360;1;2;2;1;1;750;21/04/2015
2015052361;1;2;1;1;7;750;21/04/2015
2015052362;1;2;2;1;3;750;22/04/2015
2015052363;1;2;2;1;2;750;23/04/2015
2015052364;5;2;2;1;3;750;23/04/2015
2015052365;1;2;3;1;6;750;24/04/2015
2015052366;1;2;1;2;6;750;24/04/2015
2015052367;5;2;2;1;7;750;24/04/2015
2015052368;1;2;2;1;2;750;25/04/2015
2015052369;1;2;1;1;3;750;27/04/2015
2015052370;1;2;1;2;3;750;30/04/2015
2015052371;1;2;7;8;3;750;03/05/2015
2015052372;1;2;7;1;3;750;07/05/2015
2015052373;1;2;1;1;6;750;07/05/2015
2015052374;5;2;3;1;6;750;08/05/2015
2015052375;1;2;2;1;6;750;11/05/2015
2015052376;1;2;1;1;6;750;13/05/2015
2015052377;1;2;7;1;3;750;14/05/2015
2015052378;1;2;1;1;6;750;15/05/2015
2015052379;1;2;7;1;3;750;16/05/2015
2015052380;1;2;7;1;2;750;17/05/2015
2015052381;2;2;3;1;2;750;16/05/2015
2015052382;1;2;2;1;6;750;18/05/2015
2015052383;1;2;1;1;6;750;18/05/2015
2015052384;1;2;5;1;6;750;20/05/2015
2015052385;1;2;2;1;6;750;20/05/2015
2015052386;1;2;7;1;3;750;20/05/2015
2015052387;1;2;1;1;2;750;21/05/2015
2015052388;5;2;2;1;2;750;23/05/2015
2015052389;5;2;2;1;1;750;23/05/2015
2015052390;2;2;2;1;6;750;23/05/2015
2015052391;1;2;7;1;2;750;24/05/2015
2015052392;1;2;2;1;6;750;25/05/2015
2015052393;1;2;1;1;2;750;25/05/2015
2015052394;1;2;7;1;3;750;26/05/2015
2015052395;1;2;4;1;6;750;29/05/2015
2015052396;2;2;2;1;3;750;29/05/2015
2015052397;5;2;3;1;7;750;31/05/2015
2015052398;1;2;2;1;1;750;31/05/2015
2015052399;1;2;1;1;6;750;02/06/2015
2015052400;1;2;5;1;7;750;03/06/2015
2015052401;5;2;2;1;6;750;05/06/2015
2015052402;1;2;3;1;6;750;05/06/2015
2015052403;1;2;2;1;3;750;12/06/2015
2015052404;1;2;3;1;6;750;12/06/2015
2015052405;5;2;2;1;6;750;13/06/2015
2015052406;1;2;3;1;3;750;13/06/2015
2015052407;5;2;1;1;6;750;14/06/2015
2015052408;1;2;2;1;1;750;15/06/2015
2015052409;1;2;4;1;3;750;19/06/2015
2015052410;5;2;3;1;6;750;20/06/2015
2015052411;5;2;2;1;3;750;20/06/2015
2015052412;5;2;3;1;2;750;21/06/2015
2015052413;1;2;3;1;2;750;24/06/2015
2015052414;2;2;1;1;6;750;24/06/2015
2015052415;1;2;1;1;6;750;26/06/2015
2015052416;5;2;2;1;2;750;27/06/2015
2015052417;5;2;2;1;4;750;02/07/2015
2015052418;1;2;2;1;3;750;06/07/2015
2015052419;1;2;7;1;3;750;07/07/2015
2015052420;1;2;5;1;6;750;07/07/2015
2015052421;1;2;5;1;3;750;14/07/2015
2015052422;1;2;1;8;6;750;24/07/2015
2015052423;1;2;2;1;6;750;31/07/2015
2015052424;1;2;1;1;3;750;03/06/2015
2015052425;1;2;2;7;6;750;08/06/2015
2015052426;2;2;1;7;7;750;08/06/2015
2015052427;1;2;3;1;3;750;09/06/2015
2015052428;2;2;2;1;3;750;09/06/2015
2015052429;1;2;1;1;6;750;12/06/2015
2015052430;2;2;1;1;6;750;14/06/2015
2015052431;1;2;1;1;6;750;18/06/2015
2015052432;1;2;1;1;4;750;19/06/2015
2015052433;5;2;2;1;3;750;29/06/2015
2015052434;5;2;2;1;6;750;01/07/2015
2015052435;1;2;5;1;3;750;02/07/2015
2015052436;1;2;3;1;3;750;03/07/2015
2015052437;1;2;1;1;3;750;03/07/2015
2015052438;1;2;1;1;4;750;07/07/2015
2015052439;5;2;2;1;3;750;07/07/2015
2015052440;1;2;1;1;3;750;09/07/2015
2015052441;1;2;3;1;7;750;09/07/2015
2015052442;1;2;2;1;6;750;11/07/2015
2015052443;2;2;2;1;3;750;12/07/2015
2015052444;5;2;2;1;6;750;13/07/2015
2015052445;1;2;1;8;3;750;13/07/2015
2015052446;1;2;7;1;2;750;13/07/2015
2015052447;5;2;2;1;3;750;14/07/2015
2015052448;1;2;4;1;6;750;15/07/2015
2015052449;1;2;1;1;2;750;17/07/2015
2015052450;5;2;2;9;3;750;20/07/2015
2015052451;1;2;1;1;2;750;20/07/2015
2015052452;1;2;7;1;3;750;22/07/2015
2015052453;1;2;3;1;3;750;24/07/2015
2015052454;1;2;2;1;2;750;27/07/2015
2015052455;1;2;7;1;6;750;29/07/2015
2015052456;1;2;1;1;3;750;30/07/2015
2015052457;1;2;2;1;3;750;04/08/2015
2015052458;1;2;2;2;3;750;09/08/2015
2015052459;1;2;2;1;7;750;10/08/2015
2015052460;1;2;1;1;3;750;12/08/2015
2015052461;1;2;3;1;3;750;13/08/2015
2015052462;1;2;7;1;3;750;13/08/2015
2015052463;1;2;2;7;7;750;13/08/2015
2015052464;5;2;3;1;6;750;16/08/2015
2015052465;1;2;1;1;3;750;19/08/2015
2015052466;1;2;5;1;6;750;21/08/2015
2015052467;1;2;7;2;6;750;24/08/2015
2015052468;2;2;3;2;3;750;24/08/2015
2015052469;1;2;3;1;3;750;25/08/2015
2015052470;5;2;1;9;3;750;25/08/2015
2015052471;1;2;2;1;6;750;26/08/2015
2015052472;1;2;1;1;3;750;26/08/2015
2015052473;5;2;1;2;6;750;27/08/2015
2015052474;1;2;3;1;3;750;28/08/2015
2015052475;1;2;7;1;6;750;28/08/2015
2015052476;1;2;7;1;3;750;01/09/2015
2015052477;5;2;2;1;6;750;03/09/2015
2015052478;1;2;3;1;3;750;03/09/2015
2015052479;1;2;7;1;2;750;04/09/2015
2015052480;2;2;2;1;6;750;05/09/2015
2015052481;2;2;3;2;3;750;05/09/2015
2015052482;5;2;5;2;2;750;05/09/2015
2015052483;5;2;2;1;6;750;06/09/2015
2015052484;5;2;7;1;3;750;08/09/2015
2015052485;1;2;1;1;6;750;09/09/2015
2015052486;1;2;2;1;3;750;09/09/2015
2015052487;1;2;2;1;6;750;10/09/2015
2015052488;1;2;3;1;3;750;11/09/2015
2015052489;1;2;3;1;6;750;11/09/2015
2015052490;1;2;1;8;3;750;12/09/2015
2015052491;1;2;7;1;3;750;15/09/2015
2015052492;1;2;1;8;3;750;17/09/2015
2015052493;1;2;5;1;6;750;18/09/2015
2015052494;1;2;3;3;2;750;18/09/2015
2015052495;1;2;7;1;3;750;19/09/2015
2015052496;1;2;1;1;3;750;19/09/2015
2015052497;1;2;3;1;7;750;19/09/2015
2015052498;1;2;2;1;6;750;20/09/2015
2015052499;5;2;7;1;6;750;19/09/2015
2015052500;1;2;3;1;6;750;21/09/2015
2015052501;5;2;1;2;2;750;22/09/2015
2015052502;5;2;1;1;3;750;23/09/2015
2015052503;5;2;2;1;3;750;23/09/2015
2015052504;1;2;2;1;6;750;25/09/2015
2015052505;5;2;2;1;3;750;25/09/2015
2015052506;1;2;2;1;3;750;28/09/2015
2015052507;1;2;2;1;6;750;29/09/2015
2015052508;1;2;3;1;2;750;29/09/2015
2015052509;1;2;1;1;2;750;29/09/2015
2015052510;1;2;5;1;2;750;30/09/2015
2015052511;2;2;1;1;6;750;01/10/2015
2015052512;1;2;4;7;6;750;02/10/2015
2015052513;1;2;3;1;6;750;02/10/2015
2015052514;2;2;3;1;3;750;03/10/2015
2015052515;1;2;3;1;2;750;07/10/2015
2015052516;4;2;1;1;3;750;07/10/2015
2015052517;1;2;5;1;6;750;09/10/2015
2015052518;1;2;3;2;7;750;06/10/2015
2015052519;1;2;1;1;6;750;10/10/2015
2015052520;5;2;1;1;3;750;10/10/2015
2015052521;1;2;2;1;3;750;11/10/2015
2015052522;1;2;7;1;2;750;12/10/2015
2015052523;1;2;2;1;6;750;13/10/2015
2015052524;1;2;4;1;6;750;13/10/2015
2015052525;1;2;1;1;3;750;14/10/2015
2015052526;1;2;2;1;3;750;15/10/2015
2015052527;5;2;2;1;6;750;15/10/2015
2015052528;1;2;1;1;3;750;20/10/2015
2015052529;1;2;2;2;6;750;22/10/2015
2015052530;1;2;1;1;4;750;22/10/2015
2015052531;5;2;7;2;7;750;22/10/2015
2015052532;1;2;2;1;2;750;23/10/2015
2015052533;1;2;2;1;2;750;23/10/2015
2015052534;5;2;7;1;3;750;24/10/2015
2015052535;4;2;7;2;3;750;27/10/2015
2015052536;4;2;1;1;6;750;29/10/2015
2015052537;1;2;2;1;2;750;30/10/2015
2015052538;1;2;3;1;3;750;02/11/2015
2015052539;1;2;1;1;3;750;02/11/2015
2015052540;1;2;5;1;3;750;02/11/2015
2015052541;5;2;2;1;3;750;02/11/2015
2015052542;5;2;7;1;2;750;05/11/2015
2015052543;1;2;3;1;3;750;07/11/2015
2015052544;5;2;1;1;3;750;07/11/2015
2015052545;1;2;2;1;3;750;08/11/2015
2015052546;5;2;2;1;3;750;11/11/2015
2015052547;5;2;3;2;3;750;11/11/2015
2015052548;1;2;5;8;3;750;12/11/2015
2015052549;1;2;5;1;3;750;12/11/2015
2015052550;5;2;5;1;7;750;13/11/2015
2015052551;5;2;3;1;6;750;16/11/2015
2015052552;5;2;2;1;3;750;13/11/2015
2015052553;5;2;1;1;6;750;16/11/2015
2015052554;1;2;3;1;6;750;18/11/2015
2015052555;4;2;3;1;6;750;18/11/2015
2015052556;1;2;3;1;2;750;18/11/2015
2015052557;1;2;2;3;7;750;20/11/2015
2015052558;1;2;3;2;6;750;20/11/2015
2015052559;5;2;1;1;6;750;21/11/2015
2015052560;1;2;2;8;3;750;21/11/2015
2015052561;5;2;2;1;3;750;21/11/2015
2015052562;1;2;2;1;3;750;22/11/2015
2015052563;5;2;7;1;3;750;23/11/2015
2015052564;5;2;1;1;6;750;23/11/2015
2015052565;1;2;2;1;3;750;24/11/2015
2015052566;5;2;3;2;6;750;24/11/2015
2015052567;5;2;3;2;3;750;24/11/2015
2015052568;1;2;2;2;2;750;25/11/2015
2015052569;1;2;2;1;6;750;26/11/2015
2015052570;5;2;2;1;3;750;26/11/2015
2015052571;1;2;3;1;6;750;27/11/2015
2015052572;5;2;2;2;6;750;27/11/2015
2015052573;1;2;2;1;3;750;28/11/2015
2015052574;1;2;1;1;2;750;28/11/2015
2015052575;1;2;1;1;2;750;28/11/2015
2015052576;1;2;2;1;6;750;29/11/2015
2015052577;1;2;2;8;6;750;01/12/2015
2015052578;5;2;5;1;3;750;03/12/2015
2015052579;5;2;2;1;6;750;04/12/2015
2015052580;5;2;4;1;6;750;05/12/2015
2015052581;5;2;1;1;6;750;06/12/2015
2015052582;1;2;1;1;3;750;07/12/2015
2015052583;1;2;2;1;2;750;08/12/2015
2015052584;1;2;1;3;6;750;08/12/2015
2015052585;2;2;4;2;6;750;08/12/2015
2015052586;1;2;1;1;2;750;09/12/2015
2015052587;5;2;7;1;6;750;10/12/2015
2015052588;5;2;3;2;3;750;11/12/2015
2015052589;5;2;2;1;6;750;14/12/2015
2015052590;1;2;1;2;7;750;15/12/2015
2015052591;1;2;1;9;1;750;16/12/2015
2015052592;5;2;3;1;3;750;17/12/2015
2015052593;1;2;2;1;7;750;18/12/2015
2015052594;1;2;3;1;6;750;19/12/2015
2015052595;2;2;2;2;3;750;23/12/2015
2015052596;1;2;3;1;7;750;23/12/2015
2015052597;1;2;1;1;6;750;23/12/2015
2015052598;1;2;2;1;3;750;23/12/2015
2015052599;1;2;3;1;6;750;26/12/2015
2015052600;5;2;3;1;2;750;27/12/2015
2015052601;1;2;2;1;3;750;27/12/2015
2015052602;1;2;1;1;6;750;29/12/2015
2015052603;1;2;2;1;3;750;01/01/2015
2015052604;1;2;2;2;3;750;02/01/2015
2015052605;1;2;5;2;3;750;03/01/2015
2015052606;2;2;1;1;6;750;04/01/2015
2015052607;1;2;1;1;6;750;05/01/2015
2015052608;1;2;3;2;6;750;08/01/2015
2015052609;1;2;1;2;3;750;09/01/2015
2015052610;5;2;2;8;1;750;11/01/2015
2015052611;5;2;1;1;6;750;10/01/2015
2015052612;5;2;1;1;6;750;11/01/2015
2015052613;1;2;2;1;3;750;12/01/2015
2015052614;1;2;3;8;3;750;13/01/2015
2015052615;1;2;3;1;6;750;13/01/2015
2015052616;1;2;1;1;3;750;14/01/2015
2015052617;1;2;2;1;6;750;17/01/2015
2015052618;1;2;5;1;3;750;22/01/2015
2015052619;1;2;7;1;6;750;23/01/2015
2015052620;1;2;7;2;2;750;21/01/2015
2015052621;1;2;2;2;2;750;26/01/2015
2015052622;5;2;2;1;6;750;28/01/2015
2015052623;1;2;1;2;3;750;29/01/2015
2015052624;5;2;1;2;6;750;29/01/2015
2015052625;5;2;1;2;4;750;30/01/2015
2015052626;5;2;2;2;5;750;31/01/2015
2015052627;5;2;3;2;3;750;01/02/2015
2015052628;2;2;2;4;6;750;02/02/2015
2015052629;5;2;1;1;3;750;04/02/2015
2015052630;5;2;2;1;3;750;04/02/2015
2015052631;1;2;3;1;3;750;06/02/2015
2015052632;3;2;1;1;6;750;06/02/2015
2015052633;1;2;4;1;6;750;07/02/2015
2015052634;5;2;2;1;3;750;08/02/2015
2015052635;1;2;3;1;6;750;12/02/2015
2015052636;1;2;3;1;2;750;13/02/2015
2015052637;1;2;3;2;2;750;14/02/2015
2015052638;1;2;7;1;2;750;15/02/2015
2015052639;1;2;7;2;6;750;17/02/2015
2015052640;5;2;1;1;3;750;17/02/2015
2015052641;5;2;2;1;6;750;17/02/2015
2015052642;1;2;2;1;6;750;18/02/2015
2015052643;1;2;1;2;3;750;20/02/2015
2015052644;1;2;1;7;2;750;24/02/2015
2015052645;1;2;1;2;6;750;25/02/2015
2015052646;5;2;3;2;3;750;25/02/2015
2015052647;1;2;2;2;3;750;26/02/2015
2015052648;5;2;2;1;6;750;26/02/2015
2015052649;1;2;2;1;3;750;27/02/2015
2015052650;1;2;1;1;4;750;01/03/2015
2015052651;5;2;1;9;2;750;02/03/2015
2015052652;5;2;7;1;7;750;03/03/2015
2015052653;1;2;2;1;4;750;04/03/2015
2015052654;5;2;3;1;3;750;05/03/2015
2015052655;1;2;1;1;6;750;05/03/2015
2015052656;1;2;1;1;2;750;05/03/2015
2015052657;1;2;1;1;6;750;06/03/2015
2015052658;1;2;3;1;6;750;06/03/2015
2015052659;5;2;1;1;6;750;07/03/2015
2015052660;5;2;2;1;3;750;08/03/2015
2015052661;1;2;2;1;3;750;09/03/2015
2015052662;1;2;3;1;3;750;09/03/2015
2015052663;1;2;1;1;6;750;10/03/2015
2015052664;1;2;1;1;4;750;10/03/2015
2015052665;1;2;4;1;4;750;10/03/2015
2015052666;5;2;4;1;3;750;10/03/2015
2015052667;1;2;4;1;3;750;11/03/2015
2015052668;1;2;2;1;6;750;11/03/2015
2015052669;1;2;1;1;3;750;12/03/2015
2015052670;5;2;2;1;4;750;12/03/2015
2015052671;5;2;1;1;5;750;12/03/2015
2015052672;5;2;1;1;6;750;12/03/2015
2015052673;5;2;3;1;3;750;13/03/2015
2015052674;1;2;1;1;6;750;14/03/2015
2015052675;5;2;4;1;3;750;14/03/2015
2015052676;1;2;2;1;3;750;17/03/2015
2015052677;1;2;1;1;6;750;17/03/2015
2015052678;1;2;1;1;3;750;17/03/2015
2015052679;5;2;1;1;6;750;18/03/2015
2015052680;1;2;2;1;6;750;18/03/2015
2015052681;1;2;1;1;6;750;20/03/2015
2015052682;1;2;2;1;3;750;20/03/2015
2015052683;1;2;1;1;3;750;22/03/2015
2015052684;1;2;3;1;6;750;24/03/2015
2015052685;5;2;2;2;6;750;24/03/2015
2015052686;1;2;3;2;6;750;26/03/2015
2015052687;1;2;1;1;7;750;27/03/2015
2015052688;1;2;1;1;6;750;27/03/2015
2015052689;5;2;7;1;6;750;27/03/2015
2015052690;1;2;3;2;2;750;28/03/2015
2015052691;1;2;5;2;6;750;29/03/2015
2015052692;5;2;2;1;3;750;30/03/2015
2015052693;1;2;4;1;2;750;01/04/2015
2015052694;5;2;2;1;3;750;03/04/2015
2015052695;5;2;5;2;6;750;03/04/2015
2015052696;5;2;5;2;3;750;04/04/2015
2015052697;5;2;7;1;3;750;04/04/2015
2015052698;1;2;5;1;6;750;06/04/2015
2015052699;1;2;2;1;3;750;06/04/2015
2015052700;1;2;2;1;3;750;08/04/2015
2015052701;1;2;1;1;3;750;08/04/2015
2015052702;1;2;2;1;3;750;10/04/2015
2015052703;1;2;5;2;7;750;11/04/2015
2015052704;1;2;5;1;2;750;13/04/2015
2015052705;1;2;1;1;3;750;13/04/2015
2015052706;1;2;2;1;6;750;13/04/2015
2015052707;2;2;1;1;3;750;13/04/2015
2015052708;1;2;1;1;3;750;14/04/2015
2015052709;1;2;1;1;7;750;15/04/2015
2015052710;1;2;2;1;3;750;15/04/2015
2015052711;1;2;1;1;6;750;16/04/2015
2015052712;1;2;2;1;3;750;17/04/2015
2015052713;1;2;5;1;3;750;17/04/2015
2015052714;1;2;3;1;7;750;18/04/2015
2015052715;1;2;2;1;7;750;19/04/2015
2015052716;1;2;7;1;2;750;20/04/2015
2015052717;5;2;1;1;6;750;22/04/2015
2015052718;1;2;2;2;3;750;26/04/2015
2015052719;1;2;1;1;6;750;27/04/2015
2015052720;1;2;1;1;2;750;27/04/2015
2015052721;1;2;1;1;7;750;28/04/2015
2015052722;1;2;2;1;3;750;29/04/2015
2015052723;1;2;1;8;4;750;29/04/2015
2015052724;1;2;1;3;2;750;30/04/2015
2015052725;1;2;7;2;6;750;30/04/2015
2015052726;1;2;3;2;6;750;30/04/2015
2015052727;1;2;1;2;2;750;30/04/2015
2015052728;1;2;1;2;3;750;30/04/2015
2015052729;4;2;2;3;6;750;30/04/2015
2015052730;5;2;2;3;3;750;30/04/2015
2015052731;5;2;1;3;6;750;01/05/2015
2015052732;1;2;1;3;7;750;01/05/2015
2015052733;5;2;2;2;6;750;01/05/2015
2015052734;1;2;7;2;3;750;02/05/2015
2015052735;1;2;1;2;6;750;03/05/2015
2015052736;1;2;1;1;2;750;06/05/2015
2015052737;1;2;3;1;2;750;01/05/2015
2015052738;1;2;1;1;3;750;07/05/2015
2015052739;1;2;7;1;3;750;09/05/2015
2015052740;5;2;1;1;1;750;09/05/2015
2015052741;1;2;1;1;3;750;12/05/2015
2015052742;1;2;7;1;6;750;13/05/2015
2015052743;1;2;1;1;6;750;13/05/2015
2015052744;1;2;1;1;3;750;13/05/2015
2015052745;1;2;5;1;6;750;13/05/2015
2015052746;5;2;3;1;6;750;14/05/2015
2015052747;1;2;2;1;6;750;15/05/2015
2015052748;1;2;1;1;6;750;15/05/2015
2015052749;5;2;3;1;1;750;16/05/2015
2015052750;1;2;3;1;6;750;16/05/2015
2015052751;1;2;3;1;3;750;18/05/2015
2015052752;1;2;2;1;2;750;20/05/2015
2015052753;1;2;3;1;6;750;20/05/2015
2015052754;1;2;3;1;2;750;22/05/2015
2015052755;1;2;1;1;4;750;26/05/2015
2015052756;1;2;1;1;6;750;28/05/2015
2015052757;1;2;1;1;6;750;28/05/2015
2015052758;1;2;1;1;6;750;29/05/2015
2015052759;5;2;2;1;2;750;30/05/2015
2015052760;5;2;1;1;6;750;01/06/2015
2015052761;1;2;1;1;4;750;02/06/2015
2015052762;1;2;2;1;6;750;03/06/2015
2015052763;1;2;3;1;2;750;03/06/2015
2015052764;1;2;5;1;3;750;04/06/2015
2015052765;5;2;1;1;2;750;06/06/2015
2015052766;1;2;1;1;1;750;06/06/2015
2015052767;1;2;3;1;6;750;08/06/2015
2015052768;1;2;1;1;6;750;08/06/2015
2015052769;5;2;5;1;1;750;08/06/2015
2015052770;1;2;2;1;6;750;09/06/2015
2015052771;1;2;4;1;6;750;11/06/2015
2015052772;1;2;1;1;6;750;12/06/2015
2015052773;1;2;2;1;6;750;12/06/2015
2015052774;5;2;4;1;3;750;13/06/2015
2015052775;1;2;1;1;6;750;13/06/2015
2015052776;5;2;1;1;6;750;14/06/2015
2015052777;1;2;2;1;7;750;14/06/2015
2015052778;1;2;2;1;3;750;15/06/2015
2015052779;1;2;2;1;6;750;16/06/2015
2015052780;1;2;3;1;3;750;17/06/2015
2015052781;1;2;1;8;6;750;18/06/2015
2015052782;1;2;2;1;6;750;23/06/2015
2015052783;1;2;1;1;2;750;24/06/2015
2015052784;1;2;1;1;6;750;26/06/2015
2015052785;1;2;2;1;3;750;26/06/2015
2015052786;1;2;4;1;4;750;27/06/2015
2015052787;5;2;1;1;1;750;28/06/2015
2015052788;1;2;1;1;6;750;30/06/2015
2015052789;1;2;3;1;6;750;30/06/2015
2015052790;1;2;1;1;6;750;30/06/2015
2015052791;5;2;1;1;6;750;30/06/2015
2015052792;5;2;5;1;3;750;01/07/2015
2015052793;1;2;4;1;6;750;01/07/2015
2015052794;1;2;1;1;3;750;01/07/2015
2015052795;5;2;2;1;3;750;02/07/2015
2015052796;1;2;7;1;2;750;03/07/2015
2015052797;1;2;1;1;3;750;03/07/2015
2015052798;1;2;3;1;3;750;04/07/2015
2015052799;5;2;1;1;6;750;05/07/2015
2015052800;1;2;3;1;6;750;06/07/2015
2015052801;1;2;5;1;3;750;06/07/2015
2015052802;1;2;5;1;3;750;06/07/2015
2015052803;1;2;1;1;3;750;07/07/2015
2015052804;1;2;1;1;6;750;07/07/2015
2015052805;1;2;4;1;3;750;09/07/2015
2015052806;1;2;5;1;3;750;12/07/2015
2015052807;1;2;1;1;6;750;14/07/2015
2015052808;5;2;3;1;3;750;14/07/2015
2015052809;1;2;7;1;3;750;15/07/2015
2015052810;1;2;1;1;3;750;16/07/2015
2015052811;1;2;2;1;6;750;16/07/2015
2015052812;1;2;2;1;2;750;17/07/2015
2015052813;1;2;2;1;3;750;19/07/2015
2015052814;1;2;2;1;3;750;20/07/2015
2015052815;1;2;2;1;3;750;21/07/2015
2015052816;5;2;5;1;2;750;23/07/2015
2015052817;5;2;5;1;6;750;23/07/2015
2015052818;1;2;1;1;6;750;25/07/2015
2015052819;1;2;1;1;6;750;25/07/2015
2015052820;1;2;1;2;6;750;26/07/2015
2015052821;1;2;2;8;3;750;28/07/2015
2015052822;1;2;5;8;3;750;28/07/2015
2015052823;2;2;7;2;6;750;28/07/2015
2015052824;1;2;7;1;7;750;29/07/2015
2015052825;1;2;3;1;3;750;31/07/2015
2015052826;5;2;1;3;7;750;04/08/2015
2015052827;1;2;2;1;3;750;04/08/2015
2015052828;1;2;5;1;3;750;04/08/2015
2015052829;1;2;7;1;6;750;04/08/2015
2015052830;1;2;5;1;6;750;05/08/2015
2015052831;1;2;3;1;3;750;06/08/2015
2015052832;1;2;1;1;3;750;08/08/2015
2015052833;1;2;3;1;6;750;11/08/2015
2015052834;1;2;1;1;6;750;13/08/2015
2015052835;2;2;4;1;3;750;17/08/2015
2015052836;1;2;2;8;3;750;18/08/2015
2015052837;1;2;3;1;6;750;21/08/2015
2015052838;1;2;1;1;3;750;22/08/2015
2015052839;1;2;2;1;3;750;22/08/2015
2015052840;1;2;1;8;6;750;25/08/2015
2015052841;1;2;2;1;3;750;28/08/2015
2015052842;1;2;1;1;3;750;28/08/2015
2015052843;1;2;1;1;2;750;28/08/2015
2015052844;5;2;1;1;6;750;29/08/2015
2015052845;5;2;1;1;6;750;30/08/2015
2015052846;1;2;3;1;6;750;30/08/2015
2015052847;1;2;1;1;3;750;30/08/2015
2015052848;1;2;3;1;3;750;31/08/2015
2015052849;1;2;4;1;6;750;31/08/2015
2015052850;1;2;7;1;3;750;31/08/2015
2015052851;2;2;1;1;7;750;01/09/2015
2015052852;1;2;6;1;6;750;02/09/2015
2015052853;2;2;7;1;6;750;02/09/2015
2015052854;1;2;5;1;2;750;03/09/2015
2015052855;1;2;1;1;6;750;03/09/2015