num_acc;lum;agg;inter;atm;col;dep;date
2015054016;1;2;2;1;2;750;18/03/2015
2015054017;5;2;1;1;3;750;18/03/2015
2015054018;2;2;5;1;6;750;19/03/2015
2015054019;1;2;5;1;2;750;19/03/2015
2015054020;5;2;1;1;3;750;19/03/2015
2015054021;5;2;7;1;6;750;19/03/2015
2015054022;1;2;1;1;2;750;19/03/2015
2015054023;5;2;7;1;6;750;20/03/2015
2015054024;1;2;1;1;2;750;21/03/2015
2015054025;1;2;1;1;6;750;23/03/2015
2015054026;1;2;1;1;6;750;23/03/2015
2015054027;1;2;2;2;2;750;24/03/2015
2015054028;2;2;5;3;3;750;24/03/2015
2015054029;1;2;2;1;6;750;25/03/2015
2015054030;1;2;7;1;2;750;25/03/2015
2015054031;5;2;2;2;3;750;28/03/2015
2015054032;1;2;1;1;6;750;27/03/2015
2015054033;1;2;2;1;6;750;28/03/2015
2015054034;3;2;1;1;7;750;29/03/2015
2015054035;5;2;7;2;6;750;29/03/2015
2015054036;3;2;1;1;7;750;30/03/2015
2015054037;1;2;3;1;6;750;01/04/2015
2015054038;2;2;1;1;6;750;02/04/2015
2015054039;5;2;1;1;6;750;05/04/2015
2015054040;1;2;3;1;3;750;07/04/2015
2015054041;1;2;1;1;6;750;08/04/2015
2015054042;1;2;1;1;2;750;08/04/2015
2015054043;1;2;5;1;3;750;08/04/2015
2015054044;1;2;2;1;6;750;09/04/2015
2015054045;1;2;1;1;6;750;09/04/2015
2015054046;1;2;1;1;6;750;11/04/2015
2015054047;1;2;7;1;1;750;12/04/2015
2015054048;1;2;5;1;3;750;13/04/2015
2015054049;1;2;2;1;3;750;13/04/2015
2015054050;1;2;1;1;6;750;15/04/2015
2015054051;5;2;3;1;6;750;15/04/2015
2015054052;5;2;3;1;6;750;16/04/2015
2015054053;1;2;7;1;3;750;16/04/2015
2015054054;1;2;1;1;6;750;16/04/2015
2015054055;1;2;1;1;3;750;17/04/2015
2015054056;1;2;5;1;3;750;17/04/2015
2015054057;2;2;1;1;6;750;17/04/2015
2015054058;1;2;7;1;3;750;19/04/2015
2015054059;1;2;5;1;6;750;19/04/2015
2015054060;1;2;1;1;3;750;20/04/2015
2015054061;1;2;1;1;2;750;20/04/2015
2015054062;1;2;7;1;6;750;20/04/2015
2015054063;1;2;1;1;6;750;22/04/2015
2015054064;1;2;1;1;2;750;22/04/2015
2015054065;5;2;7;1;2;750;22/04/2015
2015054066;1;2;2;1;3;750;23/04/2015
2015054067;1;2;1;1;6;750;23/04/2015
2015054068;5;2;1;1;6;750;23/04/2015
2015054069;1;2;1;1;2;750;23/04/2015
2015054070;1;2;5;1;3;750;24/04/2015
2015054071;1;2;4;1;3;750;24/04/2015
2015054072;1;2;4;1;2;750;24/04/2015
2015054073;5;2;1;1;2;750;28/04/2015
2015054074;1;2;1;1;6;750;29/04/2015
2015054075;1;2;3;1;6;750;29/04/2015
2015054076;1;2;5;1;6;750;29/04/2015
2015054077;1;2;2;2;6;750;30/04/2015
2015054078;5;2;3;1;6;750;04/05/2015
2015054079;1;2;7;1;6;750;06/05/2015
2015054080;5;2;4;1;6;750;06/05/2015
2015054081;1;2;2;8;2;750;08/05/2015
2015054082;1;2;4;1;3;750;09/05/2015
2015054083;5;2;3;1;6;750;10/05/2015
2015054084;1;2;1;1;6;750;10/05/2015
2015054085;1;2;3;1;6;750;11/05/2015
2015054086;1;2;1;1;3;750;11/05/2015
2015054087;1;2;7;1;3;750;11/05/2015
2015054088;1;2;7;1;6;750;13/05/2015
2015054089;5;2;2;1;1;750;14/05/2015
2015054090;5;2;1;1;2;750;15/05/2015
2015054091;1;2;5;1;4;750;15/05/2015
2015054092;1;2;2;1;2;750;17/05/2015
2015054093;1;2;1;1;6;750;17/05/2015
2015054094;1;2;1;1;3;750;17/05/2015
2015054095;1;2;3;1;3;750;18/05/2015
2015054096;1;2;2;8;6;750;18/05/2015
2015054097;1;2;3;1;6;750;18/05/2015
2015054098;2;2;5;1;6;750;18/05/2015
2015054099;1;2;1;1;7;750;18/05/2015
2015054100;1;2;7;8;2;750;19/05/2015
2015054101;2;2;7;3;3;750;18/05/2015
2015054102;1;2;2;1;1;750;19/05/2015
2015054103;1;2;1;2;3;750;19/05/2015
2015054104;1;2;7;1;6;750;20/05/2015
2015054105;1;2;1;1;6;750;22/05/2015
2015054106;1;2;1;1;6;750;22/05/2015
2015054107;5;2;1;1;6;750;22/05/2015
2015054108;2;2;1;1;6;750;24/05/2015
2015054109;1;2;1;1;6;750;24/05/2015
2015054110;1;2;2;1;6;750;25/05/2015
2015054111;1;2;1;1;2;750;26/05/2015
2015054112;1;2;1;1;6;750;27/05/2015
2015054113;1;2;7;1;3;750;27/05/2015
2015054114;1;2;1;1;3;750;28/05/2015
2015054115;1;2;1;1;3;750;29/05/2015
2015054116;1;2;1;1;3;750;29/05/2015
2015054117;2;2;1;2;6;750;31/05/2015
2015054118;1;2;1;1;6;750;01/06/2015
2015054119;1;2;4;1;6;750;02/06/2015
2015054120;1;2;1;1;6;750;02/06/2015
2015054121;1;2;1;1;4;750;02/06/2015
2015054122;1;2;1;1;6;750;03/06/2015
2015054123;1;2;1;1;2;750;03/06/2015
2015054124;1;2;2;1;3;750;05/06/2015
2015054125;1;2;1;7;4;750;05/06/2015
2015054126;1;2;5;1;6;750;06/06/2015
2015054127;1;2;1;1;2;750;06/06/2015
2015054128;1;2;1;1;3;750;07/06/2015
2015054129;1;2;2;1;6;750;08/06/2015
2015054130;1;2;2;1;6;750;08/06/2015
2015054131;1;2;2;1;3;750;09/06/2015
2015054132;1;2;4;1;4;750;09/06/2015
2015054133;1;2;2;1;6;750;09/06/2015
2015054134;1;2;1;1;3;750;10/06/2015
2015054135;5;2;1;1;7;750;10/06/2015
2015054136;1;2;1;1;2;750;11/06/2015
2015054137;1;2;1;1;2;750;02/06/2015
2015054138;1;2;1;1;6;750;16/06/2015
2015054139;1;2;5;1;4;750;16/06/2015
2015054140;5;2;3;1;3;750;16/06/2015
2015054141;1;2;1;1;6;750;17/06/2015
2015054142;1;2;1;7;6;750;16/06/2015
2015054143;1;2;1;1;7;750;18/06/2015
2015054144;1;2;1;1;6;750;18/06/2015
2015054145;1;2;2;1;6;750;18/06/2015
2015054146;5;2;1;1;7;750;19/06/2015
2015054147;1;2;7;1;3;750;19/06/2015
2015054148;5;2;1;1;4;750;22/06/2015
2015054149;5;2;1;1;6;750;22/06/2015
2015054150;4;2;1;1;6;750;22/06/2015
2015054151;1;2;2;1;6;750;23/06/2015
2015054152;1;2;3;1;6;750;23/06/2015
2015054153;1;2;1;1;3;750;23/06/2015
2015054154;1;2;1;1;6;750;24/06/2015
2015054155;1;2;2;1;2;750;24/06/2015
2015054156;5;2;1;1;7;750;24/06/2015
2015054157;1;2;1;1;6;750;26/05/2015
2015054158;1;2;1;1;6;750;25/06/2015
2015054159;1;2;2;1;3;750;25/06/2015
2015054160;1;2;3;1;3;750;25/06/2015
2015054161;1;2;1;1;4;750;25/06/2015
2015054162;1;2;3;1;3;750;25/06/2015
2015054163;1;2;3;1;6;750;25/06/2015
2015054164;5;2;2;1;3;750;26/06/2015
2015054165;1;2;1;1;2;750;26/06/2015
2015054166;1;2;1;1;6;750;27/06/2015
2015054167;1;2;2;1;6;750;24/06/2015
2015054168;1;2;3;1;3;750;29/06/2015
2015054169;1;2;1;1;2;750;29/06/2015
2015054170;1;2;1;1;4;750;30/06/2015
2015054171;1;2;1;1;6;750;01/07/2015
2015054172;1;2;1;1;6;750;01/07/2015
2015054173;1;2;3;1;6;750;01/07/2015
2015054174;1;2;5;1;6;750;01/07/2015
2015054175;1;2;1;1;6;750;01/07/2015
2015054176;1;2;2;1;6;750;01/07/2015
2015054177;1;2;2;1;2;750;03/07/2015
2015054178;1;2;5;1;3;750;03/07/2015
2015054179;1;2;5;1;3;750;06/07/2015
2015054180;1;2;1;1;2;750;07/07/2015
2015054181;1;2;3;1;3;750;08/07/2015
2015054182;1;2;1;1;2;750;08/07/2015
2015054183;5;2;4;1;3;750;09/07/2015
2015054184;1;2;1;1;3;750;06/07/2015
2015054185;1;2;7;1;3;750;10/07/2015
2015054186;1;2;1;1;3;750;09/07/2015
2015054187;1;2;1;1;6;750;10/07/2015
2015054188;1;2;1;1;6;750;10/07/2015
2015054189;5;2;2;1;6;750;11/07/2015
2015054190;1;2;7;1;4;750;11/07/2015
2015054191;1;2;2;1;3;750;12/07/2015
2015054192;1;2;5;1;3;750;13/07/2015
2015054193;1;2;3;8;6;750;13/07/2015
2015054194;1;2;1;1;3;750;14/07/2015
2015054195;5;2;7;1;2;750;15/07/2015
2015054196;1;2;5;1;3;750;15/07/2015
2015054197;1;2;4;1;2;750;16/07/2015
2015054198;5;2;3;1;6;750;17/07/2015
2015054199;1;2;1;1;6;750;17/07/2015
2015054200;1;2;7;1;3;750;22/07/2015
2015054201;1;2;1;8;3;750;24/07/2015
2015054202;5;2;2;1;3;750;24/07/2015
2015054203;1;2;1;1;2;750;25/07/2015
2015054204;2;2;2;1;3;750;26/07/2015
2015054205;1;2;1;1;6;750;27/07/2015
2015054206;1;2;2;1;3;750;28/07/2015
2015054207;1;2;3;8;3;750;28/07/2015
2015054208;1;2;7;1;3;750;29/07/2015
2015054209;1;2;7;1;2;750;30/07/2015
2015054210;1;2;7;1;3;750;31/07/2015
2015054211;1;2;2;1;6;750;02/08/2015
2015054212;1;2;5;1;3;750;02/08/2015
2015054213;1;2;1;1;6;750;03/08/2015
2015054214;5;2;5;1;2;750;03/08/2015
2015054215;1;2;1;1;3;750;03/08/2015
2015054216;1;2;7;1;2;750;05/08/2015
2015054217;1;2;3;1;6;750;06/08/2015
2015054218;1;2;5;1;6;750;05/08/2015
2015054219;1;2;1;1;4;750;09/08/2015
2015054220;2;2;2;1;6;750;11/08/2015
2015054221;1;2;1;1;3;750;12/08/2015
2015054222;1;2;1;7;6;750;15/08/2015
2015054223;1;2;3;1;6;750;17/08/2015
2015054224;1;2;1;1;1;750;18/08/2015
2015054225;1;2;1;1;2;750;21/08/2015
2015054226;1;2;1;1;6;750;22/08/2015
2015054227;1;2;5;1;2;750;23/08/2015
2015054228;1;2;1;3;7;750;24/08/2015
2015054229;1;2;7;1;3;750;25/08/2015
2015054230;1;2;1;1;6;750;26/08/2015
2015054231;1;2;4;2;3;750;27/08/2015
2015054232;1;2;7;1;2;750;27/08/2015
2015054233;1;2;1;1;6;750;28/08/2015
2015054234;1;2;2;1;2;750;29/08/2015
2015054235;2;2;7;1;2;750;30/08/2015
2015054236;5;2;1;1;3;750;31/08/2015
2015054237;1;2;7;1;3;750;02/09/2015
2015054238;1;2;7;1;6;750;02/09/2015
2015054239;1;2;1;1;6;750;05/09/2015
2015054240;5;2;1;1;3;750;05/09/2015
2015054241;1;2;1;1;3;750;07/09/2015
2015054242;1;2;7;1;5;750;08/09/2015
2015054243;1;2;7;1;2;750;09/09/2015
2015054244;3;2;3;1;3;750;09/09/2015
2015054245;4;2;1;1;3;750;09/09/2015
2015054246;1;2;7;1;3;750;10/09/2015
2015054247;1;2;2;1;3;750;10/09/2015
2015054248;1;2;1;1;6;750;11/09/2015
2015054249;2;2;7;1;3;750;10/09/2015
2015054250;1;2;2;1;4;750;14/09/2015
2015054251;5;2;1;1;2;750;15/09/2015
2015054252;5;2;2;2;3;750;15/09/2015
2015054253;1;2;5;1;6;750;17/09/2015
2015054254;1;2;1;1;6;750;11/09/2015
2015054255;5;2;5;1;3;750;18/09/2015
2015054256;1;2;4;1;3;750;18/09/2015
2015054257;5;2;2;2;5;750;18/09/2015
2015054258;5;2;7;1;3;750;19/09/2015
2015054259;5;2;1;1;6;750;19/09/2015
2015054260;1;2;2;1;7;750;14/09/2015
2015054261;1;2;2;1;2;750;21/09/2015
2015054262;5;2;3;1;2;750;20/09/2015
2015054263;1;2;5;1;3;750;21/09/2015
2015054264;1;2;4;8;3;750;22/09/2015
2015054265;1;2;1;1;6;750;23/09/2015
2015054266;5;2;7;1;3;750;24/09/2015
2015054267;1;2;6;1;3;750;25/09/2015
2015054268;1;2;4;1;3;750;26/09/2015
2015054269;5;2;1;1;7;750;27/09/2015
2015054270;1;2;1;1;6;750;24/09/2015
2015054271;1;2;5;1;2;750;28/09/2015
2015054272;5;2;1;1;3;750;28/09/2015
2015054273;2;2;2;1;3;750;28/09/2015
2015054274;1;2;2;1;6;750;29/09/2015
2015054275;1;2;1;1;5;750;28/09/2015
2015054276;5;2;1;1;6;750;29/09/2015
2015054277;1;2;2;1;2;750;30/09/2015
2015054278;5;2;1;1;3;750;01/10/2015
2015054279;1;2;7;1;6;750;01/10/2015
2015054280;1;2;2;1;6;750;01/10/2015
2015054281;1;2;3;1;3;750;01/10/2015
2015054282;5;2;2;1;2;750;01/10/2015
2015054283;5;2;5;1;3;750;02/10/2015
2015054284;1;2;2;1;2;750;02/10/2015
2015054285;5;2;7;1;3;750;02/10/2015
2015054286;5;2;5;1;6;750;03/10/2015
2015054287;1;2;5;3;5;750;05/10/2015
2015054288;1;2;1;1;3;750;06/10/2015
2015054289;1;2;2;1;3;750;06/10/2015
2015054290;5;2;1;1;6;750;09/10/2015
2015054291;1;2;1;1;6;750;11/10/2015
2015054292;1;2;2;1;3;750;11/10/2015
2015054293;1;2;1;1;2;750;10/10/2015
2015054294;1;2;3;1;3;750;13/10/2015
2015054295;5;2;2;1;6;750;14/10/2015
2015054296;1;2;2;1;3;750;14/10/2015
2015054297;1;2;3;1;3;750;12/10/2015
2015054298;5;2;3;2;2;750;15/10/2015
2015054299;1;2;1;2;6;750;16/10/2015
2015054300;1;2;1;1;2;750;17/10/2015
2015054301;1;2;3;1;3;750;17/10/2015
2015054302;5;2;1;1;2;750;17/10/2015
2015054303;1;2;3;1;6;750;16/10/2015
2015054304;5;2;1;1;3;750;20/10/2015
2015054305;5;2;1;1;6;750;21/10/2015
2015054306;1;2;7;1;2;750;22/10/2015
2015054307;1;2;1;2;4;750;22/10/2015
2015054308;5;2;1;1;2;750;25/10/2015
2015054309;1;2;1;1;3;750;25/10/2015
2015054310;5;2;1;1;2;750;26/10/2015
2015054311;2;2;1;1;6;750;27/10/2015
2015054312;1;2;4;1;6;750;28/10/2015
2015054313;5;2;1;1;6;750;28/10/2015
2015054314;1;2;1;1;2;750;29/10/2015
2015054315;5;2;7;1;6;750;30/10/2015
2015054316;5;2;2;1;6;750;31/10/2015
2015054317;5;2;5;5;3;750;31/10/2015
2015054318;1;2;1;1;3;750;02/11/2015
2015054319;2;2;1;2;6;750;04/11/2015
2015054320;1;2;2;1;1;750;04/11/2015
2015054321;2;2;1;1;2;750;04/11/2015
2015054322;1;2;2;1;3;750;05/11/2015
2015054323;1;2;2;1;3;750;05/11/2015
2015054324;5;2;2;2;3;750;05/11/2015
2015054325;5;2;2;2;6;750;05/11/2015
2015054326;1;2;7;2;6;750;06/11/2015
2015054327;5;2;1;1;3;750;07/11/2015
2015054328;5;2;7;2;3;750;06/11/2015
2015054329;5;2;2;1;6;750;08/11/2015
2015054330;1;2;7;1;6;750;08/11/2015
2015054331;1;2;7;1;3;750;09/11/2015
2015054332;1;2;1;1;2;750;08/11/2015
2015054333;1;2;7;1;6;750;08/11/2015
2015054334;2;2;1;1;3;750;10/11/2015
2015054335;2;2;1;1;3;750;12/11/2015
2015054336;5;2;3;1;3;750;12/11/2015
2015054337;1;2;3;1;6;750;14/11/2015
2015054338;5;2;2;1;3;750;14/11/2015
2015054339;1;2;1;1;3;750;16/11/2015
2015054340;1;2;2;1;3;750;18/11/2015
2015054341;1;2;1;2;6;750;19/11/2015
2015054342;5;2;1;2;6;750;20/11/2015
2015054343;1;2;4;2;6;750;20/11/2015
2015054344;5;2;7;2;6;750;21/11/2015
2015054345;5;2;7;8;3;750;17/11/2015
2015054346;1;2;2;1;3;750;21/11/2015
2015054347;5;2;5;1;3;750;21/11/2015
2015054348;1;2;2;1;3;750;23/11/2015
2015054349;3;2;2;2;2;750;24/11/2015
2015054350;1;2;3;2;6;750;25/11/2015
2015054351;1;2;2;2;3;750;25/11/2015
2015054352;1;2;7;2;6;750;25/11/2015
2015054353;1;2;2;1;2;750;25/11/2015
2015054354;2;2;7;3;6;750;25/11/2015
2015054355;1;2;3;1;2;750;26/11/2015
2015054356;1;2;4;1;3;750;28/11/2015
2015054357;5;2;2;1;3;750;28/11/2015
2015054358;1;2;1;2;6;750;29/11/2015
2015054359;1;2;3;1;6;750;29/11/2015
2015054360;1;2;2;1;3;750;07/11/2015
2015054361;5;2;7;1;6;750;02/12/2015
2015054362;1;2;3;1;6;750;02/12/2015
2015054363;1;2;1;1;3;750;02/12/2015
2015054364;5;2;4;1;6;750;02/12/2015
2015054365;5;2;2;1;6;750;03/12/2015
2015054366;1;2;3;1;6;750;03/12/2015
2015054367;5;2;3;1;6;750;04/12/2015
2015054368;1;2;1;1;2;750;03/12/2015
2015054369;2;2;1;1;3;750;05/12/2015
2015054370;5;2;1;1;6;750;06/12/2015
2015054371;1;2;5;1;3;750;07/12/2015
2015054372;1;2;1;1;3;750;07/12/2015
2015054373;1;2;5;1;3;750;07/12/2015
2015054374;5;2;2;1;3;750;07/12/2015
2015054375;3;2;3;1;7;750;07/12/2015
2015054376;1;2;1;1;2;750;08/12/2015
2015054377;1;2;1;2;7;750;08/12/2015
2015054378;1;2;1;2;4;750;08/12/2015
2015054379;1;2;2;1;3;750;09/12/2015
2015054380;2;2;5;1;6;750;10/12/2015
2015054381;5;2;7;1;6;750;09/12/2015
2015054382;1;2;4;1;3;750;10/12/2015
2015054383;4;2;2;1;3;750;10/12/2015
2015054384;5;2;1;1;4;750;11/12/2015
2015054385;5;2;1;2;2;750;15/12/2015
2015054386;5;2;1;2;2;750;16/12/2015
2015054387;5;2;1;1;2;750;17/12/2015
2015054388;1;2;5;1;3;750;17/12/2015
2015054389;1;2;3;8;4;750;18/12/2015
2015054390;1;2;1;2;3;750;18/12/2015
2015054391;1;2;6;1;3;750;19/12/2015
2015054392;5;2;1;1;3;750;20/12/2015
2015054393;2;2;7;1;7;750;22/12/2015
2015054394;1;2;1;1;3;750;22/12/2015
2015054395;1;2;7;1;3;750;22/12/2015
2015054396;5;2;1;1;2;750;22/12/2015
2015054397;5;2;5;1;6;750;22/12/2015
2015054398;1;2;2;1;6;750;23/12/2015
2015054399;1;2;3;1;2;750;23/12/2015
2015054400;1;2;5;1;3;750;23/12/2015
2015054401;5;2;4;1;2;750;24/12/2015
2015054402;5;2;7;1;7;750;24/12/2015
2015054403;1;2;3;1;3;750;24/12/2015
2015054404;5;2;4;2;6;750;25/12/2015
2015054405;1;2;2;1;6;750;28/12/2015
2015054406;1;2;1;1;3;750;28/12/2015
2015054407;5;2;1;1;2;750;28/12/2015
2015054408;5;2;7;1;7;750;28/12/2015
2015054409;1;2;1;1;3;750;29/12/2015
2015054410;1;2;2;1;3;750;29/12/2015
2015054411;1;2;5;1;3;750;05/01/2015
2015054412;1;2;5;1;3;750;06/01/2015
2015054413;5;2;1;1;6;750;06/01/2015
2015054414;1;2;2;1;6;750;08/01/2015
2015054415;5;2;3;1;4;750;08/01/2015
2015054416;1;2;7;1;2;750;09/01/2015
2015054417;5;2;1;2;4;750;10/01/2015
2015054418;1;2;3;7;3;750;11/01/2015
2015054419;1;2;2;1;3;750;12/01/2015
2015054420;1;2;3;8;3;750;13/01/2015
2015054421;1;2;2;8;6;750;14/01/2015
2015054422;1;2;2;1;2;750;14/01/2015
2015054423;1;2;1;1;3;750;14/01/2015
2015054424;1;2;3;2;2;750;19/01/2015
2015054425;1;2;1;2;6;750;19/01/2015
2015054426;5;2;3;1;3;750;19/01/2015
2015054427;5;2;5;1;3;750;20/01/2015
2015054428;5;2;3;1;6;750;21/01/2015
2015054429;5;2;1;1;3;750;22/01/2015
2015054430;1;2;2;1;6;750;23/01/2015
2015054431;1;2;7;2;3;750;26/01/2015
2015054432;5;2;2;1;6;750;27/01/2015
2015054433;5;2;1;1;3;750;27/01/2015
2015054434;5;2;4;4;3;750;30/01/2015
2015054435;1;2;4;3;6;750;30/01/2015
2015054436;5;2;1;8;2;750;30/01/2015
2015054437;5;2;2;1;2;750;30/01/2015
2015054438;5;2;1;1;6;750;30/01/2015
2015054439;5;2;5;1;5;750;01/02/2015
2015054440;1;2;1;8;3;750;02/02/2015
2015054441;1;2;4;1;2;750;04/02/2015
2015054442;1;2;1;1;3;750;05/02/2015
2015054443;1;2;2;1;3;750;05/02/2015
2015054444;1;2;3;1;3;750;11/02/2015
2015054445;5;2;2;1;6;750;11/02/2015
2015054446;5;2;2;1;3;750;11/02/2015
2015054447;5;2;2;1;6;750;12/02/2015
2015054448;1;2;1;1;2;750;13/02/2015
2015054449;1;2;7;8;6;750;14/02/2015
2015054450;5;2;1;2;6;750;14/02/2015
2015054451;5;2;1;2;2;750;14/02/2015
2015054452;1;2;1;1;3;750;15/02/2015
2015054453;2;2;4;1;6;750;16/02/2015
2015054454;1;2;3;1;6;750;17/02/2015
2015054455;1;2;2;1;2;750;18/02/2015
2015054456;1;2;1;1;3;750;18/02/2015
2015054457;1;2;1;1;3;750;19/02/2015
2015054458;1;2;5;2;6;750;20/02/2015
2015054459;1;2;1;1;3;750;23/02/2015
2015054460;1;2;5;1;3;750;27/02/2015
2015054461;1;2;4;1;3;750;27/02/2015
2015054462;1;2;7;1;3;750;27/02/2015
2015054463;1;2;5;1;6;750;28/02/2015
2015054464;1;2;3;1;2;750;02/03/2015
2015054465;1;2;1;1;6;750;04/03/2015
2015054466;1;2;5;1;6;750;05/03/2015
2015054467;5;2;2;1;2;750;06/03/2015
2015054468;1;2;7;1;3;750;07/03/2015
2015054469;5;2;2;1;3;750;07/03/2015
2015054470;1;2;4;1;6;750;08/03/2015
2015054471;5;2;1;1;3;750;11/03/2015
2015054472;5;2;2;1;3;750;13/03/2015
2015054473;5;2;2;1;3;750;13/03/2015
2015054474;5;2;1;1;2;750;14/03/2015
2015054475;2;2;2;1;2;750;14/03/2015
2015054476;1;2;1;1;6;750;15/03/2015
2015054477;1;2;1;1;2;750;16/03/2015
2015054478;1;2;1;1;3;750;17/03/2015
2015054479;1;2;3;1;3;750;17/03/2015
2015054480;1;2;1;1;3;750;18/03/2015
2015054481;1;2;2;1;3;750;20/03/2015
2015054482;1;2;1;1;6;750;22/03/2015
2015054483;1;2;1;1;2;750;23/03/2015
2015054484;1;2;2;1;6;750;23/03/2015
2015054485;1;2;2;1;6;750;24/03/2015
2015054486;5;2;1;1;1;750;25/03/2015
2015054487;1;2;7;2;3;750;26/03/2015
2015054488;5;2;1;2;6;750;28/03/2015
2015054489;1;2;1;1;6;750;28/03/2015
2015054490;1;2;1;1;3;750;28/03/2015
2015054491;5;2;7;2;2;750;29/03/2015
2015054492;5;2;1;1;3;750;30/03/2015
2015054493;1;2;2;1;2;750;31/03/2015
2015054494;5;2;7;1;6;750;02/04/2015
2015054495;1;2;3;1;3;750;02/04/2015
2015054496;1;2;3;2;7;750;02/04/2015
2015054497;5;2;5;2;6;750;04/04/2015
2015054498;5;2;7;1;6;750;04/04/2015
2015054499;1;2;2;2;3;750;04/04/2015
2015054500;5;2;2;1;3;750;04/04/2015
2015054501;1;2;1;1;3;750;05/04/2015
2015054502;1;2;1;1;6;750;06/04/2015
2015054503;1;2;3;1;2;750;07/04/2015
2015054504;1;2;1;1;6;750;08/04/2015
2015054505;5;2;1;1;7;750;08/04/2015
2015054506;1;2;2;1;6;750;09/04/2015
2015054507;1;2;3;1;3;750;10/04/2015
2015054508;1;2;7;1;6;750;13/04/2015
2015054509;1;2;2;1;2;750;14/04/2015
2015054510;1;2;3;1;3;750;15/04/2015
2015054511;1;2;7;1;3;750;15/04/2015
2015054512;1;2;2;1;3;750;16/04/2015
2015054513;1;2;3;1;3;750;17/04/2015
2015054514;1;2;4;1;6;750;18/04/2015
2015054515;1;2;2;1;2;750;19/04/2015
2015054516;1;2;5;1;6;750;19/04/2015
2015054517;1;2;3;1;2;750;20/04/2015
2015054518;1;2;1;1;6;750;21/04/2015
2015054519;1;2;2;1;2;750;22/04/2015
2015054520;1;2;1;1;6;750;22/04/2015
2015054521;1;2;1;1;6;750;22/04/2015
2015054522;5;2;5;1;6;750;23/04/2015
2015054523;1;2;4;1;3;750;23/04/2015
2015054524;1;2;1;1;2;750;24/04/2015
2015054525;1;2;3;2;6;750;26/04/2015
2015054526;5;2;1;2;6;750;26/04/2015
2015054527;5;2;5;1;3;750;28/04/2015
2015054528;1;2;3;1;3;750;29/04/2015
2015054529;1;2;7;1;7;750;29/04/2015
2015054530;1;2;1;1;6;750;04/05/2015
2015054531;1;2;1;2;3;750;04/05/2015
2015054532;1;2;2;1;6;750;05/05/2015
2015054533;1;2;3;1;3;750;06/05/2015
2015054534;1;2;7;1;3;750;06/05/2015
2015054535;1;2;1;1;3;750;07/05/2015
2015054536;1;2;7;1;6;750;07/05/2015
2015054537;1;2;3;1;3;750;08/05/2015
2015054538;1;2;2;1;6;750;08/05/2015
2015054539;1;2;1;1;2;750;08/05/2015
2015054540;1;2;1;1;6;750;08/05/2015
2015054541;1;2;4;1;3;750;09/05/2015
2015054542;1;2;1;1;3;750;12/05/2015
2015054543;1;2;5;1;3;750;12/05/2015
2015054544;1;2;1;1;6;750;12/05/2015
2015054545;1;2;2;1;6;750;13/05/2015
2015054546;1;2;2;1;3;750;13/05/2015
2015054547;1;2;1;1;2;750;13/05/2015
2015054548;1;2;5;1;2;750;15/05/2015
2015054549;1;2;2;1;3;750;16/05/2015
2015054550;1;2;5;1;6;750;17/05/2015
2015054551;1;2;7;1;6;750;18/05/2015
2015054552;1;2;5;1;5;750;18/05/2015
2015054553;1;2;5;1;6;750;18/05/2015
2015054554;1;2;7;1;2;750;21/05/2015
2015054555;1;2;4;1;3;750;23/05/2015
2015054556;5;2;2;1;6;750;23/05/2015
2015054557;1;2;1;1;6;750;26/05/2015
2015054558;1;2;3;1;1;750;27/05/2015
2015054559;1;2;1;1;2;750;27/05/2015
2015054560;1;2;1;1;6;750;28/05/2015
2015054561;5;2;2;1;3;750;28/05/2015
2015054562;1;2;7;1;6;750;29/05/2015
2015054563;1;2;7;1;3;750;30/05/2015
2015054564;1;2;1;1;2;750;30/05/2015
2015054565;1;2;2;3;6;750;31/05/2015
2015054566;1;2;2;2;3;750;31/05/2015
2015054567;1;2;4;1;3;750;01/06/2015
2015054568;1;2;1;1;4;750;04/06/2015
2015054569;1;2;3;1;2;750;05/06/2015
2015054570;1;2;3;1;3;750;05/06/2015
2015054571;1;2;1;1;6;750;06/06/2015
2015054572;1;2;2;1;1;750;09/06/2015
2015054573;1;2;4;1;3;750;11/06/2015
2015054574;1;2;3;1;6;750;11/06/2015
2015054575;1;2;2;1;2;750;11/06/2015
2015054576;5;2;1;1;7;750;12/06/2015
2015054577;1;2;1;1;6;750;12/06/2015
2015054578;1;2;1;1;2;750;13/06/2015
2015054579;1;2;7;1;6;750;12/06/2015
2015054580;1;2;2;1;3;750;13/06/2015
2015054581;1;2;2;1;3;750;14/06/2015
2015054582;1;2;1;1;6;750;15/06/2015
2015054583;1;2;3;1;6;750;15/06/2015
2015054584;1;2;1;1;2;750;16/06/2015
2015054585;1;2;1;1;6;750;16/06/2015
2015054586;5;2;2;1;2;750;16/06/2015
2015054587;1;2;4;1;3;750;17/06/2015
2015054588;1;2;1;1;3;750;17/05/2015
2015054589;1;2;1;1;3;750;17/06/2015
2015054590;1;2;1;1;3;750;17/06/2015
2015054591;5;2;1;1;6;750;18/06/2015
2015054592;1;2;7;1;3;750;19/06/2015
2015054593;1;2;5;1;3;750;21/06/2015
2015054594;5;2;2;1;6;750;24/06/2015
2015054595;1;2;2;1;3;750;24/06/2015