num_acc;lum;agg;inter;atm;col;dep;date
2015054596;1;2;2;1;2;750;24/06/2015
2015054597;1;2;2;1;3;750;24/06/2015
2015054598;1;2;1;1;6;750;25/06/2015
2015054599;1;2;5;1;3;750;25/06/2015
2015054600;1;2;1;1;3;750;27/06/2015
2015054601;1;2;2;1;2;750;29/06/2015
2015054602;1;2;1;1;5;750;29/06/2015
2015054603;1;2;2;1;3;750;30/06/2015
2015054604;1;2;7;1;3;750;30/06/2015
2015054605;1;2;3;1;6;750;01/07/2015
2015054606;1;2;1;1;3;750;02/07/2015
2015054607;5;2;2;1;3;750;03/07/2015
2015054608;1;2;1;1;6;750;05/07/2015
2015054609;5;2;7;1;3;750;06/07/2015
2015054610;1;2;5;1;3;750;06/07/2015
2015054611;1;2;1;1;6;750;07/07/2015
2015054612;1;2;1;1;6;750;09/07/2015
2015054613;1;2;7;1;3;750;10/07/2015
2015054614;1;2;1;1;2;750;11/07/2015
2015054615;1;2;1;1;2;750;11/07/2015
2015054616;1;2;5;1;3;750;12/07/2015
2015054617;1;2;7;2;6;750;12/07/2015
2015054618;1;2;2;1;3;750;13/07/2015
2015054619;1;2;2;1;6;750;15/07/2015
2015054620;1;2;7;7;2;750;15/07/2015
2015054621;2;2;1;1;1;750;18/07/2015
2015054622;5;2;5;3;7;750;19/07/2015
2015054623;1;2;1;1;6;750;19/07/2015
2015054624;1;2;5;1;3;750;20/07/2015
2015054625;1;2;1;1;6;750;21/07/2015
2015054626;1;2;2;1;6;750;23/07/2015
2015054627;1;2;2;1;3;750;25/07/2015
2015054628;1;2;7;2;3;750;27/07/2015
2015054629;1;2;7;1;3;750;28/07/2015
2015054630;1;2;7;1;3;750;28/07/2015
2015054631;1;2;7;1;6;750;29/07/2015
2015054632;1;2;1;1;3;750;01/08/2015
2015054633;1;2;5;1;6;750;30/07/2015
2015054634;2;2;1;1;6;750;02/08/2015
2015054635;1;2;2;1;6;750;04/08/2015
2015054636;1;2;3;1;6;750;03/08/2015
2015054637;1;2;7;1;6;750;05/08/2015
2015054638;1;2;5;1;6;750;06/08/2015
2015054639;5;2;3;1;3;750;06/08/2015
2015054640;5;2;7;1;2;750;06/08/2015
2015054641;1;2;1;1;6;750;10/08/2015
2015054642;1;2;7;2;3;750;13/08/2015
2015054643;5;2;7;2;7;750;14/08/2015
2015054644;5;2;2;2;6;750;15/08/2015
2015054645;1;2;7;1;6;750;17/08/2015
2015054646;1;2;2;1;2;750;19/08/2015
2015054647;1;2;3;1;6;750;23/08/2015
2015054648;5;2;2;1;6;750;29/08/2015
2015054649;5;2;1;1;6;750;29/08/2015
2015054650;1;2;5;1;3;750;31/08/2015
2015054651;1;2;3;1;3;750;02/09/2015
2015054652;1;2;2;1;3;750;03/09/2015
2015054653;1;2;2;1;6;750;03/09/2015
2015054654;5;2;1;1;6;750;04/09/2015
2015054655;1;2;1;1;3;750;04/09/2015
2015054656;1;2;7;1;2;750;06/09/2015
2015054657;5;2;5;1;4;750;06/09/2015
2015054658;1;2;4;1;3;750;07/09/2015
2015054659;1;2;7;1;3;750;07/09/2015
2015054660;1;2;7;1;3;750;09/09/2015
2015054661;1;2;1;1;3;750;09/09/2015
2015054662;5;2;1;1;3;750;10/09/2015
2015054663;1;2;3;1;3;750;10/09/2015
2015054664;1;2;1;1;3;750;11/09/2015
2015054665;1;2;1;1;2;750;11/09/2015
2015054666;1;2;2;1;3;750;11/09/2015
2015054667;5;2;7;1;3;750;10/09/2015
2015054668;1;2;2;2;2;750;13/09/2015
2015054669;1;2;1;2;6;750;14/09/2015
2015054670;1;2;7;1;3;750;14/09/2015
2015054671;1;2;1;1;3;750;15/09/2015
2015054672;1;2;7;3;3;750;16/09/2015
2015054673;1;2;5;8;3;750;17/09/2015
2015054674;1;2;4;2;6;750;17/09/2015
2015054675;1;2;3;1;5;750;17/09/2015
2015054676;1;2;7;1;3;750;18/09/2015
2015054677;5;2;7;1;6;750;20/09/2015
2015054678;1;2;1;1;3;750;20/09/2015
2015054679;5;2;4;1;3;750;21/09/2015
2015054680;1;2;1;2;6;750;22/09/2015
2015054681;1;2;1;1;2;750;23/09/2015
2015054682;5;2;6;8;6;750;25/09/2015
2015054683;1;2;1;1;2;750;25/09/2015
2015054684;1;2;1;1;3;750;25/09/2015
2015054685;1;2;4;1;2;750;26/09/2015
2015054686;1;2;1;1;6;750;26/09/2015
2015054687;1;2;7;1;3;750;29/09/2015
2015054688;1;2;1;1;2;750;29/09/2015
2015054689;1;2;2;1;6;750;02/10/2015
2015054690;5;2;7;1;6;750;03/10/2015
2015054691;5;2;2;1;3;750;03/10/2015
2015054692;1;2;1;1;6;750;03/10/2015
2015054693;1;2;2;1;6;750;29/09/2015
2015054694;1;2;1;1;3;750;06/10/2015
2015054695;1;2;7;1;3;750;07/10/2015
2015054696;1;2;1;8;3;750;07/10/2015
2015054697;1;2;1;1;6;750;03/10/2015
2015054698;5;2;1;1;6;750;09/10/2015
2015054699;1;2;2;1;3;750;09/10/2015
2015054700;2;2;4;1;3;750;09/10/2015
2015054701;5;2;1;1;6;750;09/10/2015
2015054702;1;2;3;1;2;750;10/10/2015
2015054703;1;2;1;1;3;750;12/10/2015
2015054704;1;2;1;1;6;750;12/10/2015
2015054705;1;2;1;1;3;750;12/10/2015
2015054706;1;2;5;1;3;750;13/10/2015
2015054707;1;2;1;1;3;750;13/10/2015
2015054708;5;2;1;1;6;750;13/10/2015
2015054709;1;2;1;1;2;750;14/10/2015
2015054710;1;2;2;1;6;750;15/10/2015
2015054711;1;2;1;1;3;750;20/10/2015
2015054712;1;2;4;1;3;750;20/10/2015
2015054713;5;2;3;2;3;750;21/10/2015
2015054714;5;2;7;2;6;750;22/10/2015
2015054715;1;2;1;1;4;750;23/10/2015
2015054716;1;2;2;1;6;750;24/10/2015
2015054717;1;2;2;1;6;750;24/10/2015
2015054718;1;2;1;1;3;750;26/10/2015
2015054719;1;2;1;1;6;750;27/10/2015
2015054720;2;2;1;2;7;750;28/10/2015
2015054721;1;2;3;1;2;750;28/10/2015
2015054722;1;2;1;1;6;750;28/10/2015
2015054723;2;2;2;1;3;750;30/10/2015
2015054724;5;2;2;1;2;750;31/10/2015
2015054725;5;2;5;2;6;750;03/11/2015
2015054726;5;2;2;2;3;750;03/11/2015
2015054727;5;2;7;2;6;750;04/11/2015
2015054728;5;2;3;1;6;750;07/11/2015
2015054729;5;2;1;1;2;750;08/11/2015
2015054730;1;2;1;1;6;750;09/11/2015
2015054731;5;2;7;1;3;750;09/11/2015
2015054732;2;2;1;1;3;750;10/11/2015
2015054733;1;2;7;1;3;750;13/11/2015
2015054734;1;2;1;1;2;750;13/11/2015
2015054735;1;2;1;1;3;750;13/11/2015
2015054736;1;2;1;1;7;750;14/11/2015
2015054737;1;2;2;1;2;750;15/11/2015
2015054738;5;2;1;1;2;750;15/11/2015
2015054739;1;2;4;1;2;750;16/11/2015
2015054740;1;2;3;1;3;750;16/11/2015
2015054741;1;2;2;8;3;750;17/11/2015
2015054742;5;2;7;2;3;750;17/11/2015
2015054743;1;2;2;1;6;750;18/11/2015
2015054744;1;2;1;1;6;750;19/11/2015
2015054745;1;2;5;2;3;750;19/11/2015
2015054746;2;2;1;2;7;750;19/11/2015
2015054747;1;2;7;2;3;750;19/11/2015
2015054748;5;2;2;3;2;750;19/11/2015
2015054749;1;2;2;2;6;750;20/11/2015
2015054750;5;2;7;2;7;750;20/11/2015
2015054751;5;2;2;8;6;750;20/11/2015
2015054752;1;2;7;1;4;750;21/11/2015
2015054753;1;2;7;1;3;750;21/11/2015
2015054754;1;2;1;1;2;750;23/11/2015
2015054755;1;2;2;2;6;750;24/11/2015
2015054756;5;2;3;2;1;750;24/11/2015
2015054757;1;2;3;2;3;750;25/11/2015
2015054758;1;2;5;1;6;750;25/11/2015
2015054759;5;2;7;1;6;750;26/11/2015
2015054760;5;2;7;1;6;750;26/11/2015
2015054761;1;2;7;1;2;750;27/11/2015
2015054762;1;2;7;1;3;750;29/11/2015
2015054763;1;2;3;1;3;750;01/12/2015
2015054764;1;2;5;1;6;750;01/12/2015
2015054765;2;2;7;1;3;750;01/12/2015
2015054766;1;2;4;1;3;750;02/12/2015
2015054767;1;2;7;1;7;750;03/12/2015
2015054768;5;2;4;1;3;750;03/12/2015
2015054769;5;2;1;1;6;750;06/12/2015
2015054770;3;2;3;1;3;750;06/12/2015
2015054771;1;2;2;1;3;750;07/12/2015
2015054772;2;2;7;1;3;750;07/12/2015
2015054773;1;2;1;1;3;750;08/12/2015
2015054774;1;2;1;1;6;750;08/12/2015
2015054775;1;2;7;2;2;750;08/12/2015
2015054776;1;2;5;1;3;750;09/12/2015
2015054777;5;2;5;1;6;750;09/12/2015
2015054778;2;2;1;1;3;750;10/12/2015
2015054779;1;2;3;1;3;750;11/12/2015
2015054780;5;2;7;1;3;750;11/12/2015
2015054781;5;2;1;1;6;750;13/12/2015
2015054782;5;2;5;1;3;750;14/12/2015
2015054783;5;2;5;3;3;750;15/12/2015
2015054784;5;2;1;3;3;750;15/12/2015
2015054785;5;2;7;3;6;750;15/12/2015
2015054786;1;2;1;1;3;750;16/12/2015
2015054787;2;2;1;1;3;750;17/12/2015
2015054788;5;2;7;1;2;750;19/12/2015
2015054789;2;2;3;1;3;750;19/12/2015
2015054790;5;2;1;2;6;750;20/12/2015
2015054791;5;2;3;2;3;750;21/12/2015
2015054792;5;2;2;1;3;750;23/12/2015
2015054793;5;2;2;1;6;750;24/12/2015
2015054794;5;2;1;1;2;750;24/12/2015
2015054795;5;2;1;1;6;750;26/12/2015
2015054796;5;2;2;1;6;750;27/12/2015
2015054797;1;2;3;1;6;750;28/12/2015
2015054798;1;2;1;1;1;750;28/12/2015
2015054799;1;2;2;1;6;750;29/12/2015
2015054800;5;2;4;2;2;750;31/12/2015
2015054801;1;2;5;1;3;750;04/01/2015
2015054802;1;2;5;1;3;750;04/01/2015
2015054803;5;2;3;1;6;750;10/01/2015
2015054804;1;2;2;1;1;750;11/01/2015
2015054805;1;2;2;1;3;750;11/01/2015
2015054806;1;2;1;2;6;750;13/01/2015
2015054807;1;2;2;2;6;750;13/01/2015
2015054808;2;2;3;1;7;750;14/01/2015
2015054809;5;2;1;2;7;750;16/01/2015
2015054810;5;2;1;1;6;750;17/01/2015
2015054811;5;2;1;1;1;750;18/01/2015
2015054812;2;2;5;1;3;750;21/01/2015
2015054813;5;2;1;1;3;750;21/01/2015
2015054814;1;2;5;1;7;750;22/01/2015
2015054815;1;2;4;1;7;750;23/01/2015
2015054816;5;2;5;8;3;750;23/01/2015
2015054817;1;2;1;1;6;750;24/01/2015
2015054818;5;2;5;1;6;750;25/01/2015
2015054819;1;2;4;2;6;750;26/01/2015
2015054820;5;2;3;2;6;750;26/01/2015
2015054821;1;2;1;1;2;750;27/01/2015
2015054822;5;2;2;1;2;750;28/01/2015
2015054823;5;2;1;2;6;750;28/01/2015
2015054824;5;2;1;2;6;750;28/01/2015
2015054825;1;2;2;2;6;750;29/01/2015
2015054826;5;2;5;2;3;750;29/01/2015
2015054827;3;2;3;1;6;750;30/01/2015
2015054828;5;2;1;1;3;750;30/01/2015
2015054829;5;2;3;1;6;750;30/01/2015
2015054830;1;2;2;2;6;750;01/02/2015
2015054831;5;2;1;4;6;750;02/02/2015
2015054832;1;2;3;1;5;750;03/02/2015
2015054833;1;2;5;1;6;750;03/02/2015
2015054834;5;2;5;1;3;750;04/02/2015
2015054835;1;2;1;1;6;750;05/02/2015
2015054836;1;2;3;1;7;750;06/02/2015
2015054837;5;2;2;1;6;750;07/02/2015
2015054838;1;2;1;1;3;750;10/02/2015
2015054839;1;2;2;1;3;750;11/02/2015
2015054840;1;2;1;1;6;750;12/02/2015
2015054841;5;2;2;1;3;750;12/02/2015
2015054842;1;2;1;1;6;750;16/02/2015
2015054843;5;2;3;1;6;750;16/02/2015
2015054844;5;2;3;1;3;750;18/02/2015
2015054845;1;2;2;1;6;750;18/02/2015
2015054846;2;2;3;2;7;750;20/02/2015
2015054847;1;2;3;8;6;750;25/02/2015
2015054848;1;2;3;2;6;750;25/02/2015
2015054849;1;2;1;2;7;750;26/02/2015
2015054850;5;2;7;2;6;750;26/02/2015
2015054851;5;2;5;1;3;750;28/02/2015
2015054852;5;2;2;1;6;750;28/02/2015
2015054853;1;2;5;2;2;750;02/03/2015
2015054854;5;2;1;8;3;750;02/03/2015
2015054855;1;2;1;1;3;750;03/03/2015
2015054856;1;2;5;1;3;750;04/03/2015
2015054857;1;2;1;1;6;750;06/03/2015
2015054858;5;2;1;1;6;750;07/03/2015
2015054859;1;2;1;1;6;750;07/03/2015
2015054860;5;2;2;1;3;750;09/03/2015
2015054861;5;2;5;1;6;750;10/03/2015
2015054862;5;2;2;1;3;750;11/03/2015
2015054863;1;2;5;1;3;750;12/03/2015
2015054864;1;2;5;1;6;750;12/03/2015
2015054865;5;2;1;1;6;750;13/03/2015
2015054866;3;2;5;1;6;750;13/03/2015
2015054867;5;2;1;1;2;750;16/03/2015
2015054868;1;2;5;1;6;750;17/03/2015
2015054869;1;2;2;1;3;750;17/03/2015
2015054870;5;2;1;1;6;750;19/03/2015
2015054871;1;2;5;1;6;750;20/03/2015
2015054872;5;2;5;1;2;750;21/03/2015
2015054873;2;2;1;1;6;750;24/03/2015
2015054874;1;2;2;2;3;750;24/03/2015
2015054875;1;2;5;1;6;750;26/03/2015
2015054876;5;2;4;2;6;750;25/03/2015
2015054877;1;2;1;1;6;750;27/03/2015
2015054878;5;2;5;1;6;750;28/03/2015
2015054879;1;2;2;1;6;750;28/03/2015
2015054880;1;2;1;2;6;750;29/03/2015
2015054881;1;2;4;1;6;750;30/03/2015
2015054882;2;2;1;1;2;750;31/03/2015
2015054883;1;2;5;1;3;750;02/04/2015
2015054884;1;2;1;1;1;750;03/04/2015
2015054885;5;2;1;1;6;750;07/04/2015
2015054886;1;2;1;1;3;750;08/04/2015
2015054887;1;2;1;1;3;750;08/04/2015
2015054888;5;2;2;1;6;750;09/04/2015
2015054889;1;2;1;1;6;750;10/04/2015
2015054890;5;2;2;1;6;750;12/04/2015
2015054891;1;2;1;1;3;750;13/04/2015
2015054892;1;2;1;1;6;750;13/04/2015
2015054893;1;2;5;7;6;750;14/04/2015
2015054894;1;2;2;1;6;750;15/04/2015
2015054895;5;2;2;1;3;750;17/04/2015
2015054896;1;2;5;1;3;750;20/04/2015
2015054897;1;2;2;1;2;750;21/04/2015
2015054898;1;2;2;1;6;750;22/04/2015
2015054899;1;2;1;1;6;750;22/04/2015
2015054900;1;2;3;1;2;750;22/04/2015
2015054901;1;2;2;1;6;750;28/04/2015
2015054902;5;2;5;2;1;750;29/04/2015
2015054903;1;2;2;2;6;750;30/04/2015
2015054904;1;2;1;3;7;750;30/04/2015
2015054905;5;2;1;2;6;750;30/04/2015
2015054906;1;2;4;1;6;750;06/05/2015
2015054907;1;2;3;1;6;750;08/05/2015
2015054908;5;2;2;1;3;750;09/05/2015
2015054909;1;2;3;1;6;750;09/05/2015
2015054910;1;2;2;1;6;750;11/05/2015
2015054911;1;2;5;1;6;750;12/05/2015
2015054912;1;2;3;1;6;750;13/05/2015
2015054913;1;2;3;1;3;750;15/05/2015
2015054914;1;2;2;1;6;750;16/05/2015
2015054915;1;2;2;2;3;750;19/05/2015
2015054916;1;2;5;1;6;750;21/05/2015
2015054917;1;2;2;1;6;750;25/05/2015
2015054918;1;2;2;1;6;750;26/05/2015
2015054919;1;2;2;1;6;750;27/05/2015
2015054920;1;2;5;1;1;750;27/05/2015
2015054921;1;2;5;1;4;750;27/05/2015
2015054922;2;2;2;1;4;750;27/05/2015
2015054923;1;2;2;1;3;750;28/05/2015
2015054924;5;2;5;1;6;750;28/05/2015
2015054925;1;2;7;1;6;750;29/05/2015
2015054926;1;2;1;1;6;750;30/05/2015
2015054927;1;2;2;1;6;750;30/05/2015
2015054928;1;2;1;1;3;750;01/06/2015
2015054929;1;2;2;1;3;750;02/06/2015
2015054930;1;2;1;1;6;750;04/06/2015
2015054931;1;2;4;7;3;750;05/06/2015
2015054932;2;2;1;1;3;750;05/06/2015
2015054933;2;2;2;1;2;750;05/06/2015
2015054934;1;2;1;1;7;750;02/06/2015
2015054935;1;2;2;7;6;750;06/06/2015
2015054936;1;2;1;1;3;750;07/06/2015
2015054937;1;2;3;1;6;750;08/06/2015
2015054938;1;2;3;1;2;750;09/06/2015
2015054939;5;2;1;1;3;750;10/06/2015
2015054940;1;2;1;1;6;750;10/06/2015
2015054941;1;2;1;1;2;750;09/06/2015
2015054942;1;2;5;1;6;750;10/06/2015
2015054943;1;2;2;1;6;750;11/06/2015
2015054944;2;2;1;1;6;750;14/06/2015
2015054945;1;2;1;8;6;750;15/06/2015
2015054946;1;2;2;1;3;750;02/06/2015
2015054947;1;2;5;1;2;750;16/06/2015
2015054948;1;2;2;1;2;750;17/06/2015
2015054949;1;2;5;1;7;750;18/06/2015
2015054950;1;2;4;1;6;750;18/06/2015
2015054951;5;2;1;1;6;750;19/06/2015
2015054952;5;2;2;1;3;750;21/06/2015
2015054953;1;2;5;1;6;750;22/06/2015
2015054954;2;2;1;1;6;750;21/06/2015
2015054955;1;2;3;1;6;750;24/06/2015
2015054956;1;2;4;1;6;750;24/06/2015
2015054957;1;2;3;1;6;750;25/06/2015
2015054958;1;2;1;1;6;750;01/07/2015
2015054959;1;2;1;1;3;750;02/07/2015
2015054960;1;2;1;1;2;750;02/07/2015
2015054961;5;2;5;1;6;750;02/07/2015
2015054962;1;2;1;1;6;750;03/07/2015
2015054963;1;2;1;1;4;750;06/07/2015
2015054964;1;2;3;1;7;750;06/07/2015
2015054965;1;2;1;1;2;750;06/07/2015
2015054966;1;2;3;1;6;750;06/07/2015
2015054967;2;2;1;1;1;750;07/07/2015
2015054968;1;2;2;8;6;750;08/07/2015
2015054969;1;2;2;8;6;750;08/07/2015
2015054970;1;2;5;1;6;750;09/07/2015
2015054971;1;2;2;1;6;750;10/07/2015
2015054972;1;2;2;1;3;750;13/07/2015
2015054973;1;2;5;7;6;750;15/07/2015
2015054974;1;2;1;1;3;750;17/07/2015
2015054975;1;2;1;1;7;750;18/07/2015
2015054976;1;2;5;1;6;750;21/07/2015
2015054977;5;2;7;1;3;750;24/07/2015
2015054978;1;2;2;1;3;750;24/07/2015
2015054979;5;2;3;1;3;750;26/07/2015
2015054980;1;2;1;2;6;750;28/07/2015
2015054981;1;2;1;1;3;750;29/07/2015
2015054982;1;2;2;1;6;750;31/07/2015
2015054983;5;2;2;1;6;750;02/08/2015
2015054984;1;2;3;1;6;750;03/08/2015
2015054985;1;2;2;1;6;750;03/08/2015
2015054986;1;2;5;1;3;750;06/08/2015
2015054987;5;2;5;1;3;750;07/08/2015
2015054988;1;2;1;1;6;750;08/08/2015
2015054989;1;2;1;1;4;750;08/08/2015
2015054990;5;2;3;1;6;750;09/08/2015
2015054991;2;2;3;1;6;750;11/08/2015
2015054992;1;2;3;1;3;750;12/08/2015
2015054993;1;2;5;1;6;750;15/08/2015
2015054994;1;2;3;1;3;750;17/08/2015
2015054995;1;2;1;1;6;750;17/08/2015
2015054996;1;2;3;1;6;750;19/08/2015
2015054997;1;2;2;1;6;750;20/08/2015
2015054998;5;2;7;1;3;750;21/08/2015
2015054999;1;2;3;1;3;750;21/08/2015
2015055000;1;2;1;2;2;750;24/08/2015
2015055001;2;2;2;2;3;750;24/08/2015
2015055002;2;2;3;1;6;750;25/08/2015
2015055003;5;2;4;2;3;750;25/08/2015
2015055004;1;2;1;1;6;750;26/08/2015
2015055005;1;2;1;3;1;750;27/08/2015
2015055006;1;2;3;1;3;750;02/09/2015
2015055007;1;2;1;1;6;750;03/09/2015
2015055008;5;2;2;1;6;750;06/09/2015
2015055009;1;2;1;1;3;750;07/09/2015
2015055010;1;2;5;1;2;750;09/09/2015
2015055011;1;2;1;3;6;750;12/09/2015
2015055012;2;2;2;8;6;750;12/09/2015
2015055013;1;2;2;1;6;750;14/09/2015
2015055014;1;2;3;1;2;750;15/09/2015
2015055015;1;2;1;2;2;750;16/09/2015
2015055016;2;2;7;3;6;750;16/09/2015
2015055017;5;2;2;1;3;750;16/09/2015
2015055018;1;2;3;1;6;750;18/09/2015
2015055019;1;2;1;2;6;750;18/09/2015
2015055020;1;2;1;1;3;750;23/09/2015
2015055021;1;2;2;1;6;750;24/09/2015
2015055022;1;2;1;1;2;750;24/09/2015
2015055023;5;2;1;1;6;750;28/09/2015
2015055024;1;2;1;1;6;750;28/09/2015
2015055025;4;2;7;1;6;750;30/09/2015
2015055026;5;2;2;1;3;750;30/09/2015
2015055027;1;2;1;1;2;750;29/09/2015
2015055028;1;2;1;1;7;750;30/09/2015
2015055029;1;2;5;1;6;750;01/10/2015
2015055030;1;2;1;1;6;750;03/10/2015
2015055031;2;2;2;3;7;750;05/10/2015
2015055032;2;2;2;3;3;750;05/10/2015
2015055033;1;2;4;1;6;750;06/10/2015
2015055034;2;2;2;2;3;750;06/10/2015
2015055035;1;2;4;1;3;750;07/10/2015
2015055036;5;2;3;1;3;750;07/10/2015
2015055037;5;2;1;1;3;750;07/10/2015
2015055038;1;2;1;2;2;750;06/10/2015
2015055039;1;2;5;1;7;750;10/10/2015
2015055040;1;2;5;2;2;750;06/10/2015
2015055041;5;2;4;1;6;750;10/10/2015
2015055042;5;2;3;1;2;750;11/10/2015
2015055043;5;2;5;2;6;750;14/10/2015
2015055044;1;2;1;2;6;750;16/10/2015
2015055045;1;2;1;1;3;750;17/10/2015
2015055046;1;2;1;8;6;750;18/10/2015
2015055047;5;2;1;1;2;750;19/10/2015
2015055048;1;2;1;2;7;750;22/10/2015
2015055049;2;2;5;2;3;750;22/10/2015
2015055050;1;2;1;1;2;750;23/10/2015
2015055051;5;2;1;1;6;750;23/10/2015
2015055052;5;2;2;1;3;750;23/10/2015
2015055053;1;2;1;1;6;750;26/10/2015
2015055054;1;2;4;1;6;750;26/10/2015
2015055055;1;2;2;1;3;750;26/10/2015
2015055056;1;2;2;8;3;750;28/10/2015
2015055057;1;2;3;1;6;750;29/10/2015
2015055058;5;2;2;1;2;750;30/10/2015
2015055059;1;2;5;1;2;750;30/10/2015
2015055060;5;2;2;1;3;750;02/11/2015
2015055061;5;2;3;2;6;750;05/11/2015
2015055062;5;2;2;2;3;750;05/11/2015
2015055063;1;2;5;2;6;750;06/11/2015
2015055064;2;2;5;1;7;750;09/11/2015
2015055065;1;2;3;1;6;750;09/11/2015
2015055066;5;2;1;1;6;750;09/11/2015
2015055067;1;2;4;1;6;750;10/11/2015
2015055068;5;2;2;1;6;750;11/11/2015
2015055069;1;2;1;1;6;750;13/11/2015
2015055070;5;2;1;1;3;750;14/11/2015
2015055071;5;2;2;1;6;750;16/11/2015
2015055072;5;2;3;1;2;750;16/11/2015
2015055073;5;2;1;2;6;750;17/11/2015
2015055074;1;2;4;8;6;750;17/11/2015
2015055075;1;2;1;1;6;750;18/11/2015
2015055076;1;2;4;2;6;750;20/11/2015
2015055077;5;2;1;2;6;750;20/11/2015
2015055078;5;2;1;2;6;750;20/11/2015
2015055079;5;2;4;2;3;750;20/11/2015
2015055080;1;2;4;1;3;750;21/11/2015
2015055081;1;2;2;8;3;750;21/11/2015
2015055082;1;2;1;1;1;750;22/11/2015
2015055083;1;2;5;1;6;750;23/11/2015
2015055084;5;2;1;1;3;750;23/11/2015
2015055085;5;2;1;1;3;750;23/11/2015
2015055086;1;2;1;2;6;750;25/11/2015
2015055087;1;2;1;1;6;750;26/11/2015
2015055088;1;2;3;1;2;750;28/11/2015
2015055089;1;2;7;1;6;750;24/11/2015
2015055090;1;2;3;1;6;750;01/12/2015
2015055091;1;2;3;8;6;750;01/12/2015
2015055092;5;2;3;1;6;750;01/12/2015
2015055093;1;2;2;1;7;750;02/12/2015
2015055094;1;2;4;1;6;750;03/12/2015
2015055095;5;2;1;1;3;750;03/12/2015
2015055096;5;2;1;1;3;750;03/12/2015
2015055097;1;2;1;1;6;750;04/12/2015
2015055098;2;2;1;1;1;750;04/12/2015
2015055099;5;2;5;1;6;750;04/12/2015
2015055100;5;2;7;1;2;750;05/12/2015
2015055101;5;2;1;1;6;750;06/12/2015
2015055102;1;2;4;1;3;750;07/12/2015
2015055103;1;2;3;3;6;750;08/12/2015
2015055104;1;2;3;1;3;750;08/12/2015
2015055105;5;2;2;8;3;750;08/12/2015
2015055106;5;2;2;1;6;750;09/12/2015
2015055107;1;2;5;1;3;750;10/12/2015
2015055108;5;2;5;1;3;750;10/12/2015
2015055109;1;2;2;1;6;750;14/12/2015
2015055110;1;2;2;8;7;750;14/12/2015
2015055111;1;2;5;1;6;750;14/12/2015
2015055112;2;2;4;1;3;750;17/12/2015
2015055113;2;2;2;8;3;750;19/12/2015
2015055114;1;2;3;1;6;750;21/12/2015
2015055115;1;2;1;1;3;750;21/12/2015
2015055116;1;2;3;1;6;750;23/12/2015
2015055117;5;2;2;1;3;750;24/12/2015
2015055118;5;2;4;1;2;750;26/12/2015
2015055119;5;2;1;1;6;750;28/12/2015
2015055120;1;2;1;1;3;750;29/12/2015
2015055121;5;2;1;1;1;750;31/12/2015
2015055122;5;2;3;1;6;750;01/01/2015
2015055123;1;2;5;1;6;750;04/01/2015
2015055124;1;2;4;1;3;750;05/01/2015
2015055125;3;2;1;2;6;750;09/01/2015
2015055126;1;2;1;2;6;750;13/01/2015
2015055127;2;2;1;2;6;750;13/01/2015
2015055128;5;2;7;1;2;750;14/01/2015
2015055129;5;2;2;2;6;750;15/01/2015
2015055130;5;2;1;1;3;750;16/01/2015
2015055131;1;2;1;1;6;750;16/01/2015
2015055132;1;2;2;1;3;750;16/01/2015
2015055133;1;2;1;1;3;750;16/01/2015
2015055134;4;2;4;1;3;750;16/01/2015
2015055135;5;2;4;1;3;750;18/01/2015
2015055136;5;2;1;1;1;750;20/01/2015
2015055137;1;2;4;1;3;750;20/01/2015
2015055138;5;2;1;1;6;750;22/01/2015
2015055139;1;2;3;1;6;750;23/01/2015
2015055140;1;2;3;1;7;750;24/01/2015
2015055141;1;2;3;2;6;750;29/01/2015
2015055142;1;2;1;2;2;750;29/01/2015
2015055143;5;2;1;2;6;750;29/01/2015
2015055144;5;2;1;2;3;750;01/02/2015
2015055145;1;2;4;1;3;750;04/02/2015
2015055146;1;2;5;1;3;750;08/02/2015
2015055147;1;2;1;1;6;750;10/02/2015
2015055148;1;2;5;1;3;750;13/02/2015
2015055149;5;2;1;1;6;750;14/02/2015
2015055150;1;2;1;2;6;750;14/02/2015
2015055151;5;2;1;1;6;750;15/02/2015
2015055152;5;2;3;1;4;750;17/02/2015
2015055153;2;2;3;1;2;750;18/02/2015
2015055154;1;2;2;1;6;750;18/02/2015
2015055155;1;2;4;1;6;750;22/02/2015
2015055156;1;2;1;1;3;750;22/02/2015
2015055157;1;2;5;1;3;750;23/02/2015
2015055158;1;2;2;2;6;750;23/02/2015
2015055159;1;2;1;2;3;750;23/02/2015
2015055160;1;2;1;8;2;750;23/02/2015
2015055161;1;2;5;1;3;750;23/02/2015
2015055162;1;2;5;1;3;750;24/02/2015
2015055163;1;2;2;2;6;750;24/02/2015
2015055164;5;2;1;1;3;750;25/02/2015
2015055165;1;2;4;2;6;750;26/02/2015
2015055166;5;2;4;1;3;750;28/02/2015
2015055167;5;2;3;1;7;750;02/03/2015
2015055168;1;2;1;1;6;750;04/03/2015
2015055169;1;2;1;1;6;750;04/03/2015
2015055170;1;2;2;1;6;750;06/03/2015
2015055171;1;2;2;1;3;750;07/03/2015
2015055172;1;2;1;1;2;750;09/03/2015
2015055173;1;2;3;1;3;750;10/03/2015
2015055174;1;2;2;1;6;750;11/03/2015
2015055175;1;2;1;1;6;750;13/03/2015