num_acc;lum;agg;inter;atm;col;dep;date
2015055176;1;2;7;1;2;750;17/03/2015
2015055177;1;2;2;1;6;750;20/03/2015
2015055178;1;2;7;1;3;750;21/03/2015
2015055179;1;2;2;1;3;750;24/03/2015
2015055180;5;2;5;2;2;750;25/03/2015
2015055181;1;2;2;8;3;750;25/03/2015
2015055182;1;2;3;2;6;750;26/03/2015
2015055183;5;2;2;1;6;750;26/03/2015
2015055184;1;2;3;2;6;750;28/03/2015
2015055185;2;2;2;2;3;750;29/03/2015
2015055186;1;2;1;2;7;750;31/03/2015
2015055187;1;2;3;2;3;750;31/03/2015
2015055188;1;2;5;8;2;750;31/03/2015
2015055189;1;2;1;8;6;750;31/03/2015
2015055190;1;2;2;1;6;750;31/03/2015
2015055191;1;2;1;1;6;750;31/03/2015
2015055192;1;2;2;1;1;750;31/03/2015
2015055193;1;2;3;3;2;750;02/04/2015
2015055194;5;2;4;1;3;750;07/04/2015
2015055195;5;2;1;1;4;750;10/04/2015
2015055196;5;2;7;1;6;750;13/04/2015
2015055197;1;2;7;1;3;750;14/04/2015
2015055198;1;2;1;1;6;750;15/04/2015
2015055199;1;2;1;1;6;750;15/04/2015
2015055200;1;2;3;1;7;750;16/04/2015
2015055201;5;2;2;1;6;750;17/04/2015
2015055202;1;2;5;1;6;750;19/04/2015
2015055203;1;2;4;1;2;750;23/04/2015
2015055204;1;2;1;1;6;750;23/04/2015
2015055205;1;2;7;1;6;750;23/04/2015
2015055206;5;2;7;1;6;750;24/04/2015
2015055207;1;2;3;2;6;750;26/04/2015
2015055208;1;2;1;1;2;750;28/04/2015
2015055209;1;2;1;1;2;750;29/04/2015
2015055210;1;2;3;1;6;750;29/04/2015
2015055211;1;2;2;3;6;750;30/04/2015
2015055212;5;2;4;2;6;750;03/05/2015
2015055213;1;2;1;2;2;750;03/05/2015
2015055214;1;2;4;1;1;750;03/05/2015
2015055215;1;2;7;1;2;750;05/05/2015
2015055216;1;2;2;1;6;750;05/05/2015
2015055217;1;2;5;1;6;750;07/05/2015
2015055218;1;2;1;1;2;750;09/05/2015
2015055219;5;2;1;1;2;750;09/05/2015
2015055220;1;2;3;1;6;750;11/05/2015
2015055221;1;2;7;1;3;750;11/05/2015
2015055222;1;2;5;1;6;750;12/05/2015
2015055223;1;2;3;1;3;750;14/05/2015
2015055224;1;2;1;1;2;750;16/05/2015
2015055225;1;2;3;1;2;750;19/05/2015
2015055226;1;2;1;1;3;750;20/05/2015
2015055227;1;2;3;1;6;750;20/05/2015
2015055228;5;2;3;1;3;750;20/05/2015
2015055229;1;2;1;1;7;750;22/05/2015
2015055230;1;2;2;1;2;750;22/05/2015
2015055231;1;2;3;1;3;750;22/05/2015
2015055232;1;2;3;1;3;750;26/05/2015
2015055233;1;2;1;1;6;750;01/06/2015
2015055234;1;2;2;1;3;750;02/06/2015
2015055235;1;2;1;1;2;750;03/06/2015
2015055236;1;2;1;1;6;750;03/06/2015
2015055237;1;2;2;1;6;750;04/06/2015
2015055238;1;2;2;1;6;750;05/06/2015
2015055239;1;2;1;1;7;750;05/06/2015
2015055240;1;2;2;1;3;750;08/06/2015
2015055241;1;2;4;1;6;750;08/06/2015
2015055242;1;2;3;8;3;750;09/06/2015
2015055243;1;2;1;1;4;750;10/06/2015
2015055244;1;2;1;1;6;750;11/06/2015
2015055245;1;2;7;1;3;750;12/06/2015
2015055246;1;2;2;1;2;750;13/06/2015
2015055247;1;2;2;1;3;750;13/06/2015
2015055248;1;2;1;2;6;750;23/06/2015
2015055249;1;2;1;1;6;750;24/06/2015
2015055250;1;2;1;1;6;750;24/06/2015
2015055251;1;2;1;1;3;750;01/07/2015
2015055252;2;2;7;1;3;750;01/07/2015
2015055253;1;2;3;1;6;750;04/07/2015
2015055254;1;2;1;1;6;750;05/07/2015
2015055255;1;2;4;1;3;750;24/07/2015
2015055256;1;2;2;3;3;750;26/07/2015
2015055257;1;2;4;1;2;750;27/07/2015
2015055258;1;2;1;1;3;750;28/07/2015
2015055259;1;2;1;1;3;750;29/07/2015
2015055260;1;2;3;2;2;750;24/08/2015
2015055261;1;2;1;2;3;750;24/08/2015
2015055262;1;2;7;1;3;750;31/08/2015
2015055263;1;2;3;1;3;750;01/09/2015
2015055264;1;2;6;1;1;750;02/09/2015
2015055265;1;2;5;8;3;750;05/09/2015
2015055266;1;2;1;1;7;750;11/09/2015
2015055267;1;2;3;2;7;750;13/09/2015
2015055268;1;2;1;1;3;750;18/09/2015
2015055269;1;2;5;1;3;750;19/09/2015
2015055270;5;2;3;1;1;750;26/09/2015
2015055271;1;2;1;1;6;750;30/09/2015
2015055272;1;2;2;1;3;750;30/09/2015
2015055273;1;2;1;2;1;750;05/10/2015
2015055274;1;2;1;2;6;750;05/10/2015
2015055275;1;2;1;2;3;750;05/10/2015
2015055276;5;2;1;1;3;750;07/10/2015
2015055277;5;2;3;1;2;750;07/10/2015
2015055278;1;2;1;1;3;750;08/10/2015
2015055279;1;2;3;1;7;750;08/10/2015
2015055280;1;2;2;1;6;750;11/10/2015
2015055281;1;2;1;1;6;750;12/10/2015
2015055282;1;2;5;1;1;750;18/10/2015
2015055283;5;2;1;8;6;750;20/10/2015
2015055284;1;2;1;2;3;750;04/11/2015
2015055285;1;2;3;1;6;750;05/11/2015
2015055286;1;2;4;1;3;750;10/11/2015
2015055287;1;2;5;1;6;750;10/11/2015
2015055288;1;2;2;1;3;750;10/11/2015
2015055289;5;2;4;1;2;750;07/12/2015
2015055290;1;2;1;1;3;750;11/12/2015
2015055291;1;2;1;1;2;750;06/06/2015
2015055292;1;2;7;1;3;750;06/06/2015
2015055293;5;2;3;1;2;750;18/06/2015
2015055294;1;2;1;1;3;750;25/06/2015
2015055295;5;2;2;1;6;750;26/06/2015
2015055296;1;2;1;7;6;750;27/06/2015
2015055297;1;2;1;1;1;750;29/06/2015
2015055298;5;2;1;1;6;750;03/06/2015
2015055299;1;2;2;1;6;750;03/07/2015
2015055300;1;2;1;1;6;750;04/07/2015
2015055301;1;2;4;8;2;750;05/07/2015
2015055302;5;2;2;1;3;750;06/07/2015
2015055303;1;2;1;1;6;750;09/07/2015
2015055304;5;2;5;1;3;750;10/07/2015
2015055305;1;2;1;7;6;750;10/07/2015
2015055306;1;2;4;1;4;750;10/07/2015
2015055307;5;2;2;1;6;750;11/07/2015
2015055308;5;2;3;1;3;750;10/07/2015
2015055309;1;2;2;1;6;750;11/07/2015
2015055310;1;2;1;1;1;750;13/07/2015
2015055311;1;2;1;1;3;750;14/07/2015
2015055312;1;2;7;7;3;750;16/07/2015
2015055313;1;2;2;1;3;750;16/07/2015
2015055314;1;2;3;1;2;750;18/07/2015
2015055315;5;2;1;8;6;750;19/07/2015
2015055316;1;2;4;1;2;750;22/07/2015
2015055317;1;2;1;1;6;750;23/07/2015
2015055318;1;2;1;2;4;750;25/07/2015
2015055319;1;2;5;1;3;750;25/07/2015
2015055320;1;2;1;1;6;750;28/07/2015
2015055321;1;2;1;1;3;750;29/07/2015
2015055322;2;2;1;1;6;750;29/07/2015
2015055323;1;2;1;1;6;750;02/08/2015
2015055324;1;2;1;1;4;750;03/08/2015
2015055325;5;2;7;1;3;750;08/08/2015
2015055326;1;2;2;1;3;750;08/08/2015
2015055327;1;2;1;1;3;750;08/08/2015
2015055328;1;2;7;1;2;750;11/08/2015
2015055329;1;2;1;1;6;750;11/08/2015
2015055330;1;2;3;1;6;750;28/08/2015
2015055331;5;2;7;1;3;750;31/08/2015
2015055332;5;2;2;1;4;750;31/08/2015
2015055333;1;2;3;1;3;750;04/09/2015
2015055334;1;2;3;1;2;750;04/09/2015
2015055335;5;2;7;1;6;750;05/09/2015
2015055336;1;2;2;1;3;750;10/09/2015
2015055337;2;2;3;1;3;750;10/09/2015
2015055338;1;2;3;1;3;750;11/09/2015
2015055339;1;2;1;2;6;750;13/09/2015
2015055340;5;2;4;3;6;750;16/09/2015
2015055341;5;2;1;1;6;750;19/09/2015
2015055342;1;2;2;1;6;750;19/09/2015
2015055343;1;2;1;1;6;750;19/09/2015
2015055344;5;2;5;1;3;750;20/09/2015
2015055345;5;2;1;1;3;750;20/09/2015
2015055346;1;2;3;1;6;750;23/09/2015
2015055347;1;2;3;1;6;750;25/09/2015
2015055348;5;2;1;1;6;750;25/09/2015
2015055349;1;2;2;1;6;750;27/09/2015
2015055350;1;2;1;1;6;750;30/09/2015
2015055351;1;2;1;1;6;750;01/10/2015
2015055352;5;2;1;1;7;750;02/10/2015
2015055353;5;2;5;1;4;750;09/10/2015
2015055354;5;2;5;1;6;750;10/10/2015
2015055355;5;2;1;2;6;750;14/10/2015
2015055356;5;2;1;1;6;750;18/10/2015
2015055357;1;2;1;8;7;750;19/10/2015
2015055358;1;2;1;1;2;750;19/10/2015
2015055359;5;2;1;2;2;750;21/10/2015
2015055360;5;2;3;2;6;750;22/10/2015
2015055361;1;2;1;8;3;750;22/10/2015
2015055362;5;2;3;2;7;750;22/10/2015
2015055363;5;2;2;1;6;750;26/10/2015
2015055364;5;2;1;1;6;750;27/10/2015
2015055365;1;2;1;1;3;750;27/10/2015
2015055366;5;2;3;8;7;750;28/10/2015
2015055367;5;2;4;1;3;750;29/10/2015
2015055368;1;2;7;8;5;750;02/11/2015
2015055369;1;2;3;1;5;750;03/11/2015
2015055370;1;2;2;2;6;750;03/11/2015
2015055371;1;2;1;1;6;750;05/11/2015
2015055372;5;2;2;2;3;750;05/11/2015
2015055373;1;2;5;2;3;750;06/11/2015
2015055374;5;2;3;2;7;750;06/11/2015
2015055375;5;2;7;1;2;750;06/11/2015
2015055376;5;2;3;1;5;750;07/11/2015
2015055377;5;2;3;1;6;750;07/11/2015
2015055378;5;2;3;1;6;750;07/11/2015
2015055379;1;2;3;1;3;750;08/11/2015
2015055380;1;2;2;1;6;750;12/11/2015
2015055381;1;2;2;8;6;750;12/11/2015
2015055382;1;2;2;2;7;750;17/11/2015
2015055383;2;2;2;2;2;750;17/11/2015
2015055384;1;2;1;1;2;750;23/11/2015
2015055385;1;2;2;1;3;750;23/11/2015
2015055386;1;2;1;1;6;750;27/11/2015
2015055387;5;2;1;1;3;750;30/11/2015
2015055388;1;2;5;1;6;750;30/11/2015
2015055389;1;2;1;8;3;750;01/12/2015
2015055390;5;2;2;2;7;750;04/12/2015
2015055391;5;2;1;1;6;750;07/12/2015
2015055392;2;2;4;1;6;750;07/12/2015
2015055393;1;2;1;1;6;750;09/12/2015
2015055394;5;2;1;1;6;750;11/12/2015
2015055395;1;2;4;1;3;750;14/12/2015
2015055396;1;2;1;1;3;750;14/12/2015
2015055397;5;2;1;1;6;750;15/12/2015
2015055398;5;2;4;6;6;750;16/12/2015
2015055399;5;2;1;3;6;750;17/12/2015
2015055400;5;2;2;1;3;750;18/12/2015
2015055401;5;2;1;1;7;750;19/12/2015
2015055402;1;2;1;1;6;750;24/12/2015
2015055403;1;2;1;1;6;750;24/12/2015
2015055404;1;2;1;1;3;750;24/12/2015
2015055405;5;2;1;1;2;750;28/12/2015
2015055406;2;2;3;1;3;750;30/12/2015
2015055407;5;2;7;1;3;750;01/01/2015
2015055408;5;2;2;2;3;750;08/01/2015
2015055409;1;2;1;1;3;750;11/01/2015
2015055410;2;2;1;1;2;750;10/01/2015
2015055411;5;2;1;1;2;750;12/01/2015
2015055412;5;2;2;1;3;750;12/01/2015
2015055413;1;2;3;1;4;750;13/01/2015
2015055414;1;2;2;2;2;750;15/01/2015
2015055415;5;2;2;2;6;750;15/01/2015
2015055416;5;2;3;9;7;750;15/01/2015
2015055417;5;2;1;2;6;750;16/01/2015
2015055418;1;2;3;2;3;750;19/01/2015
2015055419;1;2;3;1;3;750;19/01/2015
2015055420;5;2;1;8;6;750;19/01/2015
2015055421;4;2;1;1;5;750;20/01/2015
2015055422;5;2;1;1;6;750;20/01/2015
2015055423;1;2;1;1;6;750;20/01/2015
2015055424;1;2;1;1;6;750;20/01/2015
2015055425;1;2;5;1;3;750;20/01/2015
2015055426;1;2;5;1;6;750;22/01/2015
2015055427;1;2;5;1;3;750;23/01/2015
2015055428;5;2;2;1;6;750;23/01/2015
2015055429;5;2;2;1;6;750;24/01/2015
2015055430;1;2;1;2;6;750;26/01/2015
2015055431;1;2;1;8;6;750;27/01/2015
2015055432;5;2;7;1;6;750;28/01/2015
2015055433;1;2;1;3;6;750;29/01/2015
2015055434;5;2;2;2;2;750;24/01/2015
2015055435;1;2;2;2;6;750;30/01/2015
2015055436;3;2;1;1;6;750;30/01/2015
2015055437;2;2;4;2;6;750;31/01/2015
2015055438;5;2;1;2;6;750;31/01/2015
2015055439;5;2;7;1;3;750;01/02/2015
2015055440;5;2;1;1;6;750;02/02/2015
2015055441;1;2;2;1;3;750;03/02/2015
2015055442;5;2;3;1;6;750;05/02/2015
2015055443;5;2;2;1;6;750;05/02/2015
2015055444;5;2;3;1;6;750;06/02/2015
2015055445;5;2;1;9;7;750;08/02/2015
2015055446;1;2;3;1;2;750;09/02/2015
2015055447;1;2;1;1;6;750;10/02/2015
2015055448;1;2;7;1;3;750;10/02/2015
2015055449;1;2;2;1;6;750;12/02/2015
2015055450;1;2;1;1;6;750;13/02/2015
2015055451;2;2;1;2;6;750;13/02/2015
2015055452;1;2;2;8;6;750;14/02/2015
2015055453;5;2;1;2;3;750;14/02/2015
2015055454;5;2;1;1;6;750;18/02/2015
2015055455;5;2;2;1;2;750;20/02/2015
2015055456;5;2;1;8;2;750;21/02/2015
2015055457;5;2;2;1;3;750;21/02/2015
2015055458;1;2;2;1;6;750;22/02/2015
2015055459;3;2;1;1;6;750;24/02/2015
2015055460;5;2;2;3;3;750;26/02/2015
2015055461;5;2;5;2;7;750;26/02/2015
2015055462;5;2;2;8;6;750;27/02/2015
2015055463;1;2;2;2;3;750;03/03/2015
2015055464;1;2;1;1;7;750;03/03/2015
2015055465;1;2;1;1;6;750;04/03/2015
2015055466;5;2;3;1;3;750;04/03/2015
2015055467;1;2;1;1;3;750;05/03/2015
2015055468;1;2;3;1;6;750;06/03/2015
2015055469;1;2;1;1;6;750;06/03/2015
2015055470;1;2;7;1;3;750;08/03/2015
2015055471;2;2;3;1;6;750;08/03/2015
2015055472;4;2;2;2;6;750;10/03/2015
2015055473;1;2;1;1;6;750;10/03/2015
2015055474;5;2;5;1;7;750;12/03/2015
2015055475;5;2;2;1;3;750;13/03/2015
2015055476;1;2;1;1;5;750;14/03/2015
2015055477;5;2;3;1;2;750;16/03/2015
2015055478;1;2;2;1;3;750;17/03/2015
2015055479;2;2;1;1;7;750;17/03/2015
2015055480;5;2;2;1;6;750;17/03/2015
2015055481;1;2;2;1;7;750;20/03/2015
2015055482;1;2;5;1;6;750;23/03/2015
2015055483;1;2;2;1;6;750;23/03/2015
2015055484;1;2;1;1;6;750;24/03/2015
2015055485;1;2;2;1;3;750;30/03/2015
2015055486;1;2;1;1;6;750;31/03/2015
2015055487;5;2;1;1;6;750;31/03/2015
2015055488;5;2;3;1;3;750;01/04/2015
2015055489;1;2;1;1;6;750;03/04/2015
2015055490;1;2;3;1;3;750;04/04/2015
2015055491;5;2;1;1;3;750;04/04/2015
2015055492;1;2;1;1;6;750;10/04/2015
2015055493;5;2;1;1;6;750;11/04/2015
2015055494;1;2;2;1;3;750;12/04/2015
2015055495;1;2;1;1;6;750;15/04/2015
2015055496;1;2;1;1;6;750;15/04/2015
2015055497;5;2;7;1;3;750;18/04/2015
2015055498;5;2;1;1;6;750;18/04/2015
2015055499;1;2;1;1;6;750;18/04/2015
2015055500;1;2;1;1;6;750;19/04/2015
2015055501;1;2;1;1;6;750;20/04/2015
2015055502;1;2;1;1;6;750;20/04/2015
2015055503;1;2;5;1;6;750;20/04/2015
2015055504;1;2;2;1;3;750;22/04/2015
2015055505;1;2;1;3;6;750;22/04/2015
2015055506;1;2;1;1;6;750;23/04/2015
2015055507;1;2;1;1;6;750;23/04/2015
2015055508;1;2;1;1;6;750;24/04/2015
2015055509;1;2;1;1;4;750;24/04/2015
2015055510;2;2;1;1;6;750;27/04/2015
2015055511;1;2;4;3;7;750;30/04/2015
2015055512;1;2;1;1;3;750;04/05/2015
2015055513;1;2;1;1;3;750;04/05/2015
2015055514;1;2;1;1;6;750;06/05/2015
2015055515;2;2;1;1;6;750;07/05/2015
2015055516;5;2;1;1;2;750;09/05/2015
2015055517;1;2;5;1;6;750;09/05/2015
2015055518;1;2;2;1;3;750;11/05/2015
2015055519;1;2;3;3;3;750;12/05/2015
2015055520;2;2;1;1;1;750;14/05/2015
2015055521;1;2;3;1;3;750;15/05/2015
2015055522;1;2;1;1;6;750;17/05/2015
2015055523;1;2;5;1;2;750;18/05/2015
2015055524;1;2;1;1;6;750;19/05/2015
2015055525;1;2;2;1;2;750;23/05/2015
2015055526;1;2;3;1;3;750;26/05/2015
2015055527;1;2;2;1;6;750;28/05/2015
2015055528;5;2;2;1;3;750;29/05/2015
2015055529;1;2;4;2;3;750;29/05/2015
2015055530;5;2;2;1;1;750;31/05/2015
2015055531;3;2;2;2;7;750;01/06/2015
2015055532;5;2;1;1;6;750;31/05/2015
2015055533;1;2;3;1;6;750;02/06/2015
2015055534;1;2;2;1;6;750;03/06/2015
2015055535;1;2;4;1;2;750;08/07/2015
2015055536;1;2;1;1;6;750;04/06/2015
2015055537;1;2;1;1;6;750;05/06/2015
2015055538;1;2;1;1;6;750;05/06/2015
2015055539;1;2;1;1;6;750;09/06/2015
2015055540;1;2;1;1;6;750;09/06/2015
2015055541;1;2;1;1;5;750;10/06/2015
2015055542;1;2;1;1;2;750;11/06/2015
2015055543;5;2;2;1;6;750;11/06/2015
2015055544;1;2;1;1;2;750;11/06/2015
2015055545;1;2;3;1;3;750;12/06/2015
2015055546;1;2;1;1;3;750;15/06/2015
2015055547;1;2;1;1;3;750;16/06/2015
2015055548;1;2;1;1;6;750;17/06/2015
2015055549;1;2;1;1;4;750;17/06/2015
2015055550;1;2;3;1;3;750;18/06/2015
2015055551;5;2;2;1;3;750;19/06/2015
2015055552;1;2;1;1;6;750;20/06/2015
2015055553;1;2;1;1;3;750;23/06/2015
2015055554;1;2;2;1;1;750;25/06/2015
2015055555;5;2;1;1;6;750;25/06/2015
2015055556;1;2;1;1;2;750;29/06/2015
2015055557;1;2;1;1;3;750;29/06/2015
2015055558;1;2;1;1;6;750;29/06/2015
2015055559;2;2;1;1;2;750;30/06/2015
2015055560;1;2;2;1;3;750;01/07/2015
2015055561;5;2;2;1;6;750;04/07/2015
2015055562;1;2;2;1;3;750;04/07/2015
2015055563;2;2;1;1;2;750;04/07/2015
2015055564;2;2;7;3;3;750;05/07/2015
2015055565;2;2;2;8;3;750;07/07/2015
2015055566;1;2;3;1;3;750;08/07/2015
2015055567;1;2;5;1;4;750;08/07/2015
2015055568;5;2;2;1;6;750;09/07/2015
2015055569;1;2;2;1;3;750;09/07/2015
2015055570;1;2;2;1;5;750;11/07/2015
2015055571;5;2;2;1;3;750;14/07/2015
2015055572;1;2;5;1;3;750;15/07/2015
2015055573;1;2;2;1;6;750;17/07/2015
2015055574;1;2;2;1;6;750;22/07/2015
2015055575;1;2;3;2;3;750;27/07/2015
2015055576;2;2;1;1;1;750;27/07/2015
2015055577;1;2;1;1;6;750;29/07/2015
2015055578;1;2;1;1;3;750;31/07/2015
2015055579;1;2;1;1;6;750;01/08/2015
2015055580;1;2;2;1;3;750;02/08/2015
2015055581;1;2;2;1;3;750;06/08/2015
2015055582;1;2;1;1;6;750;06/08/2015
2015055583;1;2;1;3;2;750;07/08/2015
2015055584;1;2;2;1;6;750;08/08/2015
2015055585;1;2;7;1;6;750;12/08/2015
2015055586;1;2;1;1;6;750;20/08/2015
2015055587;5;2;2;1;2;750;21/08/2015
2015055588;1;2;3;1;2;750;23/08/2015
2015055589;1;2;2;2;6;750;23/08/2015
2015055590;1;2;2;2;6;750;24/08/2015
2015055591;5;2;1;2;6;750;25/08/2015
2015055592;1;2;2;3;6;750;27/08/2015
2015055593;1;2;5;2;6;750;27/08/2015
2015055594;5;2;3;1;2;750;29/08/2015
2015055595;5;2;1;2;2;750;01/09/2015
2015055596;1;2;1;1;2;750;04/09/2015
2015055597;1;2;1;1;6;750;05/09/2015
2015055598;1;2;1;1;7;750;07/09/2015
2015055599;1;2;1;1;6;750;04/09/2015
2015055600;1;2;4;1;6;750;09/09/2015
2015055601;1;2;2;1;2;750;09/09/2015
2015055602;5;2;1;1;2;750;09/09/2015
2015055603;1;2;3;1;6;750;10/09/2015
2015055604;5;2;2;1;6;750;12/09/2015
2015055605;1;2;1;1;2;750;14/09/2015
2015055606;1;2;1;2;3;750;16/09/2015
2015055607;5;2;1;1;1;750;17/09/2015
2015055608;1;2;1;1;6;750;17/09/2015
2015055609;5;2;1;1;6;750;12/09/2015
2015055610;1;2;2;1;6;750;18/09/2015
2015055611;1;2;2;1;3;750;18/09/2015
2015055612;5;2;1;2;6;750;18/09/2015
2015055613;5;2;7;2;6;750;18/09/2015
2015055614;1;2;3;1;3;750;21/09/2015
2015055615;1;2;2;1;6;750;21/09/2015
2015055616;1;2;1;2;4;750;22/09/2015
2015055617;2;2;7;1;6;750;23/09/2015
2015055618;1;2;1;1;3;750;23/09/2015
2015055619;5;2;7;2;6;750;24/09/2015
2015055620;1;2;1;1;7;750;25/09/2015
2015055621;1;2;2;1;3;750;26/09/2015
2015055622;5;2;2;1;3;750;27/09/2015
2015055623;1;2;4;1;2;750;28/09/2015
2015055624;5;2;4;1;2;750;29/09/2015
2015055625;1;2;7;1;4;750;30/09/2015
2015055626;1;2;1;1;4;750;02/10/2015
2015055627;1;2;6;2;6;750;06/10/2015
2015055628;1;2;2;2;6;750;06/10/2015
2015055629;1;2;7;2;7;750;06/10/2015
2015055630;1;2;4;1;2;750;08/10/2015
2015055631;5;2;3;1;6;750;08/10/2015
2015055632;1;2;2;1;6;750;09/10/2015
2015055633;1;2;1;1;3;750;09/10/2015
2015055634;1;2;3;1;6;750;09/10/2015
2015055635;2;2;1;1;6;750;10/10/2015
2015055636;5;2;1;1;2;750;10/10/2015
2015055637;5;2;2;1;3;750;13/10/2015
2015055638;1;2;1;8;6;750;15/10/2015
2015055639;5;2;1;2;3;750;15/10/2015
2015055640;1;2;2;1;3;750;15/10/2015
2015055641;1;2;1;1;6;750;19/10/2015
2015055642;2;2;1;2;2;750;22/10/2015
2015055643;5;2;2;1;2;750;23/10/2015
2015055644;5;2;1;1;6;750;24/10/2015
2015055645;5;2;1;1;6;750;25/10/2015
2015055646;5;2;4;1;3;750;26/10/2015
2015055647;1;2;3;1;6;750;27/10/2015
2015055648;5;2;5;1;6;750;29/10/2015
2015055649;1;2;5;1;6;750;30/10/2015
2015055650;5;2;1;1;6;750;30/10/2015
2015055651;5;2;3;1;3;750;31/10/2015
2015055652;2;2;2;1;3;750;31/10/2015
2015055653;2;2;2;2;3;750;04/11/2015
2015055654;5;2;3;2;3;750;04/11/2015
2015055655;1;2;1;1;3;750;05/11/2015
2015055656;5;2;2;1;3;750;05/11/2015
2015055657;5;2;1;1;6;750;07/11/2015
2015055658;1;2;1;1;3;750;09/11/2015
2015055659;5;2;1;1;6;750;12/11/2015
2015055660;1;2;1;1;2;750;13/11/2015
2015055661;1;2;7;1;3;750;14/11/2015
2015055662;1;2;2;1;6;750;14/11/2015
2015055663;5;2;2;1;6;750;15/11/2015
2015055664;5;2;1;2;7;750;17/11/2015
2015055665;1;2;1;1;2;750;18/11/2015
2015055666;1;2;1;2;7;750;19/11/2015
2015055667;5;2;3;2;3;750;20/11/2015
2015055668;5;2;1;1;6;750;22/11/2015
2015055669;1;2;1;1;6;750;23/11/2015
2015055670;1;2;3;1;2;750;28/11/2015
2015055671;5;2;7;1;3;750;02/12/2015
2015055672;5;2;4;1;3;750;02/12/2015
2015055673;1;2;3;1;3;750;05/12/2015
2015055674;1;2;3;1;1;750;07/12/2015
2015055675;5;2;2;1;3;750;07/12/2015
2015055676;5;2;1;2;6;750;08/12/2015
2015055677;2;2;1;1;6;750;09/12/2015
2015055678;1;2;1;2;6;750;10/12/2015
2015055679;5;2;3;1;2;750;11/12/2015
2015055680;5;2;1;1;7;750;13/12/2015
2015055681;5;2;3;1;7;750;18/12/2015
2015055682;5;2;1;1;6;750;18/12/2015
2015055683;1;2;1;1;6;750;20/12/2015
2015055684;1;2;3;1;2;750;21/12/2015
2015055685;1;2;2;1;2;750;23/12/2015
2015055686;1;2;2;2;6;750;29/12/2015
2015055687;1;2;3;1;3;750;31/12/2015
2015055688;1;2;1;1;6;750;31/12/2015
2015055689;5;2;1;1;6;750;31/12/2015
2015055690;5;2;5;1;3;750;01/01/2015
2015055691;1;2;5;2;6;750;02/01/2015
2015055692;4;2;2;2;3;750;04/01/2015
2015055693;5;2;2;1;3;750;04/01/2015
2015055694;2;2;5;1;3;750;08/01/2015
2015055695;5;2;2;2;3;750;08/01/2015
2015055696;5;2;4;1;6;750;10/01/2015
2015055697;2;2;1;1;6;750;11/01/2015
2015055698;4;2;1;1;6;750;12/01/2015
2015055699;2;2;3;1;6;750;12/01/2015
2015055700;1;2;3;1;6;750;13/01/2015
2015055701;1;2;1;1;6;750;13/01/2015
2015055702;1;2;2;1;6;750;14/01/2015
2015055703;2;2;1;1;6;750;14/01/2015
2015055704;5;2;1;1;6;750;14/01/2015
2015055705;5;2;1;2;6;750;15/01/2015
2015055706;5;2;1;1;6;750;16/01/2015
2015055707;5;2;3;2;6;750;16/01/2015
2015055708;5;2;7;1;6;750;17/01/2015
2015055709;1;2;1;1;6;750;17/01/2015
2015055710;1;2;4;1;2;750;18/01/2015
2015055711;1;2;3;1;3;750;19/01/2015
2015055712;5;2;1;1;3;750;20/01/2015
2015055713;1;2;3;1;6;750;20/01/2015
2015055714;1;2;3;1;3;750;20/01/2015
2015055715;1;2;5;1;3;750;21/01/2015
2015055716;1;2;3;1;6;750;21/01/2015
2015055717;1;2;5;1;6;750;22/01/2015
2015055718;1;2;5;1;3;750;22/01/2015
2015055719;5;2;1;1;7;750;23/01/2015
2015055720;5;2;2;1;3;750;23/01/2015
2015055721;2;2;2;1;3;750;24/01/2015
2015055722;5;2;2;1;5;750;25/01/2015
2015055723;1;2;2;1;4;750;26/01/2015
2015055724;5;2;7;1;1;750;28/01/2015
2015055725;5;2;3;9;6;750;29/01/2015
2015055726;5;2;1;1;1;750;31/01/2015
2015055727;5;2;5;3;6;750;01/02/2015
2015055728;5;2;4;1;2;750;03/02/2015
2015055729;1;2;7;1;2;750;03/02/2015
2015055730;1;2;3;1;6;750;03/02/2015
2015055731;3;2;1;1;1;750;03/02/2015
2015055732;3;2;2;1;6;750;03/02/2015
2015055733;5;2;1;1;3;750;04/02/2015
2015055734;4;2;1;1;7;750;04/02/2015
2015055735;1;2;1;1;2;750;05/02/2015
2015055736;1;2;1;1;4;750;05/02/2015
2015055737;1;2;5;1;6;750;06/02/2015
2015055738;2;2;3;1;6;750;11/02/2015
2015055739;5;2;2;1;3;750;12/02/2015
2015055740;1;2;1;1;3;750;13/02/2015
2015055741;5;2;1;1;2;750;13/02/2015
2015055742;1;2;1;1;3;750;17/02/2015
2015055743;5;2;5;1;7;750;19/02/2015
2015055744;2;2;1;1;6;750;20/02/2015
2015055745;1;2;3;2;7;750;21/02/2015
2015055746;2;2;5;2;6;750;22/02/2015
2015055747;1;2;7;1;6;750;24/02/2015
2015055748;5;2;1;2;4;750;25/02/2015
2015055749;5;2;7;1;6;750;26/02/2015
2015055750;2;2;7;3;3;750;26/02/2015
2015055751;1;2;1;1;6;750;27/02/2015
2015055752;5;1;1;1;7;750;28/02/2015
2015055753;5;2;1;1;6;750;28/02/2015
2015055754;1;2;2;1;6;750;03/03/2015
2015055755;1;2;1;1;6;750;04/03/2015