num_acc;lum;agg;inter;atm;col;dep;date
2015058075;1;1;1;1;2;974;14/12/2015
2015058076;1;1;1;1;6;974;25/12/2015
2015058077;1;2;1;1;1;974;24/12/2015
2015058078;1;1;1;1;6;974;29/12/2015
2015058079;2;1;1;1;7;974;10/01/2015
2015058080;1;1;1;1;3;974;04/04/2015
2015058081;2;1;1;1;7;974;11/01/2015
2015058082;1;1;1;1;3;974;08/04/2015
2015058083;5;2;4;4;6;974;22/11/2015
2015058084;1;1;1;2;7;974;11/01/2015
2015058085;1;2;1;1;6;974;09/04/2015
2015058086;1;1;1;2;2;974;12/01/2015
2015058087;1;2;1;1;7;974;10/04/2015
2015058088;5;1;1;1;7;974;13/01/2015
2015058089;5;2;1;1;6;974;11/04/2015
2015058090;1;1;1;1;7;974;16/01/2015
2015058091;5;2;2;1;3;974;17/04/2015
2015058092;3;1;1;2;7;974;17/01/2015
2015058093;1;1;1;1;3;974;19/04/2015
2015058094;1;1;1;1;3;974;22/01/2015
2015058095;5;1;1;2;7;974;19/04/2015
2015058096;1;2;3;1;3;974;24/01/2015
2015058097;1;1;1;1;3;974;04/05/2015
2015058098;2;1;1;1;1;974;24/01/2015
2015058099;5;1;1;1;1;974;15/05/2015
2015058100;3;1;1;1;7;974;02/02/2015
2015058101;1;1;1;1;7;974;19/05/2015
2015058102;1;1;1;2;2;974;05/02/2015
2015058103;2;1;1;1;3;974;26/05/2015
2015058104;1;1;1;1;7;974;06/02/2015
2015058105;1;2;1;1;6;974;26/05/2015
2015058106;3;1;1;2;7;974;06/02/2015
2015058107;1;1;1;1;6;974;05/06/2015
2015058108;1;1;1;2;7;974;07/02/2015
2015058109;2;2;1;1;6;974;23/06/2015
2015058110;1;1;1;2;7;974;07/02/2015
2015058111;1;1;9;1;3;974;25/06/2015
2015058112;1;1;1;2;7;974;07/02/2015
2015058113;1;1;1;1;1;974;15/07/2015
2015058114;3;1;3;1;3;974;10/02/2015
2015058115;1;2;3;1;3;974;15/08/2015
2015058116;1;2;1;1;6;974;01/10/2015
2015058117;1;1;1;1;7;974;16/02/2015
2015058118;1;2;1;1;3;974;07/10/2015
2015058119;1;1;3;1;2;974;20/02/2015
2015058120;3;2;1;1;1;974;10/10/2015
2015058121;5;2;1;1;6;974;21/02/2015
2015058122;1;2;2;1;3;974;18/10/2015
2015058123;1;2;1;1;7;974;28/02/2015
2015058124;3;1;1;3;7;974;18/03/2015
2015058125;1;1;1;1;2;974;26/03/2015
2015058126;5;2;4;4;1;974;30/10/2015
2015058127;1;1;1;1;7;974;28/03/2015
2015058128;1;1;2;8;3;974;06/11/2015
2015058129;1;2;1;1;6;974;13/11/2015
2015058130;1;2;1;1;2;974;30/08/2015
2015058131;1;1;1;1;6;974;28/11/2015
2015058132;1;2;4;4;6;974;16/12/2015
2015058133;5;2;1;1;7;974;29/09/2015
2015058134;1;2;1;1;7;974;16/01/2015
2015058135;1;2;1;1;3;974;02/01/2015
2015058136;2;2;1;1;6;974;25/12/2015
2015058137;1;1;1;1;5;974;05/01/2015
2015058138;1;1;4;1;3;974;08/04/2015
2015058139;5;2;2;1;3;974;10/04/2015
2015058140;1;2;6;2;7;974;10/01/2015
2015058141;1;2;2;1;3;974;11/04/2015
2015058142;5;2;1;1;6;974;12/04/2015
2015058143;5;1;1;2;7;974;19/01/2015
2015058144;1;2;1;2;6;974;18/04/2015
2015058145;1;2;1;8;6;974;18/04/2015
2015058146;1;2;3;1;3;974;26/01/2015
2015058147;1;2;1;1;3;974;30/01/2015
2015058148;5;2;4;1;4;974;06/05/2015
2015058149;1;2;2;1;3;974;30/01/2015
2015058150;1;1;1;1;2;974;08/05/2015
2015058151;5;2;1;1;7;974;01/02/2015
2015058152;1;2;1;1;3;974;05/02/2015
2015058153;4;2;1;1;6;974;11/05/2015
2015058154;5;2;1;2;6;974;12/02/2015
2015058155;5;2;9;9;6;974;14/05/2015
2015058156;5;2;1;1;1;974;12/02/2015
2015058157;1;2;1;1;3;974;03/04/2015
2015058158;1;2;2;1;6;974;15/02/2015
2015058159;1;2;2;1;3;974;26/05/2015
2015058160;3;2;1;1;3;974;20/05/2015
2015058161;5;2;2;1;3;974;30/05/2015
2015058162;3;2;1;1;3;974;21/02/2015
2015058163;5;1;1;6;6;974;31/05/2015
2015058164;1;2;1;1;6;974;24/02/2015
2015058165;5;2;1;1;6;974;31/05/2015
2015058166;5;2;1;1;6;974;07/06/2015
2015058167;1;2;1;1;6;974;07/03/2015
2015058168;1;1;1;1;6;974;06/06/2015
2015058169;5;2;1;1;1;974;13/03/2015
2015058170;3;2;1;1;6;974;10/06/2015
2015058171;1;2;1;1;6;974;14/03/2015
2015058172;5;2;2;1;1;974;20/03/2015
2015058173;1;2;1;1;3;974;16/06/2015
2015058174;5;2;1;1;3;974;04/06/2015
2015058175;1;2;3;1;3;974;28/06/2015
2015058176;1;2;1;1;2;974;01/07/2015
2015058177;5;2;1;1;3;974;10/07/2015
2015058178;5;2;1;1;2;974;04/04/2015
2015058179;1;2;1;1;1;974;28/07/2015
2015058180;5;2;1;1;4;974;21/07/2015
2015058181;1;2;1;1;6;974;04/08/2015
2015058182;1;2;3;1;3;974;01/08/2015
2015058183;1;2;1;1;2;974;04/08/2015
2015058184;1;2;1;1;6;974;09/08/2015
2015058185;1;2;1;1;6;974;10/08/2015
2015058186;1;2;1;1;7;974;30/07/2015
2015058187;1;2;1;1;6;974;16/08/2015
2015058188;1;2;1;1;6;974;18/08/2015
2015058189;1;2;2;1;3;974;24/08/2015
2015058190;1;2;2;1;6;974;01/09/2015
2015058191;1;2;2;1;7;974;04/09/2015
2015058192;1;1;3;1;6;974;23/09/2015
2015058193;1;2;1;1;3;974;22/09/2015
2015058194;1;2;1;1;6;974;28/09/2015
2015058195;1;1;1;1;6;974;04/10/2015
2015058196;1;2;1;1;6;974;05/10/2015
2015058197;1;1;1;1;4;974;04/10/2015
2015058198;1;2;2;1;3;974;09/10/2015
2015058199;5;2;2;1;3;974;11/10/2015
2015058200;5;2;2;1;3;974;14/10/2015
2015058201;5;2;1;1;1;974;15/10/2015
2015058202;5;2;1;1;6;974;23/10/2015
2015058203;1;2;3;1;3;974;19/11/2015
2015058204;1;2;1;1;6;974;28/11/2015
2015058205;3;2;1;1;6;974;26/11/2015
2015058206;1;2;2;1;6;974;02/12/2015
2015058207;3;1;1;1;1;974;11/12/2015
2015058208;5;2;2;1;3;974;05/12/2015
2015058209;1;2;3;1;2;974;12/12/2015
2015058210;1;2;3;2;3;974;14/12/2015
2015058211;3;1;1;1;7;974;01/01/2015
2015058212;1;2;2;1;3;974;30/11/2015
2015058213;1;2;1;1;6;974;01/04/2015
2015058214;2;1;1;1;7;974;02/01/2015
2015058215;1;2;1;1;6;974;02/04/2015
2015058216;1;2;1;1;4;974;05/01/2015
2015058217;1;2;1;1;1;974;03/04/2015
2015058218;1;2;2;1;7;974;07/01/2015
2015058219;1;1;1;1;2;974;08/04/2015
2015058220;3;1;1;1;7;974;13/01/2015
2015058221;5;2;3;1;3;974;09/04/2015
2015058222;5;2;1;1;7;974;16/01/2015
2015058223;1;1;1;1;6;974;10/11/2015
2015058224;4;2;1;1;1;974;09/04/2015
2015058225;1;1;1;1;1;974;16/01/2015
2015058226;1;2;1;1;6;974;10/04/2015
2015058227;1;2;3;1;3;974;17/01/2015
2015058228;2;2;2;1;3;974;29/11/2015
2015058229;1;1;1;1;3;974;10/04/2015
2015058230;1;2;3;1;3;974;19/01/2015
2015058231;1;2;1;1;3;974;12/04/2015
2015058232;1;2;1;1;3;974;20/01/2015
2015058233;2;2;1;1;6;974;12/04/2015
2015058234;3;1;1;1;1;974;23/01/2015
2015058235;1;2;1;1;6;974;14/04/2015
2015058236;5;2;2;1;3;974;25/01/2015
2015058237;3;1;1;1;2;974;16/04/2015
2015058238;5;2;1;1;7;974;30/01/2015
2015058239;5;2;2;1;3;974;26/11/2015
2015058240;2;2;3;1;3;974;16/04/2015
2015058241;2;1;1;1;2;974;28/11/2015
2015058242;1;1;1;1;3;974;31/01/2015
2015058243;1;1;1;1;7;974;16/04/2015
2015058244;1;1;1;1;3;974;20/11/2015
2015058245;3;1;1;1;7;974;01/02/2015
2015058246;1;2;1;1;6;974;18/04/2015
2015058247;3;1;1;1;7;974;08/11/2015
2015058248;5;2;1;1;7;974;02/02/2015
2015058249;3;2;1;1;1;974;19/04/2015
2015058250;2;2;1;1;2;974;02/02/2015
2015058251;1;2;1;1;3;974;21/04/2015
2015058252;3;1;2;1;1;974;06/02/2015
2015058253;1;2;1;1;1;974;21/04/2015
2015058254;2;2;1;1;6;974;07/11/2015
2015058255;2;1;1;1;7;974;07/02/2015
2015058256;1;1;1;1;3;974;22/04/2015
2015058257;2;2;1;1;6;974;04/09/2015
2015058258;3;1;1;1;7;974;08/02/2015
2015058259;1;2;3;1;3;974;22/04/2015
2015058260;1;2;1;1;6;974;24/09/2015
2015058261;3;1;1;1;7;974;08/02/2015
2015058262;3;1;1;1;2;974;22/04/2015
2015058263;3;1;1;1;1;974;26/09/2015
2015058264;1;2;3;1;6;974;09/02/2015
2015058265;1;2;1;1;2;974;23/04/2015
2015058266;2;2;1;1;6;974;11/11/2015
2015058267;5;2;1;1;7;974;09/02/2015
2015058268;2;1;1;1;4;974;07/05/2015
2015058269;1;1;1;1;3;974;09/11/2015
2015058270;2;1;1;1;2;974;12/02/2015
2015058271;2;1;1;1;4;974;07/05/2015
2015058272;1;1;1;1;2;974;12/02/2015
2015058273;3;1;1;1;2;974;16/05/2015
2015058274;1;1;3;1;3;974;12/02/2015
2015058275;5;2;3;1;3;974;08/05/2015
2015058276;2;2;1;1;7;974;10/11/2015
2015058277;1;2;1;1;7;974;12/02/2015
2015058278;2;1;1;2;2;974;09/05/2015
2015058279;1;2;1;1;6;974;20/12/2015
2015058280;1;2;1;1;2;974;13/02/2015
2015058281;3;1;1;2;6;974;09/05/2015
2015058282;5;2;2;1;3;974;10/12/2015
2015058283;1;2;1;1;7;974;17/02/2015
2015058284;1;2;1;1;6;974;11/05/2015
2015058285;3;1;1;1;7;974;17/02/2015
2015058286;1;2;1;1;2;974;13/05/2015
2015058287;3;2;2;1;1;974;18/02/2015
2015058288;1;1;1;1;3;974;15/05/2015
2015058289;3;1;1;1;6;974;09/11/2015
2015058290;1;1;1;1;2;974;20/02/2015
2015058291;1;2;1;1;1;974;16/05/2015
2015058292;5;2;1;1;6;974;11/12/2015
2015058293;1;2;3;1;7;974;20/02/2015
2015058294;2;1;1;1;1;974;18/05/2015
2015058295;2;2;1;1;2;974;23/02/2015
2015058296;1;2;1;1;6;974;20/05/2015
2015058297;5;2;1;1;1;974;23/02/2015
2015058298;1;2;3;1;3;974;21/05/2015
2015058299;1;1;1;1;3;974;24/02/2015
2015058300;1;2;3;1;3;974;22/05/2015
2015058301;5;2;2;1;3;974;25/02/2015
2015058302;1;2;3;1;6;974;22/05/2015
2015058303;1;1;1;1;4;974;27/02/2015
2015058304;3;1;3;1;1;974;22/05/2015
2015058305;3;1;1;1;1;974;28/02/2015
2015058306;3;1;1;1;4;974;30/05/2015
2015058307;1;2;1;1;7;974;03/03/2015
2015058308;1;2;3;1;3;974;30/05/2015
2015058309;1;2;1;1;3;974;06/03/2015
2015058310;1;1;1;1;3;974;01/06/2015
2015058311;2;2;3;1;1;974;01/06/2015
2015058312;5;2;1;1;7;974;11/03/2015
2015058313;1;2;1;1;6;974;02/06/2015
2015058314;1;1;1;1;7;974;13/03/2015
2015058315;1;2;1;1;2;974;03/06/2015
2015058316;3;1;1;1;5;974;13/03/2015
2015058317;2;1;1;1;2;974;05/06/2015
2015058318;2;2;1;1;7;974;15/03/2015
2015058319;2;1;1;1;6;974;07/06/2015
2015058320;1;2;3;1;1;974;17/03/2015
2015058321;1;2;1;1;6;974;11/06/2015
2015058322;3;1;1;1;6;974;14/06/2015
2015058323;1;2;2;1;7;974;18/03/2015
2015058324;1;1;1;1;1;974;19/03/2015
2015058325;1;1;1;1;4;974;16/06/2015
2015058326;1;2;1;1;6;974;18/06/2015
2015058327;1;1;1;1;7;974;21/03/2015
2015058328;3;2;1;1;6;974;22/03/2015
2015058329;3;1;1;1;6;974;20/06/2015
2015058330;1;2;1;1;6;974;23/06/2015
2015058331;2;2;1;1;3;974;22/03/2015
2015058332;5;2;1;1;7;974;27/03/2015
2015058333;1;2;1;1;6;974;24/06/2015
2015058334;3;1;1;1;6;974;26/06/2015
2015058335;2;2;1;1;4;974;27/03/2015
2015058336;1;2;1;1;2;974;28/03/2015
2015058337;1;1;1;1;6;974;26/06/2015
2015058338;2;1;1;1;7;974;29/03/2015
2015058339;2;2;3;1;3;974;01/07/2015
2015058340;1;2;1;1;3;974;29/03/2015
2015058341;1;2;3;1;6;974;05/07/2015
2015058342;2;2;1;1;1;974;03/06/2015
2015058343;1;2;1;1;7;974;29/03/2015
2015058344;3;1;1;1;1;974;07/07/2015
2015058345;1;2;2;1;7;974;30/03/2015
2015058346;3;1;1;1;2;974;30/07/2015
2015058347;1;1;1;1;2;974;30/03/2015
2015058348;2;2;1;1;1;974;05/07/2015
2015058349;1;2;3;1;3;974;06/07/2015
2015058350;1;1;1;1;6;974;07/07/2015
2015058351;1;1;1;1;6;974;08/07/2015
2015058352;1;2;3;1;6;974;09/07/2015
2015058353;1;2;1;1;6;974;12/07/2015
2015058354;1;2;3;1;3;974;13/07/2015
2015058355;3;1;1;1;1;974;13/07/2015
2015058356;1;2;1;1;6;974;14/07/2015
2015058357;1;2;1;1;6;974;16/07/2015
2015058358;3;1;1;1;6;974;19/07/2015
2015058359;1;2;1;1;6;974;20/07/2015
2015058360;1;2;1;1;2;974;21/07/2015
2015058361;1;2;1;1;3;974;22/07/2015
2015058362;1;2;1;1;2;974;23/07/2015
2015058363;1;2;1;1;6;974;24/07/2015
2015058364;1;2;1;1;1;974;26/07/2015
2015058365;1;2;1;1;7;974;30/07/2015
2015058366;2;2;1;1;2;974;31/07/2015
2015058367;1;1;1;1;6;974;01/08/2015
2015058368;3;2;1;1;6;974;04/08/2015
2015058369;1;1;1;1;6;974;06/08/2015
2015058370;2;2;1;1;1;974;09/08/2015
2015058371;1;1;1;1;6;974;10/08/2015
2015058372;1;2;1;1;1;974;10/08/2015
2015058373;1;1;6;1;2;974;12/08/2015
2015058374;1;1;1;1;4;974;12/08/2015
2015058375;1;2;1;1;3;974;13/08/2015
2015058376;2;2;3;1;3;974;14/08/2015
2015058377;1;1;1;1;2;974;15/08/2015
2015058378;1;2;1;1;2;974;15/08/2015
2015058379;1;2;3;1;1;974;16/08/2015
2015058380;1;2;1;1;5;974;16/08/2015
2015058381;1;2;1;1;6;974;19/08/2015
2015058382;1;1;1;1;4;974;19/08/2015
2015058383;1;2;1;1;6;974;20/08/2015
2015058384;1;2;1;1;6;974;24/08/2015
2015058385;1;2;1;1;6;974;25/08/2015
2015058386;1;2;3;1;3;974;30/08/2015
2015058387;1;2;1;1;3;974;31/08/2015
2015058388;1;2;1;1;6;974;01/09/2015
2015058389;1;1;1;1;4;974;01/09/2015
2015058390;2;2;1;1;6;974;02/09/2015
2015058391;1;1;1;1;1;974;04/09/2015
2015058392;1;1;1;1;6;974;04/09/2015
2015058393;1;2;1;1;1;974;09/09/2015
2015058394;5;2;1;1;6;974;11/09/2015
2015058395;1;1;1;1;2;974;13/09/2015
2015058396;1;2;1;1;3;974;16/09/2015
2015058397;1;1;1;1;6;974;17/09/2015
2015058398;1;2;1;1;6;974;19/09/2015
2015058399;1;2;1;1;6;974;21/09/2015
2015058400;1;2;1;1;6;974;22/09/2015
2015058401;1;2;1;1;6;974;23/09/2015
2015058402;1;2;1;1;6;974;26/09/2015
2015058403;1;2;1;1;6;974;27/09/2015
2015058404;1;2;1;1;3;974;27/09/2015
2015058405;1;1;1;1;2;974;01/10/2015
2015058406;1;2;1;1;3;974;01/10/2015
2015058407;2;1;1;1;4;974;02/10/2015
2015058408;5;2;1;1;5;974;08/10/2015
2015058409;1;2;1;1;1;974;08/10/2015
2015058410;5;2;1;1;1;974;10/10/2015
2015058411;3;1;1;1;6;974;11/11/2015
2015058412;1;1;1;1;1;974;13/11/2015
2015058413;1;1;1;1;5;974;14/11/2015
2015058414;1;1;1;1;2;974;11/10/2015
2015058415;3;1;1;1;2;974;11/10/2015
2015058416;3;1;1;1;1;974;16/10/2015
2015058417;1;2;1;1;3;974;16/10/2015
2015058418;1;1;1;1;2;974;16/10/2015
2015058419;1;2;1;1;2;974;16/10/2015
2015058420;2;1;1;1;2;974;16/10/2015
2015058421;3;2;1;1;6;974;18/10/2015
2015058422;1;1;1;1;1;974;18/10/2015
2015058423;1;2;1;1;3;974;20/10/2015
2015058424;1;2;1;1;6;974;22/10/2015
2015058425;3;2;1;1;2;974;22/10/2015
2015058426;5;2;1;1;6;974;24/10/2015
2015058427;3;2;1;1;6;974;24/10/2015
2015058428;1;1;1;1;2;974;26/10/2015
2015058429;3;2;1;1;6;974;28/10/2015
2015058430;1;2;1;1;6;974;29/10/2015
2015058431;1;2;1;1;3;974;29/10/2015
2015058432;3;2;1;1;6;974;29/10/2015
2015058433;3;2;1;1;6;974;30/10/2015
2015058434;2;1;1;1;2;974;30/10/2015
2015058435;1;2;1;1;5;974;31/10/2015
2015058436;1;2;1;1;6;974;01/11/2015
2015058437;1;1;1;1;4;974;03/11/2015
2015058438;1;1;1;1;7;974;08/11/2015
2015058439;3;2;1;1;6;974;12/11/2015
2015058440;1;2;1;1;3;974;26/11/2015
2015058441;2;1;4;1;3;974;13/11/2015
2015058442;1;1;1;1;7;974;02/12/2015
2015058443;1;2;1;1;6;974;10/12/2015
2015058444;1;2;1;1;6;974;12/12/2015
2015058445;1;2;1;1;3;974;11/12/2015
2015058446;3;1;1;1;4;974;05/12/2015
2015058447;1;1;1;1;4;974;10/12/2015
2015058448;1;1;1;1;2;974;16/10/2015
2015058449;1;2;1;1;6;974;07/12/2015
2015058450;1;2;6;2;7;976;01/01/2015
2015058451;1;2;1;1;7;976;12/11/2015
2015058452;1;2;1;2;2;976;10/01/2015
2015058453;1;2;1;1;6;976;26/11/2015
2015058454;1;2;3;1;3;976;30/01/2015
2015058455;1;2;1;1;2;976;24/11/2015
2015058456;3;1;1;1;7;976;06/01/2015
2015058457;1;2;1;1;3;976;30/11/2015
2015058458;2;2;6;2;7;976;11/01/2015
2015058459;5;2;1;1;6;976;17/12/2015
2015058460;1;2;1;1;6;976;15/01/2015
2015058461;1;2;1;1;6;976;01/12/2015
2015058462;3;1;1;1;6;976;18/01/2015
2015058463;1;2;6;2;7;976;19/01/2015
2015058464;1;2;1;1;6;976;02/12/2015
2015058465;2;1;6;2;7;976;20/01/2015
2015058466;3;2;1;1;6;976;07/12/2015
2015058467;5;2;1;1;7;976;20/01/2015
2015058468;1;2;1;1;6;976;07/12/2015
2015058469;1;1;1;1;7;976;19/01/2015
2015058470;1;2;1;1;6;976;08/12/2015
2015058471;1;2;1;1;6;976;22/01/2015
2015058472;1;2;1;1;6;976;09/12/2015
2015058473;1;2;1;1;2;976;22/01/2015
2015058474;2;2;1;1;5;976;09/11/2015
2015058475;1;2;1;1;6;976;23/01/2015
2015058476;3;2;1;1;7;976;24/01/2015
2015058477;3;2;1;1;6;976;25/01/2015
2015058478;1;1;1;1;1;976;31/01/2015
2015058479;1;2;1;1;6;976;01/02/2015
2015058480;1;2;3;1;6;976;03/02/2015
2015058481;1;2;1;1;6;976;20/12/2015
2015058482;1;2;6;1;7;976;03/02/2015
2015058483;5;2;3;1;3;976;24/12/2015
2015058484;1;2;1;1;6;976;03/02/2015
2015058485;1;2;1;1;2;976;29/12/2015
2015058486;1;2;1;1;7;976;04/02/2015
2015058487;5;2;1;1;1;976;16/02/2015
2015058488;5;2;1;2;2;976;27/12/2015
2015058489;3;2;1;1;7;976;04/02/2015
2015058490;3;2;1;1;1;976;08/02/2015
2015058491;1;2;1;1;6;976;10/02/2015
2015058492;1;2;1;1;6;976;13/02/2015
2015058493;1;2;1;1;1;976;13/02/2015
2015058494;5;2;1;1;6;976;14/02/2015
2015058495;1;2;1;1;1;976;16/02/2015
2015058496;5;2;1;1;7;976;19/02/2015
2015058497;1;2;1;8;3;976;09/03/2015
2015058498;1;2;1;1;3;976;22/02/2015
2015058499;1;2;1;1;2;976;24/02/2015
2015058500;5;2;1;1;6;976;28/02/2015
2015058501;1;2;1;1;3;976;20/03/2015
2015058502;3;2;1;1;2;976;09/03/2015
2015058503;5;2;1;1;2;976;21/03/2015
2015058504;5;2;1;1;7;976;15/03/2015
2015058505;1;2;3;1;3;976;15/03/2015
2015058506;5;2;1;1;1;976;16/03/2015
2015058507;1;2;1;1;7;976;18/03/2015
2015058508;1;2;1;1;1;976;18/03/2015
2015058509;5;2;1;1;6;976;18/03/2015
2015058510;1;2;1;1;6;976;19/03/2015
2015058511;1;2;1;1;3;976;02/04/2015
2015058512;1;2;1;1;1;976;18/03/2015
2015058513;1;2;1;1;7;976;20/03/2015
2015058514;1;1;1;1;3;976;24/03/2015
2015058515;1;2;1;1;7;976;16/02/2015
2015058516;1;2;1;1;7;976;26/03/2015
2015058517;1;2;1;1;6;976;27/03/2015
2015058518;5;1;6;1;2;976;29/03/2015
2015058519;1;2;6;1;6;976;07/04/2015
2015058520;1;1;1;1;3;976;19/03/2015
2015058521;1;2;3;1;2;976;27/03/2015
2015058522;1;2;1;1;3;976;30/04/2015
2015058523;1;2;1;1;6;976;15/05/2015
2015058524;5;2;1;1;1;976;01/04/2015
2015058525;1;2;1;1;7;976;07/04/2015
2015058526;1;1;1;1;1;976;11/04/2015
2015058527;5;2;1;1;5;976;15/04/2015
2015058528;1;2;1;1;7;976;15/04/2015
2015058529;1;2;6;1;3;976;19/04/2015
2015058530;3;2;1;1;1;976;26/04/2015
2015058531;1;2;1;1;1;976;10/04/2015
2015058532;1;2;1;1;6;976;28/04/2015
2015058533;1;2;1;1;6;976;28/04/2015
2015058534;1;2;1;1;6;976;29/04/2015
2015058535;1;2;1;1;3;976;28/04/2015
2015058536;1;2;3;1;6;976;14/05/2015
2015058537;5;1;1;1;7;976;03/05/2015
2015058538;3;2;1;1;3;976;01/06/2015
2015058539;1;2;1;1;6;976;02/05/2015
2015058540;1;2;1;1;3;976;09/05/2015
2015058541;1;2;1;1;7;976;09/05/2015
2015058542;1;2;3;1;3;976;11/05/2015
2015058543;5;2;3;1;3;976;18/05/2015
2015058544;3;2;1;1;7;976;21/05/2015
2015058545;1;2;1;1;7;976;30/05/2015
2015058546;5;2;1;1;6;976;21/05/2015
2015058547;1;2;6;1;3;976;24/05/2015
2015058548;5;2;1;1;7;976;24/05/2015
2015058549;1;2;1;1;1;976;25/05/2015
2015058550;3;2;1;1;6;976;18/06/2015
2015058551;3;2;1;1;7;976;22/06/2015
2015058552;1;2;3;1;3;976;21/06/2015
2015058553;1;2;1;1;6;976;24/06/2015
2015058554;5;2;1;1;7;976;09/05/2015
2015058555;1;2;1;1;6;976;07/07/2015
2015058556;3;2;1;1;6;976;07/07/2015
2015058557;3;1;1;1;1;976;03/06/2015
2015058558;1;2;1;1;3;976;10/06/2015
2015058559;1;2;1;1;3;976;10/06/2015
2015058560;5;2;1;1;2;976;08/06/2015
2015058561;3;2;1;1;1;976;12/06/2015
2015058562;1;2;1;1;6;976;10/06/2015
2015058563;1;2;1;1;6;976;08/06/2015
2015058564;1;2;1;1;6;976;09/06/2015
2015058565;1;2;1;1;6;976;16/07/2015
2015058566;1;2;1;1;3;976;04/08/2015
2015058567;1;2;1;1;6;976;09/08/2015
2015058568;3;2;1;1;7;976;20/06/2015
2015058569;1;2;6;1;6;976;26/06/2015
2015058570;1;2;3;1;3;976;21/06/2015
2015058571;1;2;1;1;2;976;22/06/2015
2015058572;5;2;1;1;3;976;12/06/2015
2015058573;1;2;1;1;1;976;23/06/2015
2015058574;1;2;1;1;7;976;24/06/2015
2015058575;1;2;1;1;7;976;25/06/2015
2015058576;1;2;3;1;6;976;29/06/2015
2015058577;2;2;1;1;1;976;17/06/2015
2015058578;1;2;1;1;6;976;19/06/2015
2015058579;3;2;1;1;6;976;17/06/2015
2015058580;1;2;1;1;3;976;01/07/2015
2015058581;1;2;1;1;3;976;09/07/2015
2015058582;3;2;1;1;6;976;10/07/2015
2015058583;1;2;1;1;6;976;12/07/2015
2015058584;1;1;1;1;2;976;15/07/2015
2015058585;5;2;6;1;3;976;01/09/2015
2015058586;1;2;1;1;6;976;17/07/2015
2015058587;1;2;1;1;3;976;14/09/2015
2015058588;1;2;1;1;6;976;18/07/2015
2015058589;1;2;1;1;7;976;22/07/2015
2015058590;1;1;1;1;3;976;23/07/2015
2015058591;1;2;1;1;3;976;24/07/2015
2015058592;1;2;1;1;3;976;05/07/2015
2015058593;3;1;1;1;7;976;31/07/2015
2015058594;1;2;1;1;2;976;05/08/2015
2015058595;1;2;1;1;1;976;05/08/2015
2015058596;1;2;1;1;6;976;07/08/2015
2015058597;1;2;1;1;6;976;08/08/2015
2015058598;1;2;1;1;3;976;01/10/2015
2015058599;1;2;1;1;1;976;14/08/2015
2015058600;1;2;1;1;1;976;15/08/2015
2015058601;1;2;1;1;6;976;14/08/2015
2015058602;1;2;1;1;6;976;12/08/2015
2015058603;1;2;1;1;6;976;16/08/2015
2015058604;1;2;1;1;7;976;27/08/2015
2015058605;1;2;1;2;7;976;27/08/2015
2015058606;1;2;1;1;1;976;29/08/2015
2015058607;2;1;1;1;6;976;28/08/2015
2015058608;1;2;1;1;6;976;31/08/2015
2015058609;2;2;1;1;3;976;01/09/2015
2015058610;5;2;6;1;3;976;02/09/2015
2015058611;1;2;1;1;3;976;05/11/2015
2015058612;1;2;1;1;2;976;07/10/2015
2015058613;1;2;3;1;3;976;10/11/2015
2015058614;1;2;1;1;1;976;27/11/2015
2015058615;1;2;1;1;7;976;10/09/2015
2015058616;1;2;6;1;3;976;28/09/2015
2015058617;1;2;1;1;1;976;14/09/2015
2015058618;1;2;1;1;3;976;22/09/2015
2015058619;1;1;1;1;7;976;16/09/2015
2015058620;1;2;1;1;2;976;10/09/2015
2015058621;1;2;1;1;6;976;09/09/2015
2015058622;1;2;1;1;3;976;14/09/2015
2015058623;1;2;1;1;3;976;09/09/2015
2015058624;1;2;9;1;1;976;19/11/2015
2015058625;5;2;1;1;6;976;01/10/2015
2015058626;1;2;1;1;6;976;07/10/2015
2015058627;1;2;1;1;2;976;09/10/2015
2015058628;1;2;1;1;2;976;09/10/2015
2015058629;1;2;4;1;3;976;13/10/2015
2015058630;1;2;1;1;3;976;15/10/2015
2015058631;1;2;1;1;6;976;24/11/2015
2015058632;1;2;1;1;6;976;17/10/2015
2015058633;1;2;1;1;2;976;27/10/2015
2015058634;3;2;1;1;1;976;28/10/2015
2015058635;1;2;1;1;7;976;31/10/2015
2015058636;1;2;1;1;7;976;30/10/2015
2015058637;1;2;3;1;3;976;31/10/2015
2015058638;1;2;1;1;6;976;19/11/2015
2015058639;1;1;1;1;3;976;23/10/2015
2015058640;1;2;1;1;6;976;20/10/2015
2015058641;1;2;1;1;6;976;28/10/2015
2015058642;1;2;1;1;3;976;01/12/2015
2015058643;1;2;1;1;5;976;02/12/2015
2015058644;3;1;1;1;1;976;06/12/2015
2015058645;3;2;1;1;6;976;12/10/2015
2015058646;1;2;1;1;6;976;14/12/2015
2015058647;1;1;1;1;1;976;01/11/2015
2015058648;3;2;6;1;6;976;04/11/2015
2015058649;2;2;1;1;7;976;07/11/2015
2015058650;1;2;1;1;7;976;14/11/2015
2015058651;1;2;1;1;6;976;12/11/2015
2015058652;1;2;1;1;1;976;10/11/2015
2015058653;1;2;1;1;6;976;15/11/2015
2015058654;1;2;1;1;2;976;06/11/2015